CREATE DATABASE  IF NOT EXISTS `seaports` /*!40100 DEFAULT CHARACTER SET latin1 */;
USE `seaports`;
-- MySQL dump 10.13  Distrib 5.5.16, for Win32 (x86)
--
-- Host: localhost    Database: seaports
-- ------------------------------------------------------
-- Server version	5.5.28

/*!40101 SET @OLD_CHARACTER_SET_CLIENT=@@CHARACTER_SET_CLIENT */;
/*!40101 SET @OLD_CHARACTER_SET_RESULTS=@@CHARACTER_SET_RESULTS */;
/*!40101 SET @OLD_COLLATION_CONNECTION=@@COLLATION_CONNECTION */;
/*!40101 SET NAMES utf8 */;
/*!40103 SET @OLD_TIME_ZONE=@@TIME_ZONE */;
/*!40103 SET TIME_ZONE='+00:00' */;
/*!40014 SET @OLD_UNIQUE_CHECKS=@@UNIQUE_CHECKS, UNIQUE_CHECKS=0 */;
/*!40014 SET @OLD_FOREIGN_KEY_CHECKS=@@FOREIGN_KEY_CHECKS, FOREIGN_KEY_CHECKS=0 */;
/*!40101 SET @OLD_SQL_MODE=@@SQL_MODE, SQL_MODE='NO_AUTO_VALUE_ON_ZERO' */;
/*!40111 SET @OLD_SQL_NOTES=@@SQL_NOTES, SQL_NOTES=0 */;

--
-- Table structure for table `climateemissionscenario`
--

DROP TABLE IF EXISTS `climateemissionscenario`;
/*!40101 SET @saved_cs_client     = @@character_set_client */;
/*!40101 SET character_set_client = utf8 */;
CREATE TABLE `climateemissionscenario` (
  `id` int(11) NOT NULL AUTO_INCREMENT,
  `description` varchar(255) DEFAULT NULL,
  `name` varchar(255) DEFAULT NULL,
  PRIMARY KEY (`id`)
) ENGINE=InnoDB AUTO_INCREMENT=4 DEFAULT CHARSET=latin1;
/*!40101 SET character_set_client = @saved_cs_client */;

--
-- Dumping data for table `climateemissionscenario`
--

LOCK TABLES `climateemissionscenario` WRITE;
/*!40000 ALTER TABLE `climateemissionscenario` DISABLE KEYS */;
INSERT INTO `climateemissionscenario` VALUES (1,'medium','A1B'),(2,'high','A1FI'),(3,'No CO2 emissions increase','Base');
/*!40000 ALTER TABLE `climateemissionscenario` ENABLE KEYS */;
UNLOCK TABLES;

--
-- Table structure for table `climatemodel`
--

DROP TABLE IF EXISTS `climatemodel`;
/*!40101 SET @saved_cs_client     = @@character_set_client */;
/*!40101 SET character_set_client = utf8 */;
CREATE TABLE `climatemodel` (
  `id` int(11) NOT NULL AUTO_INCREMENT,
  `code` varchar(255) DEFAULT NULL,
  `description` varchar(255) DEFAULT NULL,
  `name` varchar(255) DEFAULT NULL,
  PRIMARY KEY (`id`)
) ENGINE=InnoDB AUTO_INCREMENT=7 DEFAULT CHARSET=latin1;
/*!40101 SET character_set_client = @saved_cs_client */;

--
-- Dumping data for table `climatemodel`
--

LOCK TABLES `climatemodel` WRITE;
/*!40000 ALTER TABLE `climatemodel` DISABLE KEYS */;
INSERT INTO `climatemodel` VALUES (1,'csiro_mk3_5','The CSIRO Mk3.5 climate model','CSIRO Mk3.5'),(2,'mri_cgcm2_3_2','The MRI-CGCM 2.3.2 climate model','MRI-CGCM2.3.2'),(3,'ipsl_cm4','The IPSL-CM4 climate model','IPSL-CM4'),(4,'miroc_3_2_medres','The Miroc 3.2 MedRes climate model','MIROC 3.2 (medres)'),(5,'cccma_cgcm3_1_t63','The CCCMA CGCM 3.1 T63 climate model','CCCMA CGCM 3.1 T63'),(6,'reference','Reference climate model: considering there is no change','(Reference)');
/*!40000 ALTER TABLE `climatemodel` ENABLE KEYS */;
UNLOCK TABLES;

--
-- Table structure for table `climateparams`
--

DROP TABLE IF EXISTS `climateparams`;
/*!40101 SET @saved_cs_client     = @@character_set_client */;
/*!40101 SET character_set_client = utf8 */;
CREATE TABLE `climateparams` (
  `id` int(11) NOT NULL AUTO_INCREMENT,
  `modelName` varchar(255) DEFAULT NULL,
  `climate_emission_scenario_id` int(11) DEFAULT NULL,
  `climate_model_id` int(11) DEFAULT NULL,
  `region_id` int(11) DEFAULT NULL,
  PRIMARY KEY (`id`),
  KEY `FK6D2A9DEBF00AAA5A` (`climate_model_id`),
  KEY `FK6D2A9DEB1E25895D` (`climate_emission_scenario_id`),
  KEY `FK6D2A9DEB3365D05` (`region_id`),
  CONSTRAINT `FK6D2A9DEB3365D05` FOREIGN KEY (`region_id`) REFERENCES `region` (`id`),
  CONSTRAINT `FK6D2A9DEB1E25895D` FOREIGN KEY (`climate_emission_scenario_id`) REFERENCES `climateemissionscenario` (`id`),
  CONSTRAINT `FK6D2A9DEBF00AAA5A` FOREIGN KEY (`climate_model_id`) REFERENCES `climatemodel` (`id`)
) ENGINE=InnoDB AUTO_INCREMENT=21 DEFAULT CHARSET=latin1;
/*!40101 SET character_set_client = @saved_cs_client */;

--
-- Dumping data for table `climateparams`
--

LOCK TABLES `climateparams` WRITE;
/*!40000 ALTER TABLE `climateparams` DISABLE KEYS */;
INSERT INTO `climateparams` VALUES (1,'Hotter & Drier',1,1,1),(2,'Hotter & Drier',2,1,1),(3,'Most Likely',1,3,1),(4,'Most Likely',2,3,1),(5,'Cooler & Wetter',1,4,1),(6,'Cooler & Wetter',2,4,1),(7,'Hotter & Drier',1,1,2),(8,'Hotter & Drier',2,1,2),(9,'Most Likely',1,3,2),(10,'Most Likely',2,3,2),(11,'Cooler & Wetter',1,4,2),(12,'Cooler & Wetter',2,4,2),(13,'Hotter & Drier',1,4,3),(14,'Hotter & Drier',2,4,3),(15,'Most Likely',1,1,3),(16,'Most Likely',2,1,3),(17,'Cooler & Wetter',1,5,3),(18,'Cooler & Wetter',2,5,3),(19,'Baseline',3,6,1),(20,'Baseline',3,6,2);
/*!40000 ALTER TABLE `climateparams` ENABLE KEYS */;
UNLOCK TABLES;

--
-- Table structure for table `cmardata`
--

DROP TABLE IF EXISTS `cmardata`;
/*!40101 SET @saved_cs_client     = @@character_set_client */;
/*!40101 SET character_set_client = utf8 */;
CREATE TABLE `cmardata` (
  `id` int(11) NOT NULL AUTO_INCREMENT,
  `creationDate` datetime DEFAULT NULL,
  `picture` blob,
  `value` longtext,
  `year` int(11) DEFAULT NULL,
  `climate_params_id` int(11) DEFAULT NULL,
  `climate_variable_id` int(11) DEFAULT NULL,
  PRIMARY KEY (`id`),
  KEY `FK8CBD7C65201EEBA` (`climate_params_id`),
  KEY `FK8CBD7C65B7D2D10B` (`climate_variable_id`),
  CONSTRAINT `FK8CBD7C65B7D2D10B` FOREIGN KEY (`climate_variable_id`) REFERENCES `csirovariable` (`id`),
  CONSTRAINT `FK8CBD7C65201EEBA` FOREIGN KEY (`climate_params_id`) REFERENCES `climateparams` (`id`)
) ENGINE=InnoDB AUTO_INCREMENT=7 DEFAULT CHARSET=latin1;
/*!40101 SET character_set_client = @saved_cs_client */;

--
-- Dumping data for table `cmardata`
--

LOCK TABLES `cmardata` WRITE;
/*!40000 ALTER TABLE `cmardata` DISABLE KEYS */;
INSERT INTO `cmardata` VALUES (1,'2013-02-01 00:00:00','PNG\r\n\Z\n\0\0\0\rIHDR\0\0\0\0\08\0\0\02\0\0\0sRGB\0\0\0\0gAMA\0\0a\0\0\0	pHYs\0\0t\0\0tfx\0\0MKIDATx^XTYܙ93w9=3ӹvjmΡŬbBDE1\0\n\n\nb@əʉ*D0\n\n\"6VeG-`.ٵjWZ{{oZCByS^QW>OyES^QW>Z>AM%T߽d3T}Bxjh@DH/y,lZ\ngE%^Wŗ<r;~.$oʙr\nd-T}5Pv:a<o٩= fb8OvBշy̍jWH&\0fZ0q4H\'H|BHqu\0on1Z@շm-^t\r[{SW+Afn\Z nWT¡+9{#3u?8wTzMWߚp\n[S6H+]Z!\"x$@v)Xˀ%fnnrvvӞ\0YVct\"\"yL\n}V	pvvTQÆ#\r{Sn!;`%/- \Z[2y878\n.(Ёr:H#6~\Z#!GJ6	*:ۚ	e\0&^cGVa̤QK-:~A^U٫uN\rSaTq)D=H50a4D3n}OVeT{g5usP)VшTr%O r\ZNyacͻ3D^\r\0%sF9y+><U~NV+6\0G\rNrm0TnK0x:gT}@073xO{-Rt\\4ds\'H3EAN>6\0ho8*o{ʲu/P)Kw7뺝k;mv۲3ؒ-|WYCEIkw:ۺA0є,o\n\0껽]z^_#u	U-\0\rK5~>wSH\".]||?e<T*mu(nk\nO\Zsxv/193|m\r<0IT$BO?D{T}ޠ\r,޴}eU1Sͬkh!u<4KTKBH1(bNk21?_z x# \0Lǔ!:\\,R)w2u`H1rK_iW\'ޭU\Z\0Pe0J21`]+Oďeoy &c R9%-k_R7pۄ>\n!C.߮|rWsgeħb%Ǘ- \nq8+uqSjN]<oa1-N-}e[MZmPㇽ$ZguLP{-<5tϩm>^n?#꼪!?kBv^OFk\0n]s6/\Z0Hpzx o?pVvsaK6I&q`+F}GߙnCY@T--!a9i(ԐH\rzϚ7uUG{~6;,XæzOcL\rvB8t%:E\'91zs^Ey{RYf1KOr>ڻvZHôU A[hTGSS2^Bu\\ʹx0Ki\\;=T}RGPOqvUrOrv?&\"Mi6k+hrOWYg\Zz0j@ݶ:TǨ ^ҝUp\'Q\r̡\Z7o>/\'}<bSz6`Պv^pC/Tv>};aϦ0\0-[Mwnٵ\ri)OJ\rS-f]sѣo#*>pAcvK\0*+A24)^*zȥ(c*}&8|Ʉy>3R\rG}Nƨyj@Зݞ	Wlf5op⊏N%ae&USŋnG	17v&ep:\']\\%sY~̹216EL\\\n$vmeu]ߧroq4I3˶c fwAovm\0uy{h@jI\nPAũ>QK*~tȶG,Tl|D\Z70˦}\nU`Xԁ#y\'!ǆG6\'Ep3}@g:YO*7_J 6wbg-L>;0!ks[_ϙT0vѱ&@U{NtpS}WFAg^bƎI>vRE7m4>SLVAgD3ox,(E}އ7^YqU@A\'<z!*Ω\nl{};ۭ[i@g95㾨3ַi@x츐_N.S)?ʁMZAݰnEk%6B|w?iᨁo綀DY\r>`Ptuyڮz6wq]RA\0UA9:˓:z(@M{.@>;C+ڍS)?cʽEmiTk2T=&a5u+t/ޢ6TZʵwlP5ݷЋ`>\0\nnK+-,\nKol]#h5@&[HB0䴂n`ʹ]dgSLc\'T}_\nN]r9\0Bt9nץ<+x##T}ƈ)e#귃<>oOx_!F}@g(c&xbaALЌ\"rlCJe<c!kR\'IHylh|ւO\Z\Zl>\n|o8$-U\"7|\\db!&Uaj+~2ZS^􆧂KnX(*\n\Z,TcC&֧S^\nTGnޟhMԅ=X~FKT}K =p4x/XqmqikB>`7]-/p,s\0ܚʸ\r[fJT}Km=;X}<Bw]-d.yvnf1P#A8bےNtn(wr{Q3\rܼ 쇪\"{nlm,i@D՜@Jam{\"rjȄSGS\'Ιjjx:!,@tr$&Rq=}ϼU%.1\\5j洴xbPTSgwfOsR+gBkҮ; 7L/X0TwVOI^lV~w $dwfY%u=P_	$E?.`[ُGgV6Vk$^\ng_iK%b`,w;t]\nYEf]:?3oT}VZu+6/i`P<(dFƻ+ÀK$)i=i\0q~COgo7c盐<f*pr\\Q\']k؟Y!Y~H\ZpfT_}34X9*<[CcqDz(n4|>c~\\eĚ=LZÑGlƨfB6_i (:>`\0X0}ݱ>}p|M|:ֽwR_hViNWB54+>Æ-KOTO>\Z^giox^lz\rTb>h?\n@I-D	8mm3\r/(<oȐ!#[SfX\n{~rɊeo\r/YMdqqR}9_׎\0[:1\n<jO=wҢXo\"BgĘ:2g	BPȨq[wyw_vi8_I.3t9|d#a	Q]~Q	dUiwďoلK繒zr#>tl\"CxP/\0ݲ}Z+Y<fgVu*S[r2SW6M,4y+d蚺7װN8Ƿ$9v`&8,3~3PM7u$MpY=6x3{&ibэSC7\rQاWآ]fÅ2McgwۚTcT+?x;U 6ԐR^Hﵢ+TA-X6t\r9uǄE	Oȼd8aZ]c񿨑UIiYCv5E@H~_r\rﴼ|A?r쇎%Ao]\rW9.	͔|*AI%0{Ze?kHKnT\00_6ޔ>Ԑ7uE^ٜcG\"%Uc2Wm`0$+)v\r9.q-(\nz)8YS]D:1b{B0M 뇙6vUUSAx ad[l|ǄglɡCyϲ#I!6L- uڅX7\0Zso/k-6U@K:8p\0P+9σh1C[ay	K\"\ZmszP̳x\\4vP	+]62=S,b?uDZ~ `l CЕcgv\ZH4Kl\ZH]MWokʁtrnCs9n8z1$6\ZB~h#.GN8a%R~߂Z\Z@Q)vgT]\'<A{15`Ew?dbl+P2T#H`kwUG; +j/\\$_Cէ6`|^h眱?m-%Jj.<OP)\rxBr\'@9>I0U7mٴ~\'ʫ OZeQ)߁*pBB{ǆTM`5 Qv~wHxX|eg.x)S-UO@xjH{h9nt`끃]2j0iVRR[	Lݶz1òa1WgMlA5ic1Km[PtsҪ=vlc7b\\شUO`j|SFl7DR9fڬ}gNn?2oPFl؊1?;\'9`u 	_Sd4=B\nk/]Mհ~\rͱ[*{:8yIm~~`Ci?_g?F=Pk6O20͔CP\Z2FށvP`Xf<eH2O%Q}V-p\"UNPخsO\\oYFZϕX?\\X_\r<=[@؝cU\"-l\rW{FcZт.1&a_xi\'YlWNN@11[fQznɿ)f.GA9SWXo݊Ӷ*Z(qݿlٞ\n\0iҋk\'BqduKu@T8T}f @1@2溯aniqײ3\"Nl(eDSJ_@շ~$ƶEOؑ6va@,b3[`&ӜOW[B*@VI.0B@]6}P$p.>>=8`\Z]&S|B,S9]PpnwRϚ>SM:<nʮƗ\\57C\\UZ2wӕ$zO|YCշ{Q޶G&1_vrܬ?9#CҕP;?\n򻡠އM5Tkؼy_}?L#H: OLsY5SO(;z\0H(gS]]V^)od:~h<e=jZE\'k5բc7tNkA\'ZTNSezRIT}GINn.6˗bGgWc֩YwCe55P lh9}<W>jg%z,6аsH\r];<~p	zbnfMI({{U#EցAѿ׻2x8l1v|1˥Ι\Z4CN?t\03\'7F=n9\0׸ɟ/%xO\'TΖ~=TVnQdv::|<So|ǽxF֨7u1o/?4O8u1iޭz@XdfK/6%SM_hWlN8oX\\1u[CEU@:D3?9c\n5sGMn<3[zH[fs_]I$<gK\ZQ+prv¦Õ\0Eyo~aW^6v?u%_:T}@v6	=Umqp;HCvOkBt\nڥ.ӧpu]$̵/WDA#6J?gxa.I ҶKZ;DĴg?\ZHPdscnyOw?iP50/1]FȀD]q;\"(ƥFȞuǸ>m\'%xlL{pGnp=##^4l2{2&Yɹg5^.\\NJU74i1d3Րw2\'g~p5)N~Xݒ}x2lS)/[\ZiPFS)9>- QswechI}lހCYrwdӑS6ׅs|+Ȝ=휏\\?¨v<\'?R˶-&I}lKA%=[~{*\0ˡޣאi+ 0~t\rn{x3Zy[\0A{8臨L	:kmSTĻ\\>A?d-WAl{QS9( h *9,`!N[}C<#/6<!τ\"%5rEPt`qA{uOJxiOA~I3YP:8o\0C\'A	|J˦895r)qSezy ({\Z&018XL0v+i^m #X2CpU{Rհ;=ǧRpav]:xVTS,A\':8(rp\0(c\rGs5A!XvA|{\"-\\(x0yH&4\0\nhcU}p߼`㖋xT}ZH\rpVV/`Ssw	!nՆLtk2~ؗ*sygzP_\nFE_<q{Q6: dv;Ƞ,|0ɵN=l,M]XgoQUSx\0t¶ݍ-b9XzzPk2i\\ϖt0Aշ\Z(\\̱p`x^oyA߃o5Pa#.trYj4dTb͈$Wr\0@շ&$ϜoÊI$f-\rG[4@BY{Hګ?w\'s$!q5X[~a$+7l_Yc܉ƼqA:T-=,[~7.splziA([r-	(GI[^e\rWǌ_.-	ׁolJX?x鐝c\Z[kH\'ze}o}= o\r5_̗C޴0oaԯ1$=Kէ\\PփKW=xqKf\"T\ZMOWBqQA# kY]~<gW3Nm)=S~~TߥdbľASt	Nsʂr		>$\0Lh0yμŘP>gPK{U</4^cE?k]\0R싸434ڍ?9w8OЙCX\Z3s,~.iH뫆[滯ͩR<|ɩ#}]ܘ\'1qeQ3==uaG, Ғ؆y{T:[R`Q\'uFIMo\Zb\0dkr[b~X`tl%%ט-V (֧7tXӋUKf3?K_|_Ϸ/no\nT>;$n1 o|WΒkdK/K[~g&2?-2i\\:σW**2>鉘c[ΗvO5\0pDc;wɟ	w\0<55\nU\'](VvK=|r߶Ag%w9Ŏ{*&0- ͐	;]W#8ڳ%Hۡq&A/ViD&ųWy5JF|[5=|1-/ZO{<a_pخfK#dMN3e1\nE\"<	wE]j\Z:_~뿽S0o-`Wq;OEΞ;}#7\rhZQ}2tK__U;NaݱQ(\0n2#J&*9-k5+?3bdHTG;dȐG+Z2\no~8,\nk6[mo}XC\0y~<)?䍦\0/9a\rGGBIӏZ3kTpNnc㕱ܸYyi`5kX?{whL1?\\̖.ϵ[5i6u\rϘWQ` $t\'qtk>.H&)_xFx\"b/ꓝĀR(W]KHt;\nNA+Zd`A0Ɠ\rK&wnṊntamk݉r\Z3j;6oLz_#bz0mY+9=έs]7͂.8t-[tBKnHB#[AaF{c6ua4UͶs\'B/kAŝp^t;^KQ\'k$ Vx+>nYi0rc|qH|K۶s+}csw,oQ\ZKl,7$G\'3mQY;:AIj\'1an_Q.l\rݾqWȘ5gtjmΡȝQnWz2<~!=y7F;}m̖7%9~\n}ǫ>Jx<n\0*[.t82/Xz`Bo^곇WN}}\rbyVݜe3퐏N4Hlbf}CgnT]1\"ݳXb`sVp8-.}WX@oQ_AG~6n=űI$Za6?8S٧=nz͎njG\n\"olٻ9k>`v_\ru_(r_l/3~bhyeK\'{R37?@#k6Zl>{@Mz\\pVǥk$ϱ#5LfS?e:0espͬ]GB͟#j\rLI;A V%/\"uإ~N\rHpVr~b\01@a+8-brU}CPKɩkK({D:7EFlu3&jIx+[Gn.[=xņ\\\rVˉ>#,އ̷+X\\Uz.5-$˙#.=#vع}FCNf)T9Spjv+su7iӷAgݎ$=^yVτ%pFP|}ffcQxxV볮euZ\\x\'ZӒ.		mW8^ wݶ~$<ci⣥5ltٌ[MLq\0Uagv9isv8-]6@0\\ƈ#<tBZ!W\\\rѰr,>ŸHV*nF-^9τb-U0>V	@l;,t/8\Z?aٵ</y`#uwOU\Zs|R}jy6?k$O.H|u``	n;&i38$Zpâ`6`p5 l=ۀ`^eL}95تGW|/R^\r]ZȊ8kћOP{x*(O[4)Xf!\nyJ%Gx/5;ms8NQ(*4\',?^m@a7yzC`|-w{@]k;slA%P~Ub\nOՠKo5[^+WkϡG1?/-6@:W!nf%ܥ$	BsZAJupGip24qI}\rxwp]\nZ[ܞjE\r1*>(z 4𠝲->&mѕwh3\\Wl^:8\ZVwxWw(zF\nϧ?ka]uKS?y\rm[W_m\0UO|C<\'<PӖe\ZGP>gĴۧP>pf>WyyUFTOƛYd:@E=rc|V稏lJ7O1kPnA.pvƻ=MyLmq,bQ^g6IL68n}EI3z\ZSZe4K3׸ŅMP\'jsshЇTAo\rb>#.Oeb|iVp=wEzϞ6no½6$M~CbMUb+\r>[CE##a(uWn<<&w\r=s=Ž+GM/zMUAO}R~qkf?o)i@r~x/0KjlF*b	}=\0#vgRi˻X̮\0\rx_ߑ@qi~8TcfPeM o];	늺`떕}So79pX|z<?]m[_7AZr4\rѦ/qC\0܎	ͱ|=4%Vq=*{ܙ~4aR5=ꄼn17L1c؄EAwz I\\o\r(IQ\rZ\r7\\Oj7a|mn\0_XcJiYXm䄉WK\\WD8Pv̙\'8ta~{R^;!)3gO\',\r8̹z1tFqnI(?n%\rub7jȐ!cP{e&F_̘Xy6kjG~1<k^\0@{#T_~n~\r@]kLRwiKwg\ZaJݧ}j)X&esOp%g\'r\nd\rۻѳ+z?yo>Qt@Gm_o,\0p_sbKN\"l56¨օ٠v>^tG f[FsW*/mE5FMfI`_ZflJm-Ŝ}wwƕiM;>+;+ZiT͊n㔯v?sz60;\'5:ma˗J	7IT\0IɫBvy\0`qq&@heՔ0\rpAQ]N+L\ZBogR)>Bv#EW\rߴW,D=PpKՔ{IRef{a\Zb,Z5cڡLfR,mxumBTz;d^?{ݧd{?\"p_*ʭǫJn?fwC8:\'haƠKՔ ݁Q2.P$&1t_Xha;DM;8S&0Z1a\n@h]YFI}ɮ&Z)K=J:oʃ\'\r 1`xa{shƦָi{5ae;oHb\rP	2O=4#}?^Fz\ZUfg\\Uϒ[}Wi:A=S&Va53X=흷&ܮZO*F︜gk^Ə[^>a:\"ђFz]fШ)9+vM/)&va&1xo-a(:]VwCዉt\ZX֜zv@A3%Ea<x\n\r\rHH)$,Rw-<.kE՝DW_,Q\'i.!X?X*^/1h3~pǚA[_&WirjOtFN&!S\r[ǽ+@I6}pW_+g-=ckJ(IjH|t{BB,փsk3#b]Μ%8<~M φ37혻wdٸYm.1 4JC}m^;H@Ioߏ=y%2ҜG>TZyQ3-C7ǀPx0BX>xi`Kn>;2\Z>.`x3%c$\"np^Sۈқ$\'>ױx9cSeڄFb&IOFp`^\nLn W^0#\Z5_mͳݹ]ЂG90ZfٝȑgxQMܬ[g@?%S,o-3>+Tטӟƶ<e঍@H\r#7{:m )/{N_x{|PW!V~dk@qϣ[a]VA S_Sn\0~\"X>ڀ껝8eQHcim[-#M&ߣ!L\0Q>OhXGgl	xPx0iUK\nc1ɶ%OWvQTXl-#h\0r6Եf@lO`1\03ϸV\rvt;]\Z(7u`1ztt>~9t,,RA98Jj༢6QK\ncl\Zց(4bCU\09{.v,/m8\0\"m^vm#Pj}DL	K$ee~\r[x{zgUC\'T}X[-%.\Z7{QJwM>{$i҉!b1E}CD~tQ#խygW8m͐LLd!=V[Y5sWYbr+\r eޱ0U2\\C6$l/)w04+郃W/9iKknMɴkUX\\Y4|1	2kf +R7fב_xҒz\\&7A+Gwu@>- a^-<0y3r?\nSo^nHS}0bJxӏ;3icf.䓏A)~1훷G~sTH4x/O%ia<|jl>!k/ܪ:(4_{w;yj .=~uC%`Un.7a\0Vϙ7sm\'e-T7._9˔/u칅di\0IսQ)7=Kק\n_\Z@MWQ@VQ#Kj1nM<D~53⮝ݛ3 6|嬭NU 4aK\0㄂N2ځ+7\\ؒyzt\"7q5!`:zE7\"Rm8bkɠ\ZQOkPZ2ٜ	,H.iui7}G~1xϰE}gήC!%mD}$f͆\rS42O\\6Hι85F^dY슕\'7,Ll\0^uG1@A_NW;\Z?_wJμ>fX>	Nmڹ\r$WߘCN7W]hϞCxk6m\'_\'ԓD~Rje2|?QPu\'KZ rR\ZZg|=zCXFcEM~?;13\r bL[A\rw&[L7N.i^?Nm.f}x?\'\rwU-*AΧ\'|Ŕ+V0# d>Y:Xul]&T*/(Ϳ,l*Μ\nDNmIENL A\\&㱁pڭ{nܟN}OK/\\KfC,P~o	˷pAIsE\\5ӟ-7qzN}I3*ʶ{m1j!{$4$\'())\Z뛴	s%tp,3^}{&/<\nRszNeʆ}>tC.EBz[5ϰd*Nrᢵ-6<;o\0n}Wڲ늡7D~,[:J*Ryك7XsUy- ؼs\n=>hB}T[Y<0y:V}	_Pm<h#.g\n\rnd$+=c[Ž;QTH?\0\'3g^2B!X}M-yLNoqkI`*f%I0Ocb+(\r2>7.cy-yFU~p%mrAfuWmQuɭi3d֒9Ct,[1		,4^գk^\\3>SM5=/[o񫹋EaOU`}+5(8F19\'3c@+kYE3^3mYH}5$V4:A<\rG(`2`&{@;=A\'3́\\b`!O\r^4x%@nIʥ2̕\\E6H\n+CLƂbCF|~\0rq}\0=5;@<mGݴ30#5ӂv1zu~|,9T-2`#XkJ\rXE Ur\0c8\0EA7t~;V@u8b%U-x\'Ȏھ\'4JzY?Wm1#h?=PHDhV͜dGO9.H*\r>!uÑ1I@AQX\Z9kŷ6z?X`FͰyi馁L/pcGFnɔfGMpӾ-mNB=93\'S<}W[:Wٚ?x~eX\06ޤnKg.{ᏖuׁB$dڢ^D5KSGrj@fպ\0c3\0qߖ5g\0*;J}o%OP%><\Z\\7Y\rE#\Z%#@k\0\\v3j6k˺u7(8g2\0LXJ\rWx:oK=}\nx= ?evz8-v= kP7>D׳oҙc&B71:w0?aK{ǋɹ>v*Я3>tBeWZ[\0wڌ=7S0适4a5Ε:)MO|RD>q[W]Si<b=p`CR@Le:z_֐?qDOݯeO.`Xx)cR:1Ptl*g2|?qһAeq3(]M^B!$E#SDa=9\0L_EW+WG{T+0Yxʭjg\0E?\'.sxuSWz?\ruLa!|.t\nO!N{XLfQZ\\]/qKU9yM[f?{cȳ\r)$VVzy+JbfV(D˖&evd~U>s\')*谦Xy3=:-\'D	4[,c}ǐ;/\0Mǯ܇}½cb/fz3~A$:8u񭒸\r{{\0+לru+\'NT\\wm@TߝΡ1*E[oM{0jzvt<\n;`AwLƯC?,L*rf2htOjyQi;=P^rR)#7r; pkɅ@[-^xׁW0+j25uSٗ5NE ^ChEc,Oh~vc=K,1kj@6j!x~|G)/uWjx6b@><nvuqu;c6- 9zy121)R\0vC1*_\rr)7uԔo5yZk(omN\0 bĐ!9ȫ?kbo|crc/R}#@]{6yz4WQj5FZ0;/&,R\Zd\0ŏto\\*h20M\rR3_!+\Z$OX\'뻋\Zee9 zĿ\n\0|wY6G7[_n\rik먏DQZԊ&L<bԭBK2 䑗ܰx)fZe<CBkk_k{g%_)oZ*j/y\\0tw7\\9q;[{RqSk	0nA_x}eR==޼[q7BV+|\07\Z:rES1}vºLyi^~hՓg<;o\'GaxӐK<\r`ЂME޹5eSmMVtGfo@:}˪;&iJ5.FmlU܎޹cְﻟ8W8nе/O1zN:3r<#Y\"_nKa7n{nQc.?b-<Ա.FtVWQ;C/^߻1[!+&ltbPE 4&\nXݻ<e\rVPO>^,&XXK1~%zr od.;1~\n.ˍO`\\K;P~먿Pz(0B	e5	r\0K@\rE\0?&$ex_5j;߮jMf	&BqolڍE<\rw,\0W0,Iضa?ew9?ǬVr\ZPޖX;s[WQ\nQy=MxL9\00[*a`xaL[Vp:+wzg]Ǆ/VZI/#w)eG%:[[Bܞ.Pd\\lb5\0ͨȝg͔	4lI3w`j0:bXA}Ĥ@\r97*s2o+=S\r_68JS7o{Ґra}7\ZyPu7TdpNz\\-7sD7Z*9̝4sXi\\J?be7YwVlKqhŢO;WA\r+xtM$\r;6Q#H|,?\rD˞lq^tmds+	)Fߨ_C8]Mn	&03֐y6N@$ ^^u\0LIZ2\0z	@B0z2n]n9ͧ&6p\'Z4@@D}<bbcl6pLBH/S+* ZrcoNv6i\r܆ܙs\\,|RbY\n?\r\\dܴ	*-y0`gK]tz@b}ysoO3织Wp_Dg],}[nw@HfS3!\'6Ã<O 4t.cN(R2ut꺙5?H\'}~^=t3k\r \0(NˑSP(EO.+a\076o5v	|33W9qo(l\\\nS:kxz^srDZPOQ(O/h15§ݒ?B} d1CkJS؃g0NuRBa9T}+\nUBէP)(T}+\nUJR?>P\0\0\0\0IENDB`','-34.5,151.5,167;-33.5,152.5,176;-32.5,152.5,168;-31.5,153.5,166;-30.5,153.5,164;-29.5,153.5,163;-28.5,153.5,159',2030,3,5),(2,'2013-02-01 00:00:00','PNG\r\n\Z\n\0\0\0\rIHDR\0\0\0\0\0A\0\0\0\0\0\0sRGB\0\0\0\0gAMA\0\0a\0\0\0	pHYs\0\0t\0\0tfx\0\0QIDATx^XT׺{O?99I=91=ĘhXb｠(Tҧfh\nHkoɠy={̬Z2*O`Tf\'0*3	G9S=v^ʁ-Xgzʪz( rVp\r`323C7\Z(aEa*@m*kdTfFe߀3.\\)2w3uf/QrOPV#eo;MGnuyy$.0F*j={%9- ᕢ3j*@ RZo+|gèlP[Bjɚjg|C%\"0Zu%ZpӾHCC!2cY{-vi텔<ʦ@\rz\\n͸L4ԧKĬ-(#?0ʅkfL:eԘ/׹n9cb濢2ꁿxݪr\\63*Dbl\Zpr圃6	I=Tp0Q¢62ܸP_.<g\Z$A2uRlQ~p#dV3v^~^x~~aT6%bn7GX8Mp?xSN\r|-T|6nn5A?<47*IKBA*oJ@EG1`VQAG<Fp%~ewс5~\ZFe@6\ra\0T2/q}3vƅܫlv	Y|ϿT,Cf\\((}QKr[*!v0U]Q:dP;f`JP]:c7jz0*;([9- @v3䴁v7X#7\\匕Z Tx9ݼUb(r}9<[&{YlYoA\'_Ȅu{K<&wʍkltp{lKWnuf`0<n1V#;6{pӢ@ׁ]BΘL\Z[x,%syƿT+@\ZnuCzieBYUB,!IHs2[llEO#4eQFBgǮƅN\nU,0oT #6=+\ZS0m,/Z{V\\C?~]t[>pc g#\ZW_\r<~,$kU VQ?C-4d^)Ց5Чu0*t-b\\γI1x@ K\\VG6H-3\r\r%zt`duQYPӞI<VRxlՋڼlۗRNcx.R6-Z|ˁlxz*VCZyWlY^\0	0~:Г:+)B#1\r7\nOKܥ.8NkPo9گx._شnk~zHT5]DOQ`t45Hu|gi߀5)w,2w86ذ>[**Cx#??c\"T؜Z;~r}PFlrG[?L\r-o7,u%a[44p6\Z_!sտ*\'lJIhȖϙ`iY:Vъtq 7@NFg&<a̝;hy<I ΛR9u$63\"/,a\rD_/N-\'\'\Z9j+-o\'@~7X$1jm+eu؀\r:oϺ\ZM¡(a9\Z1ɄY?CTBn-dlްi([cG~70`|&4?:\ZH-`Pq|^8髗?\ZfdFe#z,]a9vsܬA6]1f=vNBMО:rBs5j\')\rF]o\\\n;7Ujwںj9_\r9mtlOЅ!3X\nFe#/l5]cYۚj	vYcUXy.nmIܲs&9E\rV!!79,y{.>zfJf=z\0Mz߸QY`PA\"2sva#=1qCuval+@~m6\'xUVEKr`Q\Z\ZҀ+rl?N?.p	ǈq󊿽w[ɐ_`T7*Xv{\r$cLeJNzx/\Z\'mK^BKäwIoLLJz\\pvιw:Feu})V.Rxw\nfX:L_<a.ZkɍJ<k{ i$atV>%gkBM\'AoTF(@ssu݀O\0Yp\Z@e`T6XIJzEqvZ#(<܉f*=Uk FeÀd=_\"k͎=!Y40Jp%fv3YmFeAWB!Y~h@PY\r\"u@	f=lHNASf;UMPD7mW\0V{x~/Wl~1Jd`T6Xos[\r~$YsouV*F1_7j9&FUξvrs~\ZFe*5*)Ym; W*T).#\rzLʚyVp=߷ʈ!e1R%y%}иjX~^3d1_maoVUFe@wDj} ֆ~*c;zd`T62\ZKys3|:r߸s\'xz<0*۷T[%1&m3FL \r8eixѧ!V\ZsW/_f*y4\"fR K(=l`/АzaT6$X9y䴴߫4lKD~*곯ɾ#Pbug\rzaG>Ecӎ;~H/}Q&i0AYd77TRg>ƻW\nc;W)j]cZe9\\q6߀#U`cj_V-j>!y:0*m̴1 4-+:`==_DLFe#r=wiLj Lj&qi; 0*}ܜq^ 60tu=waaT60x\\SDwltZZo:^3*36kɐyk\"T&TB.w.2M\Z5L_J\"fLz͒Sf	{caT6\n;FHʘZ]+9q\ZIaXST9`6e#?A\r`OcU;_6;Qd:_9hUƄ!\0yg֑~{0*ZB\0ԫ\0RJ:d$`z1Zzn1t\ZFeCB<(\'7y:	8`#1m <zi9-d2##sV{fΙ@Fed_cTP$^>eQ#͌ʆ-+v,\\4]@3 {ERI3F=P\0~崇/Mw`T6XC\"Ő7\nW:!*`[9V,N*iMnJ1=tn`/cpz=F٧lHVC!&P%1N0\nݨ87l\rq3t~K|eR3S>$ՐT3#TcK~Y~^U\r6Ψl0z\Z8wŖi?SadF360+9!U\rٚ䓣yozeY V̮k;{{h,	+n19{=7ԄT*mJV5̠s@A+F^GM9pxlqKUBԐ	u<x8c\"KȌ:_X\r	OymK֯(Q8B%rt(.1ߛjȎ6_+no_N/(HC q^2if$Me&]IĊҕ+|dFe\0{\0S-(Vc\nc\nAr:zcQ9WkND*(a#\'Lß9l-_<ύ[^R4$xA\"f\Z74v/QRpONV	0\0`ÁO#q@.o|#9=6L=5<\\^{T	993q#4baCDܩ&X\'gg6_O=rw׬\'9{DQ0`3d7C?|igD$B+&Q`esOSK[Pd@XZ>\nH[N{F=/HQlvGՍq}})aT6\0R/>9Ԍ:F8[\njq},:I\"c+DJrB=W$#zM3nFNq}WYp\'-L]Ri\\j1\r5y\"Xq4T:TKz?ٌ>](2,Paq6lї<Fe!c*jI~_`q[l}DG\Z\03f\\!*w0%@..NNm+z{N\'λ|K\nTn@0S=ssK;7AZ),ݱacۖvhcYs	ʭZOds{cd2+\0@:65f\0ECNijmF径j2}DhV܉@QGc4O-0}ڊ+EM}P\ZRC%1	~w6:}aL¨܇`eceĹaWZ0͐rſ\0er*4`4gH)ۍaî0*1Ӫ-]T-7T ]9|\"p\nr_\0nGOnhl>@ީ)W\rcQH+#Zc3 V\r6;ʹRъ|OQ\nF(_Dc7\"?L|#H\r[n߻}䤉djfF^S\rFPXL;l7v@.P7%K%\rݶ{T\"SJ1/NI?f\"wo&F2dA)\"y{`8pQA<$3sunY,(	Sa;!\r㴵}\ZlyrABVb\rp)Jl%UDZ\ZkB(91Ǩk`p0&mz\r47oE8<]bcn\'8֞\r0*\ZX\"5l9uԶ޸|V)v;$+U-qwU`{l<#ʽV*vL[g0#rഁcu@j\Z\\;aT5^;@PG_vjZvϳ0˨jeQ r\rĳ9\n1\nsOX8i5`Swr*skᔸ\'|ʺf:<n ^UDrA.\\@)yݪ6\n1yʽVP	ێ	rm_F0O$:.,meT~1j!y<0R~e2̨kʬ*\0Ll=否qIEK\n4¨k*H*iuާl\"5n]I~a;nT!ʽ̭iXz$YIYq*5)vvZK楔VCZjHXlivGe>	tY:43ٷx7fF^q9pClLy>LyH{[Z؛T\\]1rn*M^zޒ\nL|f\rrsBXEMӑGcaT:i/>c\0L\"&!.^L}0!Old>	FAro:^ ue`ʛ@etI#]LK5ݿQ`As!^m̭?Ϙviz\"DSQt͓4d9!VI9238%]d(>=~S/r?xu&iAvLTܚbJw\\?;N7oJ)Oe^KV%Y3 %cQҵ.Foݫ63*n\r8;nR_N\\v\rB4:o^=|\rq\nAaO?5X1}<ϡG=ͨsBAKb\r&\n&^emߍe5Oh8qeV9;_<*~X\"ZO/\'k-0dG\00x\'z75wZ)|`T9<*x*`ajU#w.s2B@P,AnKZdjd`Rxj>~7\"LVW@~3ԕu|哖m/c_{VGE6*ɍ\n&&$!gO_eW<>Iw8E3G*Y?r?~5~6*!<\"`2?Č⦼/4:WRЉK;l{.wl rv,,wp7\0rt[ގ1o`qwj^	j8 \\ouQt>3_`@E]9oe\r[J`T!XmZ\\1fh<ޤNUlK\\d5:\\	Ywɨ9Pѳnוp7of!C01TRfb1y7,\"	69\roJ-(8q룱i0*\'klv*ǛМe]S\nF3|-2S%O+M/oǕT_E	M镲d^Ā{-+?|O\\O4~[dܻC&<V50*SbLƔpcY{YnyL|c\Zb353aK[rjsdɤ\nrY$\\=:G(k%crgu|OQ`jp\"?x\ZtUj0!dC/S9!M`UT;ɔ<UJjL=<DHtS`T!X|%l8ԛdWȺ*ߴu,St;1=˗[\rY\".	sQu1!ʩyFb3{f%0*iVw[z\rfVc$ggQ`1.\Zp&I]k=ܑAmfMFgV5:M TCޣ;y̚z0*?X*rPҕ;-Z U0i1j_H(N/Ad\r8^e=_xd	q:XiV3[~!Ru090[\ZrZ}ç]\nk`m&n=D紒뗌`>?ea*:-L̅7B-,f\\~NwQ[jVÄQE[rSHH-\0Րl2grw@7~4*+ZO][VЧ0*w^<.?uɤox,\nȾirA33UW@D^ZWcUԐ:64\Zb&,X̑״|	3\0ƃpgLjoMbsC6t0fWNpn2maѱ2BqIc.Qu++4 W|)Gj&/l\0^)y0*?3s;X\\t~MdTmE7eߪ1m\n\081¨l`q;w^cfkwF|SWYfP=]?XǈH\risGIaڧ1 <}~QݘaTh3@	O󓬉<a*c*!]ʵjyWY6z{\n6Kaٴ%\09~凩@i\07bv0_#T-LF垃ysLlLamGLϒ5rMχ0*18urԐ&6T8f3Nޒ&r~=F3oݖDI]Ƥb8jΪ%*SiaT~^<Obh+ę䓘N9po݋p9v0aF!<qRTn=Y͘z{ݰ)[\Z-ʽCG۬b۝5<iLxd^:?Y R12z P[xtX%MUV/N&1r*!rT#S~h#ib!ʽ\0\ZbnVSC\\eՐ}nӮ4#i/Z	sf\\W@r3<^CM+@4\0?,3g0^9ՐDNVHJ.XgM=y>Q\n2\">JYLY #D\\ayKH\"-wu&K+Ɲ\'bܣۏm=ks.\'ATZ٘Oa4 9ufJI^Qn5Y}; {	cT~\"t!j\r^eY>6~?a/`#p[@>nҮF&L,YCU#׈_#5\"pP17eĬ	[xhZV]@]HN6\"5w`)k\0դ}D1Ƙj@p,|ELtȻԓ\n\\}jcA/S-sAC59Qm9_MYuV{GFǀܔփ\ng5b5D^-x*6-:?f%Z:]ffW	\"j|,wq%K\rQ%$5֧K\'U6f=\0eÄw\0̗MlLϨ)73[ac(J~ȿ~)lM]0Syvgn{OT&Uyc3yYFZ[[oU6DlߍXJp4۾yC>)v+~P`wGOcfSXE+̳vp:GV+@ez*]kIڹ~,*\nS\r&%+VX6g.Y/4f{ep\"]s_hH{LCͷ\0F};Ί#*Fg+-U6num$he\0W\nERIy\":Z2Hk\'=[ҝIu=WwޡӾr<}땷Zu%,U^5ѧJvu+\\ƫjk9ہߌ	׈fZè[`k`\'4:  zGKaZoϨnc:nI鸟G}!6k/Х*i|*~?~_;V̬k[%n\0FpjI#Lk۱i\"?d^\\B@U$XėVov5VQ[uA㔙ܚ&C-͗צקi.WAZh|%p4ޑ\04%\n%xU=u#þfM {\"{o\r/گ}/tSSGXNa\\d³<C])::j.jby>%ƫ!m+@z40n,+wNƦ?^Um{\nج`\\^uܜurk\\殼@*!P3w1w/]Y*5` G\Z`BOt̑8o~x.h݀ӻ[B\nHI$h-e\0Y#ȋ2]K\'	|<tj\0C\\^Aaus7y8p_O9QԡUq},Yp=2\')uM7x!TaU݁+%iݪ%CƌőJcTd1\"nYi⪭ʦE*=:ņYk쬬g˨6ȡƢ~Ğ	]%9Yrˉ,mӟU\n\n胇Q_5g)$07Yi`,F*SLBo/*rG|XVSX괥@bú=klUl&pЖy*cb0>U\0[NN/<ֵ-Du!;_OJt̸\r֘$#Đ*c/Uk7=-E炦Ծ|:zHhky:Q7X\nc{|YĘ1Xz8εv\\,wa#dnچ9b;^g]Aq[\n~Ar¨-~[è4wy\0|41ӧIgTc\r݈39|%eܚv<*Vac(.\'ԒF0wMpEJLoLXRc\0*c m69F)/\\|X̞}֮,\\yjɥvovRt;zgx]\'\"]/:u}*Pt,KM }=FW\\^U\'zUrC\\ηXyn\"kl^5/.	ٲkuc*5(Nx*gSq\\+:h440)PxK` ck\'{V]XKk lvQ7mF8!=O[XeDG=,}%- .W:QQ}&5ؕi,D<O!8\rmo~ѠE\r<41_N~NAO*c	*hSoTdqNtv;t藝>\"߾sj˼[B3-Pd2欚4st*QnmW@wjԤI^Q\\#zR9l=w\rO=`ҠԱF{@\\QX\nrn u:`bD&c_b{r.yEUBDؕ\0Y+c)?=>fX䱺]^[:-ac;H/U &=P>k%y5ypC= S1PM.^JerΜy!vGc\0U^&/|E}q<u(^˴n߸Z7x=sD^V.D^\rgO1^^ICFyO)XRU\'ݞD̑A-J͖S#8;:Ћ`@t4zW^O2ՐWY(Zȵe=Sx16Vgp8\".T.D\n8e;~9Q_Esۃ\r2z޾6umL\'w+@DW盍ic)Ld~\0rݎ3z̪$VZ i	dsA7>	淒g7:g#iz-á@/42G;e¨LkP	6\\2]`Tn{~κ[h@H1#`T\0mrb5!gUkk:{5B`j}O[\rF;gRSY\r]r1A)ћ*#j`lG}fif\Z`*wyM&<^eMZ+;eO&d<ʌ[-8>[\n,\Z7wO,B}N|4b\rSW3d˝|@?=cTE;Bɢ`8y>ɣuL>Qwl_?pjS!x3|mL2O5YG&G9VhHGCRHd\Z=YeV5˪ J*H[!,*hWAH1~(@n\\e{E\0i m\Z9}2B\0\n,Alo7!\"A6@fYVyV4%\rpoE-*,gÝCUCƴ.~1iqĕe}>}4jIl%|[5BJp[[H1#`<?tւ\0pXm	8c国Qel;x~O?7woKjż%&,7TӼl\rE|·\Z]\\eL1(\07|١@]s1PK\'8wg :\rC):7,zߡksS4>z@5:}!]Vd䩿cV__z\\L+l^	5䱉L%  嵑V@~Q¥6DRCV6:t0Xk\\QU3٭eUZnjKVi}iFϾƼv86s)fV?4/}m?>\'{ֲUSY8yχPMZe{ì!`\nlq\r3i	,+\ry7\\jk$UPKuTzH\r-$p>fFbezM ɫp\r]79pЗC|>\"KXG`AaOL0i4NԗIzr&jqlYwsn>ZsW}|^rIT,%tBcFO*#fճSVlpmr\\g]£U\0#<is>	ܬsx/Y2v,?v@EN:B4rDh\r bNk<,e@{;n ch&U*#&DjLmGѩ,rKVK=Au;l­Nj}!TFFܚz]\\nl5@\\CL=Br(yz}jL[Gfz˽cKXt]1m3ښNAQyv^{PWZq~&B杫E˩GN9\0\r{fǏ0*`2Xkv7{Iܖǽ#`1>Y|aͥ\"\r9m\\FNGt.C-TA9dIn\r/{7|lr3\\d޵\r:v!ԱbB%V\Z+Ov;cӖ<[KMOT3jeU!ڌiC1ր]t&3u_ς[^e822MebrI}=7u*t&yHy.G`Ee򄓡{;HhcWtLsv/Z.R૕Q%ܖAU<h@\0YFm5k%~^0t\ryzVag>@\"Y&V4:+9Eb}OXY97.YzѦ]&r\nRbM2%J->)~Rpt n>rZUS|E6I\\)tW\ru< 4C==9{r=}C/$\'kN.%O%OBJH}XqiݡCfIO:\r#0o󩄸\\%\0`6?uu ґÄ@Xwڼq;eeeT^xPbZo*8a|?Rw)HUmWZ/zsoee11Ťo7B]k@!]\ZE[\\G*c%afkxvw&7T>׆X5k)6`[Ǡ&=[[խbVQRG*c4vzZKPH٨6&s~JGWQ0.zR=LN9*N\\i\0	Nk}&xYOmwl>t]&Tj-O_WL@l`<?:C/?%\r`Z4*TPӚ>|rD2ur`kY0EL競{b\'kO#cel@U\\nY,qrȈA1rWyyfEf~ΆR\0s\'^H?O4z@*#X90e~\Z19\0$	зc?kvnQm|HsX9EumxzA*c(mШ=O-#:B(*`qCJY+t\'Uel7wޥ$&Ȫ!0(r:@[e*Z1lĂ{adT (7J0s\0y>v^YMLW2u,WTc\'}3uބDZsͷl`Z?aTFHیJrQ)nM:~Vㅫ3M`*#JfA	\0t00jsr~g.^3*vo4߮\rLcpLνظ2tXU)f<Wgt005U2lYIf<e=oc$M;,v)^ 611ٍ 2[k7cj2ֱPqE+~]Iy\\#H>0Pi\0׼l`]n&χ]UIz-2\n\"VN7ZA*7u0\r M]OO?clOIp\Z%AyJIY\nV<ބ.Uel/8Y<4v-vt&/>G][6z8v.xRg\\s`+ i3=AF;c:Ue<&\\1:=;&mD:]hvi#ɝ[V#^Kz2#٬\rjR22Ԡ׋YoމSz77Gf}b\rų>v}VnϾ}LS;a,qz;rcJsGUpܴD+n*m$jӗ~9ےUC;lY3<5lon)FW,e頶\0;Ϻh*k@&<Yk_An一Ff<<{s:\Z3G>>(nf䧵<cS!Kʲ7_yٝ_.V k=F*#X:Ud5WJOs~2rbǞy{Ntޱ^\ZC#0`$h\'#* ~݆fK/};q޸h_~DA3,\0\'^v\Z$M(ĭp_,4a]:\"\rL7\rrR\0τ:t: 8jHoavID)PUPER~U\0G_>qڧwӢaQ\'Ǘk>i9i+lƨ/	#&uTFdkˣI+b`:S\"]v96~W\r#ic,\ZtNi2vxʵ{݈L 0)`ܥMl@qqFi80&-95lSn0׿XÎ\0q#qRim >TfoՒ>4c#zMǐvT#aN;\\d\'Y]&	Y+aɫ_Zn3ʙu͛4:L5t Mz$4t3:vc2*ɩF>SI\Z5YڵLe,3u|:An\nQҫL\Z \"]P!9JTCK3n\0_%a\"A{b[z1(d*?17hC}``T OwZi`$UfUCLU\rU+gͦA\']+f0,P9DO?M^QbqJdg˨l[e@\\G_fuqd+*[8κeZe\0*K`v]\\#]Ak:y ش<0zW#.ur3-YcSY9a6Z2\Z\"W׌>&$64\"i81tp>(#\\q;Cz+d_Hv4FJ߫ߎv܊Īt)x)^QMy\nҷ*cc ̯Բ:lҮ8zJW\Z3 Xdnۂ>T^d}q\\m,ڰ3s0X&$9Wy1\Z3}rfGlݱǻsNLkj3fVeI?]~<@F\n~tŘ\03v@Sjs`lʼZ(:.i3!ihw`3rG+Fu &cߘJV80s\Z9}2P럶bNM Eu\\1feߦ\"%dAsYUZְf9\r $fL$p\Z3{7#;ڬ1}2OF$J5|P+ē|vͽ\Z/ӳ[ipc#UF21a?|ue}22Y,!#Fcч&$GKxDrHkȔ=K6_*R	U>@*#\"5aC:8$)AX!Ç`h\\32Bl.#A-\n9B2\"i@XĚ:cX`6=6%2\\ͲDNLVӥ]#@Aeo9!mbcC*yfyU\0rЃkZ@t#W`*/V!D|a!@=cdz/v~2gOs9i\0[Lbw@n;e4ڌǦT.I=nm۵LMTd0!i~ޚ݁\08a醍.i}4mч*k6v	-RZ{8obMaN˦\\RSqώm3\'/1g軅MRv[MPpt&%O׳SD+H6<rrnF24}2ܵۿw쉓玉I=P*Y_O*e5W[jݴ2I`1{jnM]\nc	NEoNL3:2mHk\\,4o%HNc*(z=Cwx^uJWJ=;ݖ՝\'V\\ׯtp´7n\rQBPCrhY4ug*5u%l>;T	z;l˂E;T=).+Ub(hTAQBqx5gb 2瓽.]n$=h%`l=QR՞I<jpK;Rܚev֥.4׵pK*6dYv<JyUOz$˩฽bRB.i,8e1V\r\Z6rĔۀ|[GUFw$\'-yobULr.z\'CNM#@[!\'2k^fSzc`*<w[==T%j|dv-NvIxl$=\0ן]Ϧ2V\r(7fx9]o| !=`I#\n5HGngx4wsjbdq$4\n.\rgj)H@0g\rj@$-j?plgFI]?Hl x%\0\\&V~Ae,V)	:\ZRG^	Ҡ[gK!kc(񿢍gy&ȫ!q\n&4ydPmßItՏc^}奷>1tE|c4g~;5f߹3v?:-&v9 ,{o`.7G~5}KEcP镑SfA^dADh:K(3wͬH6~!WF={TzCyv\\+>_Npb_byݿ9ւD*KĿMz8{۟MR0M3m[NܵpsاD@I0e/B-E5d%ccwϘ3;PKQ~4o}P׿EQ\rc\\v@\'{/c>,Iv-\"jXa/3Q2v</1{WŢ{k\Z4š\"`׋[Abm˝|#+tp7fN\r\\E^p\rbU$5p{UepŚ}Gar}t1SOI鞝=c9yl0oT??%\nR?Gut癈]ߌ1Fe 	Ʋȓ~cJp!TX[j~މH3mҰɻ\\9ɼ2<n P$GF{)INW^M=μu_\nSlcgMx1 57A(^ƭnѦ_Y߉_%:ǥNe5Bdm1@f-\0/|9b<FZU\0Թ%zr|Q{ԭf\\#2d[/~%.hyY5٥+\\c/\nZ&\0	^/9^Qu.Q9m؉T57g\"Iex1\Z0ߺ WCƬP_Fzr+P H&&:e騉#?ᒎx;ʸЕҭcm?/=nf\0GZʧh71h>x޲\'Bw:fۯ}iVM|p <%#wz402UUEQKܕ=&|\0#iM\nUM86ڌ9!.v6QVߙ\r]sL!/F\"5Qe&\r0͕ wM~EK yҐYJdCV;2\'G\r)u~mjCwUFnsE\rAƌge_z_22\rr.4u,%{ζvɣNGhPgPY\nǫ6tt>\rUZ.԰h)3Zf~>\'*#\"`wY&>yL\0͢k\n\0ز%/\Z)T_òC~֘mٗN6f#13\r=WP		gͨI\"*ghĦ]!zZe5nw[AgiOp?}\n20:ϥrfwT^S|YM!kFeTyo2.+K$qޥ*(2խ{-GMr\\z81(3臞jb̐x_}>fE\Z uQG-sw]{h30=TY0O?[PPg:,))4j?GPe.\ngpf\ruTN_}ԲV.smA/<VRq7?K<&ʅm\"ejs3źI\0y@X\rɕ.e:r&ËDU RqUmVJtP/x̠z2V\nw\07U$=Z峖#\\=c6+];<C_VltEjBXحq=?\"IR20=W9\rFN[8|?6pg2\0ETGBcnd3=WY\0I!»篩)1/P[4g`kz+Z1/ʈyA<2C?Q_P\0mQ9hm\0\0\0\0IENDB`','-34.5,151.5,437;-33.5,152.5,447;-32.5,152.5,445;-31.5,153.5,439;-30.5,153.5,436;-29.5,153.5,434;-28.5,153.5,429',2070,3,5),(3,'2013-02-01 00:00:00','PNG\r\n\Z\n\0\0\0\rIHDR\0\0E\0\0(\0\0\0@|t\0\0\0sRGB\0\0\0\0gAMA\0\0a\0\0\0	pHYs\0\0t\0\0tfx\0\0Q\ZIDATx^Xg9sΞ=&l651D=J콀\n)D@(^i*P030П(!c4Hfxkyg滿y:JL gA >@@|&3?	L gA >@@|&3?	L gA >@@|&FCL	q@|&	R+b7eAi30LhMWgrX.[{Lm+M|&	S\n6xL9@&.bWl=)@߸l*M|&@ᅥs.N(p_L 0Vp]u,DJ^Hw[mz@+OOAkV|zh9$^[4<	\n6\ZYhFiR`ެbڂzirFPA]Kdy+Eځ\"ޤ\'@ePTz3p#&mߕމ\"U2YAzgB|&~~y.jSWˌ(Atz~_o6\ZG^3<ȮR^6+n[A\nL}k}\nFYdJ		w^K\0~AQ衘aLʻ;қ13aEK%*0Yi#gR\n3Em6eʿ%/|!>OQf]\r7^>\nl<\ZU/ج(>u!A_LOe4Y9CL h&VD5;uԬ\Z%̃\Zf壧m8q43$\ZdǗ^yw/?A|&L.h\'Lt16p\Zc]<Ho|r<hޒ[0O֓`wN+_h3UwfU)?@|&L\nc):I+$g3\\Oş>(Wk#O&\'Ǌxj0jڀaixZ8[CJ!>s.^]1tk^Ӿi}|#mb=;\n%аi9uivۣ\r`WݱioqDtH<(pۀ[h)zX(T2OGOqĪ\\E񙠟`b̑PIL	ޑZ&_\nP>؝ @&ÃE\nrNpZv{^Mc-ңSY12V?f˨-Q7[xI=agD:y@7;`RىnW:gYKr.^Z XՈ+W-h9+BfwCQ3	XweYΫUU3A\':{x+^ܹ-fً\"ݢުߚ*L#WC=x+\0oLT?p\Z2?y~70ᩧs-TPƬx%ֹzjJ텢&ԑ&\Z~ս?\r]U=тaT)}?QVȺ/k\0ͼT[ݝ_?0Ar\'^k\0̽۱[P*&XéѰn\0={l?ZKj@8qAJZ\Z^ʨ۹k;f1cwν?g3tG37?]Q3^L4R/-`i˩K\'S\Z/WR.F+~Q@u逵_4lIwTXg]/Z4)S~(lQ\Z-`Enc6buF~zCrec*qI>~ ؉τ	\rU9٧JlrvSj+p4@&~6q%uT\nT.crƵ*I۶[aEJ`ܻ	{K|^>* /[Uo.buίLЛ Jܝ,Lhf0\'*>\'yhTʦ[bK(-!JIJQ$kjJz s}6	6Q0.+%sv:0)VTdl\r\\gbkhv6̙&֣敫~8m?чg\ZpԺ/w Qi/$$_#wϯ*\\	;iϫ3aBmKk:?V\0zջ1B*_LE#Z2w|N<O%ݐz	epU&- |?5yE	\Z4!,aM54-*㩢>JdKsFYn>0]}wͷ:hv\0NO\"Ҭ3aRXE\Z\Z?V}nwXcHuU]cBT>?&=S!ޯ1c~g}gOkN&ۑ\0c,gą\rVDjA[E?wÎ%aWy/>\ZaN\'h>gbT{Gp.;o~}WTg5]Yw<\"R3<\00q+`{`x\" arwVL$2FOnn/S-jxGL`Uvs _/G]rh7c0Aa!dŦ;2mwV\rQ3␭\nG<ШC|&LP0#G*	c:bx\0-&LFɵ0qqMBB۝\Z`/*4w2T!#>f̼US*\'@g`0^xؖrڌ{\n33Ֆ%=_hfI3~!WJC]|&2	rǈ6(?\"ޭڞB(my}p{M$sKLτ	AI/\\h{}Y%˦=\'${4/ŶaV5	CS\n\rïln˷I	ߏ{\"	0\"\r.Yr=[7 *xGچL\ZtjۊvG92e&J P{ɚFi.\n4:GgdبC|&h\rWC3˻t	Tk	\Zym3Vh	5ix7\0N5Z*X}n=7	Zgط6-o(^`V<lXkߕv՛E*FB|&hhp5\Zr[uPEfs7ÎN1	T@13AК!\Zloyʮqe-m\ruA5CWv0Y\rM01iB(sDgYBm._\ng6t[Tν:A8`\nlAcGGmA|&hLJ}i;,ꌋg{:\'jP >	D]`s^UڝAY2Ī*@|&hZ#=;nhS\rl<Q9{3Tt3A;0%pNPj|%p\Z,8ӆ輲~D/	ځ[=?7fV\0^5[RE=UN݂L\Z}leЩZB-s;xe>/Dr?k#!B|&h\rvDYkg1kZ3XWT=ԝ\"Ǌ&`T%#RLp`ރvvkv	.dz]I<|-D)X43A;0ĐqW2s6|oWlbZ;oJo?QZ)Smv6ςLE`wtVa\rEYܠ/(yy̪۠wθn3;hM_׻ּVi〪ϙvPmxuڡ4<<߸pCjXӆ0eupف3АmAۀ[זq2!r?-8S@m\n+T>2Ō-W큰8c5deX79\"G?UBLpTXҮe:kl1<G`mrB<؁mBcJt|*B|&hZ<3ؼ$Y2+Qךb3J]Yr >\0tl2PӖ)=P|VsB|&hF{:UQ\'_S̶>mJlBcC=EX,hŽ ThpٸLDeZ{F{; RjF[`@a]wNu/^ߛ|6::ZcM)uˬlH(\"&>\' >O&ꩆ(d\"x:;ï<5>>h-T?s+ď?`vHG\rO?ew>S?^j~-iC|,×Ch(<9M]G3+\\ýQ߽>Nt6{}g%7ڙrRH̚Ɣ_?F!5Ƴ?QgΣN^[.e(.,Hf՞<3yÑe?̰psvR-RZr,>2o\\ca5_؛To7ܺ%/>uJVLeXi32-VvALj\'mt#^gh\rdA-m+jSmtxןdCQuײ%\ZV_t;wu֜k}R/LJkɭ/i>#EJض϶!>}s0yRwCo~7D[CjxܪMxԞӬ*4IѦ[M~2?OjgX!WAܬ/3]\n׋^2Pfyьwޝo\'[iیw#C[oh\\x޴&Hԃ!j5\rGfw\0\\ú=ܶ>ܿКkvE_+U>b֣3{>}]z`ʀ]~;1iߞ`JkQcW6ʌxH{=+\rwF#KCnpVlfdryvQE-WX,x4[5sW_q\Z|ֶ\0!\r\0AF\">?jw\r*V0_\Zb4jLBӯķM6)n7%;xYyO[?5폻UGT>?+Tk+f=h	SLjɊ-ٺ?D<)Jc}Y?hu*/B0{w>ͽ9VIZ͸vlߑ2x?0?uPwbN]9[]u>(??#ut\'B%v\\\rBT\ZR_ <~7]x)l蛻҇g:i_\' 8Odgj`XNmmMkXH\0st.NJEѳ@B	0/g1Q<l\r3Iإ2ۢ0vʳr6hboA}&4$<lVG^e4ǃm9gtI71zHSO-#$r-XKkᨃحp\"9~cssWq9M|&3(Cu,\0vϿ[_0>c%2;F{\'!Qf68@|\\|9նlX+ʚ5:ߗbxN3F` WhGN5X5;wk<`I)ϽPt9\"9Ο.w7\n8iarxL\'b0|\"?}ǎ>ź(ǩyo@|5a)/uv1ڴ{JWJ\"^MwnXwVm[uWmG:^kl|=miUZZi0\0k枢ݑh2GF_βKښPN5?UaٸOIlڭ0TYÁZ:!& \n|V<@Q[^y-u[+΍bakq#m@|0mNZ`\nըE[l!wgThYӿæVu[NjgnzTgG	&|5.gA}gb<.@+4N;>Fox7wT4^R<|xV|.2r3HFZ#5lc\rY		k~\ZK7adLOuA胇.Mpnp|qYd|!>9j[Ϲc*ѷx{R#ODUtzZvxmz)mgdXB|s82(Ͷ>{xTVych\ZJ@kn\Zͮ_D\n̊.OO+>]xͦʺ$/X;ڶ6 xNСj^z~x%ƻ)F{`PJ/\r\n|2zzYoc6	^otJixdU+HFjPJw~ƾ.	U\ZQQgdh\Zi@|[:ɷtp}CFh/n;D^	*M-{>T\Z2h-waERXoy൓m΂\\j=V@QMk]Qó@{`+,l<#\nrX\Z 9yd\ZcɊ1X8w.K_|V^&w@#sf~yNKyL:y0g\Zi[v.xА>1W6\'I7NE\'5@.NӎfIWθZ3dFz&&n+XY{\Zhw\n;MNNG3G3*hMA1BBi^dQ̲[3U3C5^w2@|#T3]p-@t\0Ws`+-C5K=YF1%Z)c1cKr/Le >lDs*g=G:.6~t\'{@(v5k8e{.\'M5 ⼥1Ѩ YݙC(\Z]A|0sTbH6z|}+bW:n^ݚI,ʶYɒ*­8Xu\nF=Q?`{4]ݨ}H?\rVb`t\0@zyѪeueXWyνK\0E:A|)Ґ1.o5^$	:YOzme؏E/͜;wfCjdN+BxJJm26ѳ.gyA\\YoM2-\n@NC|xy+קҼzd[~,@\'Xg/8/\\+E^җoݑ\'z9$%q/F̪\'ںQiYlKnTw`\"(\nNAdT`LEx8Z/@˾\Z_QP\Z\'WHL8CoX^Quqx,\Z#p\Zel$6cCBya⳾POx]նXzEj\\zwk1Yl\rz)6Yؘ9zaĩL|mMvD߾@I\rϓpN@5{\'g=/E(z]ڀ\rXRԩL6zjuNC˪Q8F\'[%I\\\"ӭ7*\'`h\rÙUCH0$:B\rhsRGo9r\r{Bߠ\rmU*Jv\Z-?UXQPvq#c#而kUWk#uZ#o}$`ՎJI^\ZW~#n\n=bV\Z\Z\'ȩ~pO,ou\0uWs>ѿ\\G?է_~ՑW[9)A|yAFڟ-d2# :zfZ\'葢&k拴7vI0bjVvYX]2[\n	_yw\0f@Nj̉\rYaI!䡱IkHA\ZپRy\n`n>Xn0{]{4 z,W}?\0:@PK\nʄ9ʴ[M?=ĄH۴Sgd铭Yz텻Ve	{ \"1-\"g&{cI)aצo>Ng᜵֬/?܍.	cEô9ߕT:	#`=;{RL5	8\r&g|ݟ/ymd˩$;GRW`tbaQwҦku9\rc]~M\\ɺY>X\'>vU}O{aynatk̕CԹL5H]lEV\0.gu:jJO@\Zjޏj42qg)WWm]fjIX3Q7t4n3?R,P͟l<\ZXp1K\Zy.m,60lMTMp*D;2:+n(+}8it2KӠG-_O{4g|?c=e^}&o>w-\rdta+D<N+E<O|yҍ1IN\n4ɆuqQɏ,xsԨZ\r=Ѵ[\n_`/i,ʡ{IWTBh96Oa/ϥ&/,[P9[(m@r5ϸY6PYTv!->G\0D<T\0N3*On``1*Io^,-f~!\0RմGy7O/Xe\r6m,9tBVɰQ!>	u+_kfs\"	qq7U\'V8jJ_*8*?!L7\\7	ZTJufNʴXQMf^~;Rjri;G:G_.چ4&l5>!;;>vΥOwAuP8DHw`eKi^!N>~KzZ{r?t.%(*~p+t]RN#fFϾVrN\r	0oo0-fde7	2nL-;dnKҪN!A;M\0O_\r-*\Z]V;9,dȀůt\rwh~I3\ZRY\nY32^˹qDXncw6PW\Zc4Lx>_3uu=íUL.12y>|42Qy\"\'pPb稿8`%d_h=~\Z\Z%\"w!8æEԔd{LLm\\p>pKXKhjYF;<tm2Z\'B]9KB\r3Z^s!\0gizYE6-D]dr|{e2B6Te\0{2-}pf5]ZO`0XgUY!M>])M!	kpѤ︚,>c}ir$1c,jZ[gjibT߮X	jFEPSh`niQЗK&ls|]\rI3\\||6\"2[-CySWM;evC\0?>(YkȌ$;z̤Jza\'b[$DKVށi/ÔBJepʎɀcS`^3E?N6&(UҍEk7݊y\0T+f._/]YEL]aTw^(n&1(Wfl^|KW?CQjEDzqv:w1S\0{ڰ<&?n$u-;\0Q	,n۩l]<F1dܕ$q8eMEJ|qI}Ox֊ <eG7r9ų:2ڨI=j4nkMqr7:&qm#{gfGXvuBd|Ʋ(Ax&n\ns\Zż*#1\Zx&a!Cqݞ(捱>CJ>ƪ\nck%\ZFϠek`a$CB6הr?n?;3dѲ̬nfڣ;^kz}\'\r~ bNB8eFg|OǦAɄ2<\Z	#\rq^N\'b\Z{YO4	7yr,9ujܕO3^ohpq13ޛv*}v*$@	\\Oq=LNgF3do>r‛pȀU fJڰGn4,sQ:axKJa7L\\f7U#5QGofq68i5o	B\'&{˹:U+sMϥ[Dg\\F\\\0	z	|fx>Go>Jdw+F|F0j5uZyڼe^$l\n3\0(9k4ib4g)S<s{YR9:^Wex|n(\"7Pg~mǋ5R;)Ϳ~Ƨ%=RŠ(-tq7T˿X}Rb\'HB3zXZ.l晿`LK.=/~Wt?j[\'3SYe>g)JH!\\!㨦a,V+F%r9!JǑK	|5rH?܃cgjb<^*jX:DCg|5R{-\\w]%8F1\\o7o]#/\\| nպ|^puV9\Z|44YPtɷĬKe2>㭔>qs\rVܖ\\wdqyAU{j:1xiǣ\Z:wpYǡ6-^;>X 4S`8L(&04\rR z\Z`ybCL1VLov\Z/䌍-@oŴȬt\0w۞K{7JWQO\ryJnw4QOླྀD	졣>ӛ!~A*Y\nV\Z=AՉ&ְI<dt=WnڞoZ\'X\'K!n7\n;$s0nW-.VҦ\Z~NAg&\nB~LÌ3|<qLSZP]>v>O{Lq2*VH\\r[WHC\n+mT2*XpK0Ǚ	3~YF&E^*]%2d.IFx7|\0N$7#:x\nr\r\'eV!+B.(,/_!R5\\}9Yﯰ?h0W07|ƏMRA4-PPohcsy)+PCaNq\' ?hy-RZ4\rM/M>}[La,&P-CYGM=ۯ}]D`ah\n\"|ѕW_y=w?_ǁڻ\0&+YfMoW$OB5͐rSQXPcaI첳/EԎLubP3gY\r c1XJ}{r:y~3[WTM&;B2ôR-_;&D32J:Dg|4rE]`i\r^\0낷|7|>])ʚ/ϊG\Z4^b5`=iy,l0xMai϶x8Hxv-\nGԇV^(\\Kaɱ?%p\\0/?G$|\'>a	މ>MW>UPm^h>}qeq$b{tq?vΛ^#V[,y?~u\0}o}58m/|\'sU5DFK>\Z$bx]|M:[Bb4f`ugSS!ɪ#Ϧx+ŉת]y6CA\'::+mv5qr|ÁȐߥ8glw|!|z୚ʚd-u\nONHz%_4^.kW?ɜyv۩W6Yf|$#统ω>g~cfxy?w1sfI)=O}:]imֽmh,熱m(\'vx+~0fgѓGN:!bW8F<ԄaV5;j{0\r0Z_BnCNǝ\\(}u2<Xz\0x凪\\܉^S#JwIH;שK3$ԮI^h\Z U%]ojf^t;̞L&<߉U{\"͐{=D۩Kkuj#ƱCūsXQ=GnCD}|\nk6Ze݈a-=ެ/5;w?Giͳ)Bk~_\Z~5wQ=ڑ~|frE\rߧ\\;~6lGdAz1(wU1pLn1QS~esdӶ&vf;\\`(sL]\'LO}S~i:gv\\L}O\0\"%;~dyDKް/=<!<.Rs,Gv&uad\Zj\Z7N3z dx(V;:M0\0\ZQb{a@9ŕc6`ƍ	pfh&?A4xd&&ipN*\09qԳjܗ&я8;z0<%25f5QA}bcԒ4IRxO8TcR]j\'8Zikrk`.LIH3Е lqJO:igPTXN:ƪCGύ@`|PV\Zr\0wvֻE|\"U@xgDNZMq`Tcug~5[W%7PCT{S\"Y	nA;ځ9+^/\r8}PzJc7E]0%^s=Hvzd߳	h}PRTmj&Dbyd͏@2g1L}WNTg[yq)녫~HarU.XbB2ӛ wu>w\\Uwf(n=\0(.h[Z`&g^;47[ѐPۑݤ2cB-\r\r9ojyNUMRe(1!|w3q2)O\r3P.=n2\\-b?aL?8e\'xk;D>W-)F	%[F[\\<wmUws60ڝpV&&gF3Vbﶥ]D;@ mؾ`_@@93~		3SIuMf\'\rElQ=S|QgB:kUdc[4J2\n}f/]zYNbl01g)<0w4Q:߸!8o6e¸1!|Fbp{H*_b6{4-##	Y@SCyE/qJO,Zid}KFF2+7UQ1a;0hڭ>ͷI Z)KpݴLVD[8ynZm!6	a|KLǔڶpXR[	4T	:AX=懏2U[jqa\'Qfv	\"~ɡ\rM\ZAΦ\0>:u^he$a&he9A[C#mM6^y6l츤O\'cl)08-u#Ʀ\Z\':&NI1%kQ\'wñ~N%8:oNL}y~5n\Z][$Ԥ0ϨpU^\"P	4owb\r͵;PG-53t;xhwUF4m<M晍*#YM$CB)\'_Nm#2;Y_<n|z]YboWt/R\\0``OcbQK/SVy牺4;~O	#W.,ҩp3\"}8\']O]u\n41<s%.ݓ}#/.X+\'6Kҕj	D2Ŋoޟ2eʯfz h+X{mn£~-}fJ fKs84f#eI\n`wv?lN;<\0]XMv-r\n]>dlw\"M;-Rv<R%ߍ9Q[FϘ#ҢSU@<%ɁUx	HoJqJeKmYmi\rIS$iS$fKS!l?#&d]G2+AXv㜥n+ne7Sa\Zz8%?F=l{n6JcAԂta׋i\r@\Z#YUEۇ;r{պ˾U7dCejw\nK	Wxݮ\n8EhբEًė>7Hd&#y0xїuyc&\0?;hNlvSw[|93ZSbf06`t``HaYYǧ(4q@@`n+OAeS҅JCGMFi<1I #=yf=zX%	,pZ֎k6Zy;U5ޝ΂yZPv| \Z@#`}F!B%D+6Y8p䠓l^f5[OU-Rj%+nm8y-f}-u3t_}cfem2(*ԏ~Jh&c0XCn\rTSRA^RVm=E[Uݖt׹y\',`	Ǻ\ZCT7StFe`mkaSY\rҵoڬϚ*ʥʛ׬#W\\׉F/!JB@i\'[/QGf5sk-ZpJ93ߟC\n%U7j\Z܂+w[|\'ccM;p1F0>U_Rwl˨lN-Wk?\ZwM2eAɋh\\.jHPT\0io>7<SZvP5Z>uC٘rW$k0ٽK+=Տ;{NP{*{oK|RK?;NDda}YPiaX&r֍R`^.M.<\\ppJCw5)}8^(RvsH\n8s>a%vʫ?5G.^?^bK(h\Z{잵zח_~+_T1\\{Srb+ow=K#m|eSM@;>#ҝ|,i٘q/tz},sIL߄\nBz#s=R2&ƫ`KُM\Zm+=gQ8l߿9oٳ ,ٛ:N\\#lrGB>`57n^%+<7^(TӶ?hGy~8wM Gݒz ↱;qOvz3i[P0aLSG!fU򬻵Q^o4\\(PWP䒝X4^lw}0}K/Ƈg.0?Fmz/VJ)A#Bs\0ef?_7FǕX%2x WX$=Ʀ\0ᕷ̍[@ֳl8%@Vy9%_yejP[lݟ,\n/6}V-۸fǚGmg\'\032Ex\'˕ z䝺Rjcd۶F1+hH6~4%9U\rFF=lHN}˟u T&]Sp&|>R|\'ˇ?-˸-ν߰v6ޑcI|Yg˟+\0{`w3V)oN-^;b\rռgM|#&G\rVض{7./:\Zo}y\'*TEA-=ҹ|s1M-K\rscBRg%d}fVnTSM/)Ԩ;p )+o̉{XĐ@Y70\\Wu,\'>c>X?+-bMP	p1>]T,&ѐѦf燜ާ1+Nu19t<9xYyU\\p_Hi<^0M=c%Xۗݏlj́-Ftz$_{w]VHP]|}V@P񙑇禝fޗ\0ʾ~xw&Þ3Mx8,Ҫ%A󦿶>WQ	᯿7u[VM];Mﾚ1caϦNǓxвegk_zE(TIgAs&+\\iŪR߯_~!U:jԷC\0+p2\\\\Oư[,NS\Z1(`I!l_`1&!5[CSj+y|ighgYvV!X\0jFI}>Q!\ZM5b$./Kx#*c~Uj%q|\ryI&Zk,8z>sN{w]*oxjn6Xg١[Uە}xÎdڲM[3J>Q\Z-|/^ghh>h,:%=Pz^Z#\nbe>v!ޭx[yRvۓF 5;|ы}./?ͺ_WPꤛvunКÆց1Ѽ[e=pymT.v?\"tb\0c[/zs<r(s3}NMCJp=f\\zX3Ǭ=Vb^Ӄa2Q|\nofWĸ`ޫaςUt7ם਌&cܢ2˪>Fg|!=xdiUL05} :վ<1%0&`O\n\roXjba.tS~|<CI}\".u[M4_bSǥam^M/\n-Fik\'&\Z&ؔPC~Eĺyf?lck0vjvH_(mz-T])8\' VUͩL7=TՕ\"JgX8pKà^vmr<qKvF|V<IV՘	|j㻧q<~ރ+w[*ɶC95%ݓ&\rZ[_*𸁦raK>#4V-|#/ƥyK|4㖻,VmٵdŻv|3!rӛ .g{<晘w\"G=:@*MplҠ=]tv5R>8ŏ]bbC2x=.|a`\"0=!=ԭ&#LTtg@@|&3?	L gAgifOS~>7>BӪƄFj1	Q>pȕZW\Z[;*1F?}fANwz_R{,p_MD݄E}nQ{/P~{0Z˘6e+}*ȿ[\" =\nyo__W\n$MszXi_X\'-dC&>\Z!aGnMoA]]ȯNKAGbI\nHa,Z|1]\'%!k@	L gA >LkiKr#5v\ZiMc3%0\ZύBA]/{w;r`6no\Z?fXZUIL&qG]M	ۀԋ%r	#E}ƫ!N˓yK*g\0̖F{B8;Yޛj`w抌ee̷XWX%>b(˽k^t#[Ϗg7ckZWF\r2OfgAlE!:3oשcZtY/h)Sf[R0bۯl|\r?6Ab\ZY%I0I=vo+z3m2e%Q\'a?z*(؞6{͙>9EpoG=DTdK{2{V]8<AppK@r\0})W\rpE?ލEU\Z:X^pq=4%wj9;vP9r\0͢0\Z(<AKpzd%!tgJ::6NR̜3n\n5_D1T#[7K_m@W`>YUt7$8^Ŧ[<-)n-ڞE1gBE|ߙGp:aJ9]+EaA:3|0}|0csz }{fh)Q\0^\'Xyvyワpfw4yjrro_pF9b`Kvmh4OFyR8tgsW+jPKᐛb	,x@\Zot1JCs]ギ}#ݯS-ׄU67VG0A:%Ufǖ*su|ZY-S\0W~ULQw;jR@x!tgP] \r;u\\ｏA5ϘZ׋_+%UbzP_,	_[:yy|9ٙvf.sϼ	p7<{\0%T@3\"ܓ%j<PD\rfMBI2ʔ߭<#sWzoXke>ic;pa%|>v;>8(ꄭ?|>goV6N|폗lXm=N`hhCҾM:3,O2S]3[lpwng_p29uUpJ8#Y\n,)D-%x98FVSeH/ep+Ke3ḣ]@s2TBr(ޓ-ݹԏX2@x:Ø?3[:J[\08P\"պ\'C|&&3gA >@@|&3?	}#@i\0\0\0\0IENDB`','-39.5,146.5,128;-39.5,147.5,132;-38.5,148.5,156;-38.5,149.5,163;-37.5,150.5,180;-36.5,150.5,176;-35.5,151.5,172;-34.5,151.5,167',2030,9,5),(4,'2013-02-01 00:00:00','PNG\r\n\Z\n\0\0\0\rIHDR\0\0K\0\0\'\0\0\0\0\0\0sRGB\0\0\0\0gAMA\0\0a\0\0\0	pHYs\0\0t\0\0tfx\0\0YbIDATx^|^ϥwB	=^^DbATlJEz{/\Z齷?\r4%s=6w{{̛7ĹL0+?qF1g+qf1g+qf1g+qf1g+qf1g+qf1g+yUH$,ib /OER@{`^$oRw%˔֨vX򪝀m8xx붔5!S\0QE.To\0fPZUUq]򺝀8,] =0locm:Ef(,+1Fڳt#k7kԐ\n?vZmP(;+y14g۱`#ڷo\05[oL.K1E\\\0j^HrU~bZU6UagmX A^%B7j1C-iNpePXZjդ\Z|X󋏲/1Oq۾{o\rޥ\n`g~ukCHV8ox՚C?/\ZѳW\'%|~^ze؊YsAq5K֟&|	X3\n5;vZ;vE/\rrY&؆c0\r޼߾C|fn\"b,xEYR(HNSSTI˫<{_<z_ڴ\Zt\'/y-d*iy\rӆmХ\n`2<>H8nnFxvXA!쉇Bq\"n=p3o=T%V8\'hfsw$bn&0Y5wRLdmne SUU?ѓVmBq<҆DlxlDB.t(*L(ׁ/@&ʽhf~6|ժ񗇵Z+pFp!=YTboԨ۠f:5%QAnV]ݤgݱ]A-l~7dXxEX,X/V8ڹ[vo`	]DUp̡jU()#H}B	y(xE)Y~<n2/p3hXI`:a?	G{3*Хks;m@ V? yk:Z̻\\w*0ٺb1	ŀ\"|ބ	ズ	m0h\"Wϛ+dfv^VF^u5GX,K_zlsL4`c|nucHC}-\r܇o_*Dv/:-Kӣ`\0йr14\ZnSq(	~V8!`4\0fd͐20(T~X#\n\nK~(bӦ\n^@3\"@PpÁy_\'\r>:Ww/[dEKwqnKp\'bV&ta?V8q`-!#Yy*CsT(?o7NK2ߤmu$*Vr2խߐxf־IBJBf6s!wiO>yh|gai7%H*ΚcS>VῃqȢؑwn^=ӅÏcG&e\"LX\rz0P(j0\"\Z7WaЎT>둟.2hSM箚2B^[Ӄ{\"CF_Ｊy\"Vs0v\n2n\\~8zb_+E26şhqh萁}LxZ\Z,)L6f@+y#fޫJ7&\n2cF0+9&YIgͬ;Ӷ\Zf$[p-;O[.BbߖxgLLpU\\غsM99>\\Yӂ=L2\"N-#`ՃQ\rZGm?)B`RHbö,Z4uҽOn\\I?yeሁu(ԗנ5ki.}\'ppg~սVH{{Qw:\rK#žY\\ȷ,,s)!V*uWE/|~\Zٕ\'*:T}s\\3moSA\"wxu;~*USoَ}j+Km8AjVj*?^3go[^v.Bd+P<ใۭ@X@bF$)\Z#M_t@nz^y|t\'z$%$_SrogƵp=\"{]GׁAB-*k	QO\Z,2|DY.	ת\n	H(,~ G]kYK\'yM4gJ_\\vf@+cHdp`:諂W(d; 8s։ٮ:\"	\r3ܤ\02f.8/G\"#Eka|{$<sK\n4\rf~A)X{YG(b^9f!-s9}	)l疠\"/eGȌ*RP`pS\nsi?G%T*XچFw3h(0\nZi\0[F`c䵦<B\n}`SMb\"m+cg íz5jS A3:MwN#Q\n$j[W#U*Vk\nݼn5T,k(kעO.$su\0cc\n.Z8>@I72lPd`cpu_Yd7f1J&w|F<;ǿ/VSitR[UD-;1AyW1G3JNLL˶=V8ƾ`pFOW۞ f^tI0X[M)qP@{g}^od5^Ԡe{`c*jvxxօ+,]0yCdS<C2\\\rHb5Ws7K>s+O0\0WcGfoQd|V5#>M7_JӓзC7^7`>+S I\'gUF)vCY#\Z,J:\\iBŶI4*,is)W=~u\\qQx-4wu`i%h`A\"Cy#hSa͆ͫ+jrE*/Բpa:@\r~KbiT)؆cVK]`@F=v|>bnK\n=A=閁 919\nq$y#\rǔ+}x}_m!;\r\"HK%gx\0_D>ٱ\ndk־Kʞ)Wx݆#}5	P9\rʩR2lGv\Z+p`ctŢ	=gج;H~[Sfndl\nܽ4:68ǔ7ըy?>u8o<<Rj`cpjկFP!.޸l7U;-jupLyCQɳS@]xsT*/WԞ\nǔ+$\n%H\Zg2nVlr`oy`cZ޾1y.jЕVHȕiiyΨpLAѐt|wmoJՅs.	܁\nǔHyn\rTE)%/TzVB4YQ-.w:1kOy3bJZ+HV+\n>|upZvne\'3l{\ZXeōbo^SZ0@g[pŀ۴оȞe\n6)WHZ*lph.[v\"\r[תK++huc艭4)GXrSpho5\'wyIIG1`)\\ĕkYHXC(=8\'W@:\nΨP8BƼcc\r۶^K^yE1f(NT-PsSfQr?7v!+z^딅?[6Jk0@TxL\Z}Ů9q.ܠGMd7]tfhE+m8Ӑf5w^\0?:ajQxJPs6F`c	\nbTlRnݷ]9scdz	1lZѬ0ec5)\rpLyDJ<Ng*(UbDƛLE3ɞ6>dY.a,GR s>H/`c	d3\nεV(\n-ۙf*3-I*Y2bR\nD\\r-y\'XrzZLd$Y6\\\0LxtD]+\"\'-C<\nV6˖pjyoe+ӦIC\'wzL\Z9Qe-r/\rXrBњU>}Vӎx0eH~{\': *S\"?eadŅx{;߻mطoUaߖpL9)Yq	O^ѠETgJSS5ks\\}oQVwwo)}7M:rx]PȖM\\0G\nwZH۝~@qA~nrLJgP_8B=ażi<|rʹ3|3֐wЕ?NqZxPe/\n|@QP(u@o٠4z_Vp\'Č\0jV ||Dj[R:G?2JPT V+!	\"r/*U\\5_϶J#ot%<=;Q[fM0Irҽ\'.KInlےl0E+	arǶ>`+BPJj0\nX?ȭ[X0E>Z[Fa*>Uu~7o܎Lyv2of]05©Ȫ$ܽa Qw=jK];!\")\\Pw~g6\n{\\E\rf|6sVe?#\"A@Uwba۾Wcvu: ) uq%/t<V-?vE쓏۴ui?z?բte,\rw6(\n$tv=<mK$&<rrQ#x+I\"o^c1?fnAFMC:.(nצIPtE?zݴ/6aǯzw֢unA㇑~=>#\'~+`)	3s<Uls@lZ(W#`D@#pEiXz:-Sd4w];9w>yP^!DOGB`V󱣷][K$v-oLl\r%-lZ=/+ܩx 0=yCp\r,8ޱfLپ[+݄LFVNQPꄬVԟ˭u\0qr3Kb\'#҂z	hfPܰV&\"M߫[-!$W/Z0tX;* >|-GOoмQ\rw*:vת\\db3r,kVQjR*K}=(zV\'CƲ	DZ݀>:;Zq`;\\j-xW=3w-\0M~\rҟOAvz~bFR=XmE߳2{+`Yn+-ml[_*eeF\"W9.ne!WFW5[XF F=	k&ڤd{nx	@BEk#ר.6c@.VBkӁO4.[PckCïzUiOd\ZLw#cB6jPS>2U<4q[֙T3aa\"UYns@,55CU!\n{NiаM7驐X#D.NOo>KK^+kt\Z`ur2Ÿ;}ҀHl4j4ž7΅uvX5l\ZEA,ki>B\0}?ѥZ<\rpYKdM/7#v}#FO #<i΅CH3-,rwLmna>KmJ۴co@l AL\0a)d$\'Ug$BP|jr2?{7#*vĐgqICN\'IBUݷp,\r̔ճ[2̟o؆Th\Z0HA}=2\'l^,VR9gX̜Y2cmbV!Bg|íY|J#2\Z	@ִm#sʧ@$_g~w7	:luvb\nNFF}Ic%+` `,ujZ0(^ΥC˶I[!\']dk$Tt`,Zaf{Pǲvo`;\n/k_pzue[A`e~خ=\0klQIV$>7;@pX!\nwx<0ܽ,@^\0ykjW7.QD bO;,6\niѽzQC4&NON:}}\\JQ(,˱C+yhHJn/jQ%/ei/!26Qފ.}6i4\n8q|Tܙ?\").]JV`4@`pV]{\r/c$Q>ꝁNd2mQzf-Oe\r3yzUךRqUVdoy$eVJe$!k۵|DYW:Kty)}q#\'Dxo`;$	z~-|_n\"\nV%tjwٛqbS/N,5.Rs\n!0#SY]@ F1WHi:;Zu$2e7ѧM\Zܧ[B\n,U[IN	yn:>~6Aj#LO^^g)&OA\"%9PGߎ{3%֌c;<EwqKVoVI.7@JAX\Zv:}c2rsDqoQ{7lm\0Sٹ蝽u]5 E^!-Z4M\r]tf}^\ZP\0lq/cA>zT&5	[\"z񝿑`Pn9$o7p9~kڑMmPHɭ!F`;6|\nuW|ض\"Ԇiި0ҏpD[~涼|qX-fP&H2jݓQ_f-Squ)+y+QA.#\0ݶ#j6PA)S|ܵOcd\\Ӌܠta7ˎ:&)~ر`;&Eyr|?pD;&Ё]ph7]Ca-S/`$|7owa _ު׻^7 p6R}	7lٸ4e}K#j.<R}#Uj7u|\n>$\\=N=`x9CB~fvefMmr`;$vlC+ejBQLޡ]hFny=q\"ssiv2OgK̴u\ZԨhK6I_SuzktMV艜7ZTQF+U`ҡ\'4θ^9Zlg\"g>I\\F>*)qF{^qn%fh W |AJ>(6nW?z/[lm}Y.pjdͻ$j*;TE.pwݻNIEcN\nV!uaճy@[z`TVZW5nf<Zn+t=/Z\\Ĕ[,x9ݨR| Ts?[];XkOo\"؅Aw!yO=~}j?/~t27(xC.@+s>	-~ QkHfvRPfgVUC(o^ݯ?DK^h% Te,+od%ݸv=vAOQ(~o\'N*5fdRڠx)cdYjy,sl^U d\0M/:- _U\0%Gؚbگ\\\Znz5Vh4EHR%+!ܤOkv\0Q=\n4j_fF	rb\Z̒Ws>xc&]\\/љ<{\"M`փΏ*W}p_htC$\'ϩvl)~&9`v2N]҈y\nᎇw8;Cy*ik9-uEoSe\rJ\\oX%aU$(-S!vkcFS/@	@xJ$A7E-[\"]a!7?q_\n[X2WÄT\Zݏ1]#s#p%?TJA.eU|pn~{ZA@,n}q암k~-\\`P4=JbլU	m\0-q1B)^mĲmILK̭+j9|ITGBRv=W>__u^vV/	dbdTlY$B|t10QZ] |G5kUV+] ֏|hѩHW_ۢʈwKа	~|І5͕[(VTwwxF\"\\ܺ^o&|z\rSnھg8[F\0)p65nΓ~WN\0Yzea@JX9L\0VEיmZ<7uҔM@e!H\Z	3[FhvܫnҾc:ɣTM=}ke3=~K$s\Z\r,\r$y\0+@\'U4A|j\Zu\'B`$է9g&ټua7?d`H*\"\05;\"\"b\n3boߌr	%\\0\"+֭:(+Wjs#m+q\0|ШT;~ոzM\ZWr3@\'&%.XpmW|x<8_h>Ԡ\Zu|܉N7_m)ZN,|ႭYru{-ܰھK-[p\'@,Vwle3o`U_*!QnbA>^jAz7Zf5:lR͸	m`Bk7%xzȍ,رMUcvHy)v-3B-[y~.2ۋE=B`8ϨD\\\0kAg8zZ)f@b8}-=4{_< 4:m~ۀ奴kփOZ%-PVa?`W0[,6#JH.bܱlY5yĘU5[VzU9:wzJKWmK	+M%.pzi2#%6=\\\\:rHlɇ\\m2\'AsQz^m\r0Ys:M!1Bͺ,\">zruG*Ao19ZuANn2_P3e\\0VvO{ˉ}3ѴYM\ZR(w3?AWOdyAV X\\>\\bdgɨ)F{J:1ϥU3wn7lv\Ztt@e kyp83fv6꾟ڶ\'i܍Zedx_\Zn2)JE^{wHh. )^uQS{8\"`._ut=KHiH(%x\\=CO$)ҒRHĖ5T-<~F-Eǿ\0r_9-%jhP>RB\0?Aj˅=،;CEHیC=ۺG \\l??ѷSG\r׵>Ph3Sj7uD!?VU\0\"Xü0Q+0h*UeR(F93-9;-]];xь0>9==ѝ>Hl\'Vs	%\"\ZV0LzG1?Ke3\";Ȁ?vR4;x0{U@PV.^|GxE&agKGb	$r/Qz~Ծ]A~~ޡkmJ(=ȥ\'٨f.,Q~a-D-%Õ\'C5k /ݝvsR5G698*ݫ74J--zޝco%4Sfn̋SL\Zԩy9z:LǇ\'w-iżg|Yq7Z	q/\0F޹}ŪTg[6\rnШh/_^q(jĔY6Cg=ge.lnCP,Ũ5MoJ)W6DHHBںR59l DX\'u@xed56oWOB-`lb7!*ye5\0W>`sp%u퓟(5X `҂Y	Z@vC	ݚ^ڻ8\'?m(\ni[/Cm[`ԫEe*Py&Πp.0f!:QLT\Z(_Cj}gdg\\3>Z4MwFUUpx#WlagI3~\\{,y\ntmߡuSvr2$p̉˻f4Kh`桹(@l1fm8l)U߼c!@oݨw%Z1K\"IKCބDy2h@/F с2W\\*SЅY<C|LD;p[~]F̗#[Z cޚmKH\n\'on0\\+7銋سT8.;zClR\\6vǡ3q0#\\(Ċ`>\ry&Zwzh\\7EU`Me		!wbۗ-}ߔHy)9S ͖;jV۪y#?g7*!p.6\\v%&XY8mS4Wì0Β<@b:Y[В؄3[I%7Bڠ H1W\ri>ȵo띯Q? 9ԩ!=y]bԧA[f׼nrvMPTNЍ+:\'3cHyվ\rZ6đΧpw̛i]kY9HN%(<	E](1>{gCra%T@wظa:TѪF(~qvOx`A	<{EWfȪX|n%a\0t OM<~mM8Ln@.Gg4otk+	|->xnSLn$0y8Y+H\\d\Z-O_ #\"HX_pAX?%Mʊ,UzJ8#/mָODUz`jP/8ьI4b(OAjb*҅C7eR*=f0}ڶ\ry\\\Z\"M9#\0\nG?\0P:a%x&<L6	-j\r/g@	p|<vY$pAdt8f_(3\rǈÍFhٹa|SfA\nx5pe<h_nC[ǳv10h1=l۲RX*/$׮},/A\0b<wj_9~@gqu{iu5r(\n(dg\\l T2rnV\ZӠ;vNRACiT/%N5-sMz#yNtiNgY\"?1Zxyt\Z=J]$oJ5}ڎ^C|.:A0[N+oD+Jص\rLRT(-[wxZntmAYh=aF,%	EM\Z^e $۷y}z\nNL{ȀU.;WIֳeiYR<kޡ\Z#z3\n̙SBߤѭ^sP.n̔@c,VˑגsG~6\rXTQ#̍3ss== CƁc5k?iNEUE9@6i~5mG~]5t|jylP_{G=204-GE*]>ϟ8vҧu4nbrAma-@5hlϑCW{wsFtDn7W\0@̕*Fu>-JE\"ϯj5ibFbQdk`y;+PYiw\\W҈R`\\ݰ`wIiI!u[W䏖7}	0<FХObЏ+o۞ڿ)5b&OAn)R|p/FF(n;ˣFybrxx4wLџ:(p\nk>L3\nE P5-ZղII&#s}~;vs宑\\YUֿ6`EG-f{-<}ަW43KsP8g3[$kEBߞ?<ߌc9Hܸwߕܺ{&@֚ؤ|vֽ]\ZtCJdgw#jӕ[QaD<c2?}ѰG\nZZ\r%Ŧ->9CLԢo0N\rPW/6@ؽo8k@f9yA60ȨK\\2Wn;3P(ۻ7:/M[n3cus#nm?\\#j<pFU]iL)#eM#SoܘS\'!ϊJ\0ɕƂ_q&ĥ}|<Y$&S	]Ι707\ZJ+\ntF5i8vޓ^nPk`5UAVomgu9T8!UG7y\Z}h;Z\0	آ]^Nʽ 9w3w{Vp{R zEn/wd\'	n5\'*\0 5깔W[f&6t\nx=-5GYp%媥.&mbB2j<ک~q	ub[SVҴ^ˬolpdbnW[p=DVU4FUOkuH~oh#	Q)+(>EBT\'V*K^J)|;(*wp) #\'Ō歘x@Vv^CQZ	Z$$h\0N,~%fW\nۍWR\"@؊٫=BYq_[*£;wv,jǁ^A\0>~?ݮ<N8!f0E9Ec%Eݥ_j$	O\ZTE䌭L^iǦ H0ɡu4KD \Z]}(ʋMȜ䠙|=֯R}wȆ&z u^RzEUV+nAE[U4;i3\rW+nyyP(\\\no(\"ǂԔ\'$CY4Id4	xnҘ8:/JEU|N޺odYH$rq7:-WOO-w=#uz&;i]T1+t&|\n$Йp5ԂNZd9(6S8wBTlmʌԷǴlR9E^-pPP l52Y9Y\\M^7(PgWSd>W5HH]鉉\'0H(\'&g&D劤EgF2!n߻-E]J?30[AY`NK\rFcgc3K\\`%\Z\0VUzɌ\\a1sqwP(ƄE$ԫPu5wqH)95Y蒿}`.I\ryjqsE1zt^Sdu_\'B]zOtc)fɃ+|<Mls+Ĕe^^&bAn	\rq$S^X* -T~\rZyIci4p5_e\\5[Yl\n*4E>t@W\r	:,5]AF<}}U\\4i\\aU]W)@jPD>o/fꡮMs0;ǮfqM\Z4#\'҃#%VڿZ桭ڈ\\pblE+؝5\"fpMc%^CKigE.X&E>^d_OCB1\\9}]f:>\n(>֯8hmXf\rQUc)Cc9¼<SeXQ/_ev}ƭ\ZQbycʖPN\rm{Uyj%*	-G[a~=i{׍[5ElNyr\"T([+\rDUϞfǱS1Vy!02L挔׮09\"ZNl%G8)E#jϜ9}1fכocp9`0I*\\$ƫRbڜ\\1+WOjEKL9SV\nG`\\Ôɯ	Aӛnx`G=YRƃe2ptc*YDRJK(,WX=s0Ŵu{2[cp/rXޘG(nř~@ho>M&ה>\nS֔ujx{Cxʙ7\'d ~3v<yИ4\nW`^2T@7Μv<yMsԝ\r䙓@h+OzkZ!51nAs\r\r^SSQx޸j;.Ϗ\ZG{nP9W::z)+L~c2n=R\nGX,DanEYeA!+WZpi]^VmI`)CL\\RT	@`VlؾvKLӛg`2S8Uw?w\\g.Yy?w˽}UC);D$rHKسz\"\'G8Hޮ Jjl1d5`բtl&e^]9ˠ\"36n/[vjX[c缪i#[Yn}aR7#JZd\0Kv@(8qP؁|>Sf1mc#ޕ;ըQS׮\n0IBN_^Çrm	/p$o(5[\'nݮѝOjIHn۩Nԁq{Q-nzCz\\x+6y7n߻b@7Dw>Hn+ Vn <t^xNUnJ!qXv3\\(yRx7NQc=Qr>mh_BPp\0ڤׯ\\IۓI]D:34D߹TLr#\0< I]gLٲZ bC-q=IƝ_vc\'{E=7gO?7+VYknfOJߌFDZX0bȋ:O\nDFL9tzBL^jKMq=?遫HۨYN߸Nt ՠ3	RY\"酫NnCg$178dS;D,aФZ܉h쁯	{ӵ~<Q^pR-xT	UY,2hVǷu	N-x2]rQ3gA>\")FWulUMWAH`WF,lz%bʔ3ȗB6ЁU Xpc4;bHuTycZi!OrNk%\rhVV \"xDE=Ôf3{y\r\"yf,ނ?N:n@Fx<ېhA]h#i.?>.SgȮDi\Z}~5Pڙ yilCwQ=0?zSHZacqu;?]AЙ}h	[?ǄqZ1nX9rVL2Y&P5}a9HR\nw3^;ssԇ,vs4;A\'S*	\0$$In<\Z\\mvs8&s;wf!|=iNDf$*\r,PyH\n<[ 5,q:%dEiD߄/r񹖧g	P8Rt_Ȼ_6yϼB`PL?:xeĐKkvEr%yP<(S̡.ގ ;3$RG6:e%h)|!X򣧿/<.WƼ>Q]z\\fhoTuDv\'/Dp؎g(/׃> K}ɮ l\0Ru{B\Z[fAdN>聞l#{OP\0EG{\'h,2Y4#Z	YN2ٿaC{B =?dǘ%yo\'dە@~Y{y\"G\'MϞx9ӖcOYc`5jdvW,W3fXʉ;\"n65}?ܖR*۷c/\\jSrJQ ĜSU<J=G>a1E1.T`]5sRʸ\"åm۶1$݅f+-֓{vuzڎ^挏od(:ԃ\"fSU,A*c+RJ6od4i榃X}_aÿX֋)L\r;u}C;Dg9p\nФMZeywv?O4n3i:|gyBT#\"/7ms6HK6;s1\'\\9kF߽y?e䈛\Z	(߭1ϒ({_nL,?ZVyyw1_enlc.Ca)ݼlBܽwHr՜oN%p\'V8g<oM/2OdЧێJ\\JcJpNє6?YlܦkA.޲S؄n&d<K@!\'k1,j!]>j=v}|W#`d\\pڵ9g7/پⷜ\r?-lxY4*ʈժKxXIc!p\"bsWŶQDK낽f]`uI~^Rs`#na*ֵۏFNi2=q}{B((y[̫ٲ92W|&1k7}9ͭӲ\n^7\rWr%\rD夼?	n/kׁ\ZZxNuOjg>v?\"ÄL=!Wַ[yG)|FŮ{SfT1[r_NQ)is_Rgܰ;.^\\m:tM]ݭVסyۇtV9\ZIimR-D,qVQxddTd3f-ڜ][CQ\Z~QP\0d윿yW}\'oG[VK	6]͈+v܈jؤ&]1^{(\0=~;~m]?[?|f].F|5/B;%<:_gX4:\nf6>\rY0g8ːe#s~^QQ}\Z2~+l2|\Zu(p!	uktҎ@\n17,pq\r%?7;|F:ec`PGbfhYu>wJȁiUwjw\'(h0LVBPϬqA4-r`Ӑ7ڡc+lp\\`qTbD\0nKKZ_&v:ʻӯh8	<MQoH$׋\'$VMIPB\'$~.n`1	еJ5޶.o+k)zS`̲n+_\"ɚ<%WH\nv /\n%I\\hh^/= TYwtkP4I>oOe\'ŚdVyt\'ZKŖ~\nP\\<=I G}>䩍;0-Z	g:2ntjp!#a0藨܈޹~\ZǌhӤi`UĊu\'@h2pYut՟~k\nF7eSG?=\\/\\tJRU6i{\n$.o\rI{wp	-~G/_+g	̞\'wa4\Zm^kW=/^gV;\")>58y+ȊR\\2)ֺ~u`jMzwl|\rw|!ޟHƜ]@V͚_L~߷f^8`,VB+癜^J7IjҮTpH߸|Ί_\ZXrt2DOMM]+kY;CrQ\Z$xwqR,S9)#	ㇳxVoWOrա]x\n}cVZ(5dFN~ɸty]Vwzw@׮yPp5yi+S9)|h,-չy\n)[QUlH/}J$GТb^7kuomj<Cvb\'D!c?6Q\n/=m79<4j_}uWDb->(߼}\ZCƎթEІe5XrKNo֦G/n8l\"cK؛G\Z^KKpaEru\\ƒ\0uH}%+QM &G]n7u\nB{\ZITosܦ|X](<73OB,\"RHXZ58]`0p$X1ӔoexZ89*^&#xIJ֖2Yo̬glgPjQ7%ͪ˙5lZK82hUgfF\0it$;w=c407M\0!k2AlQ_hsEu:ٽ#@̣EƸViwp.q\"BdKo_θF`vxR~¬lE^@_QC}.O x;\\m6[XI{@@`&-ݾ\'#D7=_cY3g+L/hu^RW9srB٢\"KjG\"C_A9ZjZ,I 菟\"^qH>:-q_NK*f\nZRERHY99Fs1N})h)y^Js^Pe~ʊൖ1?cw\n`06c0V8`c0V8`c0V8`c0V88	.ͮ(.8p$ϾzYLx\ngĐrк_3]RemrJL1N\\\n^op|Κ;UD^M t@)ObH[>p*Y@p{\"Y-y%<RpUr`6ҳ$AXHaNQ{@N+\r\\g)БpFLr\Z55蔄E fnnׇc0ΌCΖa0R83\\^\rFSx5br\ZFi|0hrkeh[G`2IX\\\"j6B 5`,]gVر*\'KDZbplyAޮN~=Q\\@H&͂~9^rzzJ,( )-6}I 3.ֵ[-Jh(?);&P^ժLp$!>g}	ҏ#$-wEԫ*<fނ*3Ci⓷n<-7=si/HSyHyq>jrKۦN1O<|r̲m_Z!_W[|!j18\\ #p9%Tdm]?^߽<r7-w/]ˋyqγxx<.qXj.4#AΆs֬)q]OAzGuwN&/q^;}\ZBϘF\Z͑ӧ46GՋﲆ\nvpdQ&SaJBBDܫOX8?)z&bnWilxc`1DwѪS@Noʌep:36%-|Vm<i91[PZ5aq=&~k7;t]x|0cww#{I{j渉kW\"|Ĝ>ʴmPd\\?tp^Y3wj۔x~mw/_^;dWDpc?x؋;?q|;K~?6\\l+G.Gޙ0ڠV%	.-[>io`r3K	\nt-b7WS^bIg@`@!Ko0Dְǅ	<[`Wmf¡\Zvf5:\Z*E)&LF\"^\\^^~4\rbƌacNmwנ-a7_S_:ֱW\Z֭GzB%ÇL9`w6F\rzР~Ug^C09/j܄(GgҨ/^G,^I$J-&Pa>W\'Վ/Q|/)JOVb	T{Ц\00%LnWtJ)H`\r;KHItӑ\0O2w[W\ZKvue~LczWIU[ku7CmлCM6LW.-V0d<߫,g;qnۜ!~|$xS㉽:0/?6CSnة¹-!|.iYiJM?~Zla#zXL3/nDR^F:5?U}\'|ӥCmj	#.E@	6}F;\Z>	8~\"(Lz~άL}7ӫ	ǔ+ӆg@$V#mk՜~H>RFbkܨ6A[Vfp}PQ\Z8;%\\Z:Ɣ3prYƙ\n`pƙ\n`:Zq|6\0\0\0\0IENDB`','-39.5,146.5,369;-39.5,147.5,375;-38.5,148.5,416;-38.5,149.5,426;-37.5,150.5,444;-36.5,150.5,440;-35.5,151.5,440;-34.5,151.5,437',2070,9,5),(5,'2013-02-01 00:00:00','PNG\r\n\Z\n\0\0\0\rIHDR\0\0J\0\0\0\0\0yf\0\0\0sRGB\0\0\0\0gAMA\0\0a\0\0\0	pHYs\0\0t\0\0tfx\0\0YIDATx^t[ו͚{߼2[I&ɤMdq[e˖dY]Nb{\rDolbH7$Hd\n:..=>uKqț@PY	ț@PY	ț@PY	ț@PY	ț@PY	ț@PY	eɻ_ҋ*- @^\'0x@P96c+0v5wv(_@ H޼qJ6@p-ǸlAc ؅p\0S4j휐6@zCڃaTM$o8X$q$;EgYxcLt%\Zl\"yyX[AMPU69³k2#+Ox_Ѿ]+_I K~ʅ {x9\nz+/nvKc01ҵFPQ֑P5mFE.{mP>{9wT\ZAXGf\rAdIfmcDycXJUh^^jly2\Zºe卾7	jJY$Tg8Cql\"ei(wp){!}t[d0	Xcys%D1qHsȴ\0\0{|m\rH88ȔAl\0OYxG9ꚫ`ltz,	GZY\')@m+Oo\'\niI\nOrN<Fs\"aHt,Lg؆$wB k{MY5SP2DRɏ{,INy:Q).1N޶K6vM.5n&&l^aHй41c^\nb`N_\\՟o2{0;%p=nc%9a\Z$ċ?\")Rl3¥~=(?>sZi\r=d*a3Q=[\\\ZkW$(Ee.h[G3R#4;FZ=\0Q\'++ok\ZYxw)wLYO@Ijm,^E~fMkK@5C2y\nʛpږ-+W`)>8]WY<O7q\Z,w~&pdmeR7$;A%XAy%gmbنۂ	w>\0[I0ҙ.l4kMo8(\rpta[t{Fd\"U&Yd<`b2,&W?G%c-/]AF(ޚ\0md&<\ZghYI\\a*(aC-)\Z5:\n\\ܝB}lҚF@X//@Q/iD0^>(h8\rkV\r1{g\'3E~&Aq.wB\r\\2\ryyЪ-0\"vy3񬙫=R$+Սl/[Yė_qe$Xffs\\Sު8T.F9|7L!Y:J؈7)hC=<zXY#[>8|G2u}y!:ɳ*.(ͪm\ZL:Wݚz\Z+țyVsP==gfzKM3/֌,Ǩn\0ؾ{#o<{缾]bUR)ԝ|AIiY(MؘXX}N\\_qYͻ~9akjx5S:N?ܬ?;eD8|^D:CeMDris<4D1n؛yYC-}筏ԝb\nkb(ׂeTǸ񧇯eO$-ʑmq^rH?Վ[\Z:>=t\nүFؠsÇ.E<],IP{C͟\0`lOD7^GpB\'GnRqJ>|\"sy.*)mQxL`f1݄\ruQg6,(`cR:}O^z0#N.罊0#nr+V!`>M7sn&\r6(//oK_&9A.0o\rPW-7xH4ko*^i/o@SWcpLk!lP^AP/EKA՗ f&a0AgRAc\\@7\nc-㼆ZƁe`}\\4s%or}\n\"MfG+=VQy\'zTZEƔ	%os:\\f`D$a{\0rֲD 2!oNL9捁cűҮ%)ej̇a)!jۂp71x]e/>:[	uΊE?QdkP2|5陫W4E,c1XK3EծL7In\r7o3K܂TJ_\\^bGo\0ڹմ0]vݝʘYqysF;A`=691-xXb%ʦ\'9CâQz~ⱜqjw_[pLrLL +{Es¸]\"fgVb1\Zh!K.evqrF)yG8gcjn\"\00&\nhdaN\rf6Ge;NEQghP$d?\ZY0q8@*_Xz[G3[g|}F?̢%>&cr[%+,~`LǕw`&IF|Q\'X#$3C8pْ2\n\"7[(;h{p\0[Tm		뜕xܖ=~lzQHCMg{SzUPEh*?-\rRے?a%/8)?ئ\0-Rq~#YAy/|/lr,), v\ZL9Vs1}\"E\nO?~s$c22DՓuu\nʛ;aio:7bOջe^m\n/\"0U	-9@y*݅7YNX߬l];ϖPYC?s8uq\\02x/4T00NfuGԚH;D;Xߍ.$ccu˛\n<Q(S+?+/,{|3h,6={g]i5qe4KW7 ա]3G;!裓(#h¸-Q\'j\0Q`Fi\nwjwNKCJ4vK{\'\r[t1MU?wjB?ڹwۗ_7\ndP4$_;`W-XarLKpXC^ߟ\0*<7zQi\ryv:J}*ao&]ٸ Xw?4c*iĆc#kZ=?olKW1Qcz6wP͚@^w5M>m[$\'ڈ:!m@iːFQ4;M6:F741-`6=ܺcdB\\VkF4W\ZzJ=<K2|,V}02>~	y>~q9DބϋJs\rٿ~1]cSJ&v痻ubOv\\TЉ*?>\Z7E=mq.!gmy@Xa}可`ܸwMu3uۧT?P@X^,o]/RzuJֵ N,T:A@|^\'~~xܨc0+gV\"s,}\r!>6cjg{J>?W{1!I8T\05:@w]{Y-day5H̾qs؄3,y5-\rWyv_թ;)I?}QrsxR.ԱP*XLCi:/N8Gw=nKL]Qˇ9Aie3%|9YRPS G!Yn,\rzEދ\ZRV3b<:)n?Rhfk䟚p=DS&/d\0-!`k(;I5\"jæǯ_\n*l\ZXAJ\Z$JRӺbdR7#f6yG{k)Zǥ5_8O ,# 怒ưZX#(G\':ƪd\n#ɓ \0ȩF9R8h4KUS8~*}<56<E_;3:\rF96y\nKwDwM5u$h{d\n2+k*FZ94zz/*t\n|uBotWM01w픘!7q%َEK>|Oi/aYX3yS+wQ5EBji|UKo3O`\rW\Zf<u,ʠcW.zE\ZFO[eG7ƫ<QH8zέ4JZQ\ZũfQ.=<}O8|Qxp3/(_:ɗ@X	^o*]`fK\\+jB{W$T7c\0OO==F&d<lxy#hi}s:v-#k\0!2!4V\ZU7\"\0󐌘K4JZWP؊$rD!aQy cj%蜻{;d<$VՑw\'<y[~@؛J-\\o/`MOP`%_A ,/L(\\/\":cpu7![+7{Ta`r;AV{쇓!Pddll#9a0QsԌڟ\\?7=r.J5uǙ>Wņ7khunޔ@?q\rW̖j붃\r)2dHlypl_laj}NC{)ζ_F$*(ENA 0Dvɜ죳|-\'mlBCۥ)u~Si\"+aH*)053\ZNx+Z:K<e	\'\\:)@g=#/)o\\33	J0Nwr\r|U}mC½s<).]*̺7Khc#4SP>!O8]nĔ>:* ɍ/oa-k[s\\28\'>.2>Pлj6P܏Fl\n|2GQEmN8=Bs9)!w36JZWQ~6QPA\'i\Z7e/\rHwpM)16ϩ0k otbdn|wQx~sHLi\Zh~zdUoy)|AC4x麙\raCr$A8y?F[QqRVrr}m<}J2[e1JJJPV[hi~X3P1\r7Lv;gO93&Z<\';[l]WoWHz$~Sĳ6TX\'[%ZNIqBRݠW^Ssn+0&]\n\\pGҒlBBJ	uN:TՖ7w8_KLhĵQNAԼKtcP2YI_r~/&6ۤ=v\0hyZHooSOsӯO1Ȁ/<\'_g4²̖)NXmy!ɳt{FQ9an0K^bUU2ΨLMw\\8b/o<GN;\'ډ\n1zaOeG^0:[`\ZiB{N:64kcf45~{T3ojlB2yӧO|VRS_bUoA/p! &3u[6(QU5!.Sw58<TBPQζv1i	b6!!Nc\rZlv8\nw|ʤ춮]݇OhNY\"ud΋~C\\/s	XS6\nhǁ7ëv(uTukRuytՋ+V3|.0X\'\",?pJz=u0%!1&,\">q]Rz\Z٠[ρ1\0٭ҳ7.|Spa(lpwwO.kt\'IW֝_\0Lu+\nKIX.l\';*pqLiک̐Yg^~E΍α_QN;G3*+|}BRZMQ@+chK̤ڄxd	:g#o]Gs	تi !Q١HJ\'@up$sFiz7EFLuj\'^sTJBƄ$ɀOZ14v\"G͖w,EBV;@~P)ykKuXnEx!D7o3K]jWi=Aa(r\nwV~:g#ɛ&V)}?WywO\0{vB7Ąe[)TrPYsa\\SIXcj%%Ԓ\"b{\0JG>1gEXkc9^̬ۛ\rA+U>JM4rRҳ!kņ`\\lS&y8d#UĊs\n-(^!\0mc1M\0Nةs\'ݶ폷kGO;a!Rdb88S8LjGXM$nO_$.JO\nlM]6<RqB9nZ{SBg\rc*y_&Ū5`qtL+~@g\'S;,҅L?!owzQe=UqFX	L?(sڪ{DU/Jڀ>9o+3x/qPM,VEuN!XJ:u󎮃k\\3@aY3yDTB,	ڻ<xȕ=X9`m}-}t_z}rZt-z$Yd~˚\nNUW)\r;a[:EV57pcӱrA ߟ:xϙ+):poze`d#:s^(8fNcb>\nܑ٢Kw.$\rRqώ\\\'Oj|=΅\rC-u=\'okZw\n$D\0qiێߵ{JPP[3ɽzM0m\'p\r|$8 bdu0u2bޟ˿8zN7͟	8zEͪK YKp7!1l(]_I~y#{FT*023Dڸdgc76|>v\"c%G,*g!\"\'m&\0ss$\'|Ai/#cl	?yraZޜ5Pk#z4}y+Z@OE]㺮}Ϟ~\\Ï\n8M	vl	׷7EX[LPgWT!<).Q#^,ɘ1%sQ4ClEhU#}M\\k΅ຑ~$mr.avUgt6C_$G2oZ	O).TB0W47# <j,JoN_Gn65IEiWu7Cu!nг/o	kg\\u\0>\\C\'	2)7f^AwRmY,F\'5m:J[4s(k#EH$XGdҫ}Q0Ս,f,d#<-[$bDЫu;LS]N6>yd\0|.UjMD@F͑c\\FX=a8zX\'R(C$HԈKSJZea  ]1\r゙ixbo2)i8_י@Q]W\0}pNL}&m{ߢ)Qk`E)\0׌rK[S PaeR}c1,葱Ik䍠5f6{,@bJFXsk\n	FnYQΨ_=shA3\0\rtJϑB6?^\0l;eJUN^`6ud65،AtNN<dCĀ\')Kn.펃O0㩥OlFyǯqJ3״r2!Tk:dYU\rcN)?AKIs0\'t:[	Ģ|St(<,bJ8蓓QE-1 ,U4{:\0%SqqXE&-,|43bgߙ_6`[|R`?CLijEFn%c`2&JPiǯ\\u)?춱3/uJT+(G>	Q\rip(¶Xo7j;9Yj#y杘Vݾsn{O>vAI02b+~gsclT	+$3^a1f*ψ{	nV%@:ɗ-oZTP$l?S\nUȼnj	օDӟԈ{*y4M͟;yUNR]$,;2{ߵwlvMFex\nO5\"-/X`Oiܳ{\ZN-	\Z}F-f;UWg7.>xo]󊹣:?l\ZȒ(Ir3ԓkT8%P	2w?0\"\\}sw>9KO`:u9v3ݧBjgJd{kh赌ǭ7s,}];.+5y\nd]ʳcYH*?|Ş\015\nyn;t2~yvt]}wTv}\ZEtÀ]И`,5eFD۫7BV =|+i:g亝w9ؼNt郲)-pI̱	e4bfKk$aV8ÑNuUPySisYKh+xR8wꊑ5V/.}<m82-+M2UCJp62%a\0eP p`Yw\ZYst@5(&h4 g:KFD+(p-Orl:y*L6pcan:8G#=j+x 4qqWbpT8V2}8p/f?NW\0|0fW5KUf[	pڲtczImlvy{?8uXIxC<,WF6lvyztWǇD22go3ȑkĦC:xzEs|ad::/LP[#698yCV6F\r]>g!$+֖.o-IVCL26,Ho) ^c6TsZ?*IpQ^	i]v,K˜lVy\0}44m^Stbߜa`D]14a,(;auٔp\n<l叟D\n)o}aI\n|Jx\rdp[I큧TUd3ʛ1̶e˖ok@;Jqy\07NРg=\"_\noZr䧔ƛQXn߲O782O^^a`r8$yw?W61>OUq|8t*Is[\"4sꊶFKٮAVYj6jT0MLZr߾j\\޼4O/))H\"-8O0홣ӛ\"M1E~Y%Ğ\'~\"E\Z6Ҙ)(QH,mZSy82$L?&쒾9<w)0Q;$k:X7&/잓\';il_n+4i+\\r`;q\r*yHjǕ].}%iucd,\r.NOdq0Q E?V]W\r/o4$\ně:*9/M!﫯w}1P\">Ȥſ4MB-A\'28\r!O1N^sk ]qXѸ*N(ǘ-<FXfbkmǽԇcٍo.]{(ʪmwFpl,Ҽ#7v~[ĚQko3)3_9**{GEgJX鉲	y~l`yc4;|sC~pJzwZ3Ó>u9<Oh8j\ZհXPL1n[\Z!}|x,y[H䊅G_F,a7sNrϿ*˷XDypJ.GBbN[N_O6^sº#L8\',#(&n	SB_Aٲo؛9cXt|e\0ݻGvZ?W:4rGv怾/Shuzt		ˍ9Yp\r{~}m6i\"j)5g!)^ҡ\npg=X& m2A:	ˍAL0\"gUZV\0cuPJAMJ(O_;uy/A0tiJ\"M]L 	PGe/\\n}\07a@BC\'n\"\0EMXs>ʀv1,Dޔ]S\n	kcoQ?wd˛&N>cά%&)2$$a$֖$׉^8ؗ	7wd˧T9]Aaj,N@\\%\'?6\n#P74b(fS˛3kOiJM \ZXf@hz=|?l0y?kQyu`9	5M0ζ\r%~j6=ՆܡIP	ʽvxHVL;R9ѰrJۆ7J\'@UVSɸ|@#]aq)%C#aNXk06r1Jo|U;	WY(ae_[	y Qu6ucqWޙ>mvN8\r%_[Z3E.EOP:Nn[l9A/yA=\0Bı/ܲuЀ+_#7ݙ-3fnXA1gxգF{=yDgh\nLܭ)yj0\'\r?֘2f/bsׄo\'\'*d<mI,{.㙊_P}!S\\?d\Z\Z}AnZ|osm3ts:VeU\ZaBV]{&U=39Id/ZV\0w]3Tl4\0`s=-tkMjMR>cEL >#TOk8U-17nu͔NQ>&X1\nW|4օvRӽ[àD)ch10@T8YFɐWLd]a~QKsݮ*9+SYy9C,&=\"Os6)QI}}t$N*e$1wqi&\"\'X68E5boΨUPg~~®1NtYyrʆCi/DNH<DOB\'  &<22?le^E\nGSB\"S}/&N?sBJU՛j맿wjos@Slm9ǟZ^kՖ7j\Z\0N:jV2=u\"zj759®Gf6\n_12qI+ɱ!۞~`\04dFޱ4+,*?5+&\0tzkN\0k;oogk˰fBK	lTx7.\0?Uo;Gۧ8=>\0]\ZZ1z%|gz{;E`4L\rn*M/ś\rD~cLS\0<|9s>$|V[ތAn_nu\":\\8K\0;y0cͽsZ㸁69QHZ\0b`Lɀ#`TڛOe[x6uֵoOmfpݏJ5K[읭ֻXˏmڶ7͟\0;O/|˦({ֹqrMFXVO _q٘aA##+{*.W<` ]\rL%رj%Pb\r\0gq9P^Xr#7mB>\nٿz]B^`ZOiCuXQىo8bgɵ][5{wAƒ	gƨtHvniV䦞Wߟ?k^$o?Tx҅Vn|W)9`ʍ*.*VQ̒QCԉb%[M÷P[Æh%!IVj>^v֎y.:v>Nޱ)uN	YQNM=qu\'@k+FaEX0-c!T,bs==ѹ9;<t^_vNGSgjg髮X#k&oi\"I1^\'3ۨm|kOB3dW|-KI,UG]f_p渴&\0}\Zʀ]bu5)Eg7TF5>\"*\rt\rQShbHۄd1ܱ򯟡P,{	wMohCjM6qX+/aig?%1W+Nǩ:O{PFL+_|P=r^j^EGTXkvRE00S]_)ʮ6sp4uemo`\rSYJX8+7~#PxJ3iԟMbV}̀98|8sAgLOgapF iBGvJNX!lBicwkSlG:\\Ӑ10VM)k36h~3[d|?ؙ+7W`ՌCRݰuH`6C<QZD17(qӉJ6Wv*SV6Fj}=0wø˸RTJQ*|ѩQ*z>\'ƽ]~ago]4R-,*r\nè<h(	.yM`a;Yl`\'Feh4\rVGsHcwMDfGtb0ÙCgnaW5\\56Ge/Z.TJXo\rMaZ&|f{4A㚱uLFh0_lV{&8rY.)p޼&(;jbb`̃@r1X&xWq(TbۇgVizcsY!ˈJbdUE_)lǀu**/bA!9&2µmz5>73	|_2O0JM牡s<]ZT\'zgvOeʨ>B?[e\":F2PTHbae/f\rAVD#&,>,#*%odm3ff3of\nX9G`dDkr>2:貾QF4^^7	H/\n^!c4P\n68$NdVۻD8E؄=29lX P\'#\'2Qrݐ=\'Ct\'nۺ:^KL5B7\"nJm[7YTHlMi@`t힀r=EP38%YEffLNA$8^@KTK-\"`PmҴj0*N)Ee枖olbA9E}SއD%I!	Cye<\n(Z?JfAf[x}uP55wllZFtΗK\r]8ᶵ=&oR8pUUzbiyʾQ\\\0GwMfQZ&풖{:ʸ9R\05?*\"~@\"&U}Q^j\nޞY{E[O,1jr1IcUTV«*Mw0qqKef֛ׅXT^uV98mt}-hf^/ =%B\Zj__U76ZߌG~8\nJ)ɽw>a%a\'?@5= \r1\r\0RPH٭c:NA:NES]hBn\0mW+}aK@v`>s\ZJV$otX(WJ8y3.WF@C34[?@fS(Z4˝/v8ii4Kѡ\')z~/V-gDVp-]e_3i2|MJ1i@ZR7&oaaIz-miv<i-ˑ˳q-jV,:I~odI}|tFg͜oʠ|lbn\Z]L0u£MmQI(J/\"NH2A8.9e#ߨgťezY59aJObgﹻ1\0w\'z{\'!O=.)^Pԍ!\"*hJ^6uwOMGM7aMP/KGZ7)i g˰xVU|\ZqfNS \\ʛ\n4ƛI02DT(7o9erZq[Niu#P?NBC\r񯘅WݶL|kІ\'Վ:+ΟV(!!\r4?|=\nyK~uXt4?5_F+;upbCfT^,//WwZW5-^*x/f=y)҆iL\05V\'NXv.lOAe3`V?fͽҩ:Jp QVZԎ\0zϛxDY[h:eSm\nԱ`V?z`h ᩧnCհ{Gk\\|mҋ``tsxt\'~?1a۞{+5!|wmTcxiu6KaT$[uK[B;b}ty^~u>V(LX\r~.N|!Qpu#?|(x>#1\Z=P7v7</76t:cσƨ\rk/D$wY	S.C{dq*Ii_.)?aRT.ﴏۄ;D&[gѷ˨Xb7*|Gb7ɍzvCjb\0OyisO&fU\'}yNXÏnDߪ^䥠HSONLSJJcBPQnO_7M{D.ljۢn_Oo`K.\Zd,\"381j}+n\' 졜/ Ü)d]<q?ƧHY)֟bny5{D\'\'}\\^o_ۻY^LX@\nD[\Z*-X|i՝AAִqǗ,K3\n\'{ADa/к\'ՁaqBmgg2<tDej*9(+~Ʃ*\Z-vqLn4b\ZFU3[X+ªcm79-铧sijwt0:u0Z!W9uP6kBA?`1ȊF\n5Y0Z&+졲A:z 6Øs!ޭ\\ưaMRE$ F-mr-i\nsikyAda@|±+2,ot8xqg~_-{V<yuĢzH{g׷эs%@\\?l=rקbwnǃ+йä*q|F9rHGG#hܾgyvkYNJ>rq\0^y=^\\>®YEm3)[JF7N\0w۾;Kc`Dvs.9XB3tm?]42cno˃~O7E)|gwR#wH>Ovg5W/}(k\Z͌rVxcu\r<j\0v\"}8~(MZ.V]rǦ\ZUM9|3z6|qs<lj$|SW,$b_NcJ`ܻ7|	|W{Msaji;A0q]ݒm5\n_lbfW.<~F+Kz߾EaoIO)*YnG:No!u*\0+[|XA|KV}|Ѽt\"Scݭ}n^(#K2G(!-{{g\Z@X ;4#^I)RH/J-Ӷ\"+[w|b}>%t\rc@TRn˜sj:\0qzRbbAճS\rihiԃy\rp]yv[3?\004fת|)-ol黶8aȪ.e;gZ6.CK\'\ZZ\"2Jo.77z瓣.\\V?2عÚLZ1s\nQcl~/>+芡WnIFTVl~|ZMKd;^=5Z.7 -zIu\0ޡշRݖP~¼,9c(O_`oݟ|vxz1XMn)m)TC/Y`67sP\\Oxj3z$+ީ0&QLm~ؗ]	T\Z\0]ֱ)+sH?n{S7ygm}랙!&ZdnWI|\nj<>{L񆡥qrf7{bi4ocsDP1G]8Ơt\\QfALv߾Ӡ=32ݹg/~5\nZP;ԥКJDO_]*=|A򃧏>*9Wf_NmCuP\rtLb	G!swqЩ7cTMSiꉉԿ7v	qrXZ|O_x=o5K(ܡnVNS+fOO/\\vJjicqhVKW~ۺEB17s<a>O5U;v@8	i5޾{NNl^:zFm;>~vË+%Q=j^3ݬy>?WJ.	+@0M;xүwO957UYt.w?!jy\Zd3褝9|8ǌ~`)%Nn\nSӻu:Iɗ[y@bn:Q)qb(Jzx]}N^By*}}<2_)\r,	No>;{:)VBZ`K>mu\'yU\'lv$-8UR8s]C/DJi~ѻ~\Z	\0T3Jy\"||Q}[r2r?W3eRM9lHڞ;!}\0u>X{M#stbS\']\n)⋯i3tNS/>ٶǣdbVTiLPgW{	\rwlVD+V9|n\0;PwXoi7Ɩ@<ujZ>]t{TAC.NR9N8~+taUM)?KZ\"zcxRY,(?J޻N]^j(IOw:ۤ-̯\'9_uUk,Αt{exKhn+sF4,0T.zhZVV\n-\r\nyS\':|}jee@x>ϟѮh>PqyhW̰u̩ٞ_g_&Q;{?K<PW7\")Zo8?ӧ\'ok?s=b>zuSEJI[zz\\\'h  #4&v{XG.V(\n4(osËō{wwu{iJi<`PsqʃunmM)5	+\\	6TQIU=Y3K[z%0T8S0A&TP0X-42_#?|0gEv{\'	_%s4tךfRp7b)(,cadCIamdcK33?pRkEmӘxn.fe3h/7-ԍe^.M\n_įkZXKR08ժ*;jLiڣ\reqtN)TNX#%	_NS|Ҟjm\0ѫ29?#F[*+4uxSoL>oc2>`/Dq\nJ7KkB3!/[ɚ6VFޝHKڄř/~2KҘzDW\na\rQ1JbBuSWk#%+4Q=S\'W\ZddoianyIFr\\w-*Q\n5]PXi854\nsQ#X\n+nCu3po?>Gwk1+|21جG7&/7zWyo4`uH9eVP1Nc_4V	(6@{;NևjknYa 9ܲB(\\_9׹U֛1qzmU5A.1jTVa1\\S.ciGa\\sy]F2GVuy(GsJwJgĔ<DlbEtl0xE	rⴠ8:Zih(\"\'&փHXRLYWnO^w@/߀Vu;z.>ю~Nzao;kj^v\r	e;&XGeEyE٢\\ETzG_*r~r]|-l3+	\r\"7\nK!k!$pM㡅K u]䋥Ю\'C-#,/<~%\"඙Z	`jߺoaY/o!$V`g-otoM2F޹\ZX]bWK*)S~|buc /K_{M&(}0tK+63K!!^Ωy{E+wlrmh,gTS3@yo~++tLPW@X\nF=pXzb	/ț@PYGm:s\Zz9Ճ{[,LeLaA%^˅^~J/\\fÄA\nٲOp\'[C޲忹KޤQd%lٲioF ƾW4L3Ā?&塚uHՎ/<O?Ryןw	Vx:ඨc<<Q\\|?~?S&6k07<vO\\2R7D[=&7Fؠy14RT>͖sP |x7*W	@IPȷ\"YLRQq;1Ѷ\'i̍!@N*O-MQP/1gj7>*y?J`qHؤTpQB/I]6>G[SkAb<iZz^_M?OPl8%._t|4<#8rF;\r؆qTx4D[%d\"`-8FTJ$7?*vRR~i˔&\0}w+5y7GFyOMFϘ5~m}cXf~w\'0_`~8l;t9{QϙUMԞ,t_q~WG>ҽwãwtqt3%l\0κz8\"Y@MSNղYL}1]ۭiã\0.|νLi\'}yn<4}-P1EMޡ\\J)\ryrU;R2EwC?=_\ZguE&?%(sW9\0%>s5z!חsu:8꼶q\' ~gB3S>~W;;0:\0[/#VT콝Z\'6\0Xyiߠ?/߮o<t_~pIeQj_׻s3l[e\rs󗮜og>cmO_?c^+ٯ^-pl==_߫S[|4\"&y?1Hm/N\r~<s	$O{`?D/aO{׶MP.u۷\"Kd歈R̙%1p4MI>jFBz[O~2Qhxϙ~xWEٻW3¦ˣ};oCD\"o\\1\Z״8rВI05o5ML5B#lfs*2#Ze%ύ\Z\Z:w7	8F374B\rspΝ`wx2?i\\iy\0>?tܷrF/?pTl!l6s^pG?=$/J-\0Ie<4vsBÍE%`\\܆	*LkC˟*,?xܾ:j@kǗcVt= j.{1}~	7=/~9!VdC67#FH\"/f,1Řӊ4Ryn~|(unT>m\Znf:s>ɸ7ț@PY	ț@PY	ț@PY	ț@PY	ț@PY	ț@PY	ț@PY	ț@PY	ț@PY	ț@PY	ț@PY	ț@PQGH\0\0\0\0IENDB`','-27.5,113.5,125;-28.5,113.5,124;-29.5,114.5,121;-30.5,114.5,120;-31.5,115.5,119;-32.5,115.5,118;-33.5,114.5,118;-34.5,114.5,117;-34.5,115.5,117;-35.5,116.5,119;-35.5,117.5,119;-35.5,118.5,121;-34.5,119.5,118;-34.5,120.5,118;-34.5,121.5,123;-34.5,122.5,123;-34.5,123.5,124;-33.5,124.5,120',2030,15,5),(6,'2013-02-01 00:00:00','PNG\r\n\Z\n\0\0\0\rIHDR\0\0M\0\0\0\0\0\0\0\0sRGB\0\0\0\0gAMA\0\0a\0\0\0	pHYs\0\0t\0\0tfx\0\0aIDATx^X\\IYvlow\\tLw*{/!$${OHoN@&x8LI%U	}OdF?9qO!:\'V>Dʇ@X+saCtN |	9!:\'V>Dgu<B\nF[\nfE>Q,hM~!w+ V*H\\1g۪YkژIR,C HVrw\"}G|b	եs$v-T׏Y\'@*X]:wNt^\ZicY*n*9olcS#PXc`hS,I 0V9bPq,n1THխ%	*9lCu{Z<tLd%%	R9I;H>6zQد!ȠTGl>ZǔB1aTt\"O~oc+#\'_*5u_l㘐_0^|NX,T*SznE~9]`޴hVa岘:G+Q/\"ZK6blȫac_ɣZm7$$Ub#pdehUX}L}c+Z2o4loĹq8ټk+UWh;8=UҷlGԹ`T=-75vLEk*)*w}=-\n+%]4gNR#|RYRJ _QhYLӻ!y{,\0\"˰	pbiQъxE[VV^V~V!andM,[^GDT3<Xy(=D[/`>-`qӥ~̓	ȬLOd	\\ѻƑ4CWksªbQu3F\"XY[x?Q{|!0\0pA77̷VsZIr]TF&3\\[]ܶ1*B5=:g\\S	eʼE>\0Q\r(uwO*^s,;3TʅGO(ȩsLb3\ZG5<m#V\0s$}fc\n̄/F\nʜ[~AAd=3qmKB߀8z]d3,aE1_:\Z?-蹄jӛGjNt\\/w\nвvַU\r(CG^=2n˷m|#ڑEsRPT{ޔ\rTT O}AiMG7²uAW0s>g9E#9j8Q\"(٩8b\"`vߏ\\=U1UԷwWh0x;(E67;uGǻph3w5ˏǞZZؑ?83iTL{,Z垥a\0X4G0+ va^/GHz)}:Ge6%h\nSo;G\"ӫjwoOõY|vO\0#Aٳ1`g:bH% 0;~Zx7²:y\0.n91/\'a6	M\0\r[kJzkot,y	t)YվQn̰\Z\0/&蜰|y]Ϯ\n<wDuLB-;6}A]J~.ʲo&A_wqԞT-\"C\':\',oޮs2>ݶ{ԞTJ;r`8m?l(g=\'AWW#9_~	9R+(mqKNh	˘w=P\rcWӫ@0\0ƞaэO9@LnfRuaK\npNEó}7~vtx)	p#LTLl2<ay8J|L!]{XI~Μֲ)u4:wZT;O?4|!@ ݝ^JK	0͓\Z6SOj; [\0)\"E.UbUҷ,>2OSYSbtc\\B͢+EtgyA%KHO{1@ǉaWgdi4@\rKQ5	m\'I(zuIvI\ZIX,#\\1<wh\rYܩ8uqޮZ$)at!IpjbtQ]Af\\4]ؚy=!:\',{QNqF#.NN{FAJ]/&<JX,!{ fPUTNNQ\\	U\"r\n`!t?dʚ+X\r[b*ǳ:OdRü3\0~Z}̗cۤtE_S|V:\n_C<ay1:GI8]QP5ϮQ1z!\ZcEgpyC8\"	/lvLb9%]9De<>PD4G_!h9Yh&vNFի0)i73uc++ZמSc^Ԇ~^ a_g\0P#MwK\0tF$]T ~[cLcacί4k`ZK1$GX.̳>M\"`p+}_%`ܲ+kߐriu.b1zY(WPyj1ofai2:6)p0Mbu[gn1C(;݆^8qRQYqi̗ᬀDalx%7d3e.Cˠga}2uNx`jLkvS_Ib8E؜LC\":$1%?f3 sraty=nNۈ~({3\\-gvv\0Sn^wC~87V7|uÖwOJ˃9{f?3oWC3DCEOy`FT>>mO.H6^dfqj|zF0Rc^t8_zܥKo45&jgU2эfֳC.N˂9F˜[yڙ}Tjp\0\"Sz\'# f1haYP_S\rEu[[-TaX`Оg9:$0xDgYʳf~`#Ce\n+-bw<	$0b\\qjFm-g=\"zxS\0C`V?Dv?-V.\n	pOl,3_|RtEL1E~ÎGNSOz_Myы_|Y-Y6n|yS\'u|3>! )Eqm@kExI7?.8 ØYaIVA	n9K矖Ǘ``G)\0CDX|7oVqg4魝_%zl|]\r):al}euG\n^~Cn&7M()~!6W:ijkudnKY;t+gjV6T㢁gn0jkvs+Ё\rfoǑBͧ>o@gZ&6x꒚q2FH9gDzjF&˅i9WͿ~)jT+]K/FUA<ָsJ:ogt8l-}Ѱv3\Z3\rVĵp/Zy8!;\'Mi6p`	˄w.g>xӘޛr$n9\0\r\0On4Vگ\n^6iOx}>$)w}9o΢泶A+P`p=];:arw ,|\r]mb޳*F;\"n:b;>{j?c6رC%m<Jexz٥nr\ZWxp} u\0س:0nTK<Ӱ!]@X7C6wQ8Fx$*%aNt0\'RR/%Ϸa?FCĖ<Щf\Z!`6;픒oQg²i~I,+A8Ext\rg*ChoI@3-,us5	\nZמ\"m!(Kw-h;h+/Z07t>T):ޜ>i@1|)t!u6oX=@v)sb3\'%gK8w2K.;&K5	2]$^!01˳u6x)|ozB)@;#oQxL)6\"\0VG@?>TrC+X$uS*\0`Oжz2rJvTҷgSQ\"sU,\\`x#5vr}`10\\jR`aomQԌR|NVκƮk[\r\0E%a`}3=[Yxh&+m[턚ק&M}\n(Nj\n14S_a7\"E9RGu;JVޏ8uR4jAOM-)D7b^E_(NAdl\r}cS_?Eй\\wI/>r	k@CEӵX=7&F-$VYk3:6\ZYE8)|)a>X4StPƾ8nkqm<UBz~5ajce[ftNuNfz\n߈@UsB=S^\nZ\0PbyR꡾i\rRkUt<a^Y:*hq3Tx}ɂÁwmtY\'++AZŻF՝0+j		AjA8LR$P\'++D|)Xg%m.e_og	_\n9CDN\nqY|86FÊ\"KhS0Mm,I(FXAWK\r	#mKԮ_@ |8+D>,mfqMfPn1aU°|tAeryC`X;\nR`9?\'@Q9uΩEwHw\\\r3 p3L-=|[g}anY:Gs]4VO_NrߚCNv袖[̼,<<tmfE7|-CoB?)<DHY\"?Ȳw$:\',\0C$&vg4S^M26\Z&F-M>Pn*5a_VEW!st9P0D58\ZdD_JwB((Dc>6룡\\|Qٯb*bHkxFX&BY9sȼbuL\\>11N]9Jfu<sv(2>md}ľ%8<vf9ɇp7n/.mۡCL:.@/4*!!/\'{RdX,λ c,1$K	ڧl]vnP5{:F~ޞ+,~>BP]KEQ\Zf1sguN1um3:碚Z$S~*G3\0aJSr\n<,,<F\"ҬlHχ4B@JUKPq;BgC-yDD4&m`3)ܳ-Sjà\\rѵ7vF3Yݐ|SbBvMGT\\uxB1: dtטx=?|V^ɹB(m?f7ҫ+otЅ.ig  *O7\n9{%`NfNDظ?J,\ru<y7dZ0ʦ)`~S{$뤛s։c,-lcџ+ӹ{\\CC\ZZ>>(Ժv(El\0pE¡)f\0ds>q2셰v\0JElR\nziuT]ۈvJʾz/31rПg43\ZlnE+Mk\Z2y>:a	8~sN	\0/r8M=*^ܸq;#\"\'U/_HKL]w[OuSf}c44z3{RJw|`{~p(Xͽ	~nNI^jNғ7˓CMv5eTo޶c\'_(\0vѦ÷ۧ_zE[{1Eb۬\n ycsׯk[\\ϱSD%x\'}M)~v^e\n!/6=![Ճː9>aNCGMJ	{J񈌯S<F=9ʗnK1T8genZF-|S|6-4 34y/ ,YZӠ86}/1\nKRo뻞QS\0{M,+2s٬-#dx\Zig`oFOc4	<9;c泶p!0gQq=SY*8+\0V(K(`+)(Yv\r\"`81\Zli_rrC\nѹlKIW!<%<26*5M-~RvپW P莄y)D[miMxf^aY9:.e+ְ\"A^\niZ:\"(/lCs<\'呵\njeX7Kd}X9:h0MrȆ/ȷc\ne7n@{~0/\"+G`YFg4u/V\'؄/\"+Gh3ZϪE@:ϵ%,/P~Dˊ9-:RXAdBn)@tXQ~;w,S>]#y\n(/ΩGPg8}ƠL-eQGsz\'=,8rlY2Hnyԁ|luͲ9GaNn5{u v:CMH}Y&:C?Yf͓gC\n%/)Ъ?ҵ܉&0s Do/?XZ80%)ޜ(h\r:y_JLBx:vaJ2#`ReGW&c+:2[Q=8df)$]\"1<870,Q}@o[;ёCU0+7HnjTX\"4-\\S9X}yKraаz<AЗLIe^,e\n[RP\\擅ֹܥ|ݳv3L*/H~峭b[\'rWmټ-wqd>ImwO3o\"&}	Ae~bl]m^_.^y؋I4yWk\\=9gP1:cP` $-Y6@[·c4XKwēt[Qi=-{PYhZufJ\\@:Ge4V}c%QcvÖq[1s~t@J9%պmM;Gq&hS\Z$7n)6¢3H\nr4\rדcyD`hkБvmP2A~ϞhVVoZDyoM|V4\n~0rs{-}a\"2\\j%Qd%\0k-,35wY8cr{KQcE\0e]o*-q@M	ؼքj\0zOܥwݥdLBhOqPXTC\nyDsς>fY;./6+t\\w\\-=w)[ٰ#}u%FKLG/{ Nj/sX%tAb*[>,Z\'u\ne+;?\'.V{66_VĹ\',}cF;O]:j<EO;s.ēKP[dxZlCNDl\\:W\01\n*r۩7X\0zYJ	}K(|b<\\L\n݋t|T~@S0Z*7\',e05<Q:ST)!}JxV;Vѕ6M=I\n_OjL1pUs\"P33.}ԗNe[QnCv	BX8߾7:2\"1b\'\\=*q\r*G/`/<hG\\+s>Us\0h;TmKʞ?ucs*9CFN.ym3|k$|,)>}(=,ڕGICdq\rHS9mG&ޗ8yYXr#K_=vሩT{JVz]բZ?r|X\r}U-\roy{䔑3Us!*	jOB\",Bm,ǡ_c*:pJ_pVemZǯ=+\00:x$뛤ݽgd,~<VTM-4.ve޽^`\0F=O`-4j9C5k֜R99%\n4A>\0Krl}`V=Hn^>:!+t)DHSOǄlZͺt>>uvoǸe}S+jjq&[tSi鮡ܶV{X!:u\041l됥\Zp]*OB=@8T<u	\rM1\"\"*}N\";੭?wcY:kO背\'Ξ|~L!G<18m;tv>P40~gA*_^	j%j[\0:YRukj:(_d,c3z!/%\ZO5M)*tzHObӾ~C-WM[p_ʉ7 ,C3җ~d̢`(o3$SRRuM2],Kǎ^p\0G1dl{2\rtupΩJocჶ.Z\0x*o>\"(}1UQcҳr@kŋ&F)a1W,uBZEM\'o]yędRkQ}sƖ=s%ԧʇa]3uu=8])y4};0E	Vut^ݥ@),K{ :<œ_m\\*>!9J\0mJ/\0rp8X9s]w#$HE.~ySYYc#4BBx&dۜ<sy%\Z\0AGO\n$/n>݃na@R~;NuSvX)\\ 5ZI5\'N)!YD-*OM_}.Xp2S\Zղ)K\'ow=usZ&8\'OuEiC:<4X?s:\nG!ؑ,/(2U4W@?Oα[SD|	DB`u:%0(ry.iN{9NGs![lOkgչg{ъw9gKL1<SJq}YeeǪU\\~2,!9wGW%6<>tM\ZO+tG|~h~!8&3aYQ:0z%k`lh\\^4A`KKH\\[@h=x,;N~P5Bu1@i\0ʚŌ^{DsVΙB,yPfU]ҫ-w2KNmbvR\Z-\0N2J,B,e~+E<@_5[/QyԱTz-l@83a\0+[Zy(eaX:I0ǣu4IG!%\ZgWwS[oa~X:nm_8LBI&IXiֽ DԆRp]63%a:K/I^Ӎ\rWw!\'1=	-/]<T^2J)Q¯g\n\\N-1j9Oֱl$? b=U1w!%-\"WhXBj,_\nW5MCB%J!\"j^3^۟>%SJ\n@y(u.ȵ{%i_4VQͅ=>\n-)FU\rwg(}N!:u{v)1*9׬Y~v4Sep[2$@8 &}ni%Κ.T\"YB/>F\0??1LWqy8E3;(a@ҞwCFTJx`V,+֬+0O((2`{CW\n$ԙ,!䶎g^02=Ēx1D/g+HV!&f`nQfy\'bp}l^j:K0Qeщjv1ucj4E`6DD\'0>oe>6yKwi+,VnlGV\ZZ\\stJPmgn:\r^2]3F\0Vf_l;q]U=W&$нYe1He!ϟ}*p̷c8\ZC(fYD?GMS\rǤI	\'<C\r?x<GJֵ\095\r~ɜξu7\0N}ÍY8D=m2qRCs$4MU#~UsA\n\Zo&/?	y9Y\\y\rW+ꆊ\'V_wu\'5\0T~g_x4_]]\rP>\ZnSO^\"$_Mҿ`Z`K+q]:WkfY:gAJI屋~󗬳3|ެ)OAGe㥸GG\'W=n&(-\rO:MkXl>PMДϛy:ZA::孑+!%ۄ_-$<v٩(lS[>X㞙9BoR:c|L?]W	5k7nyM\07n[4LUŗ_4[~R\'a遬O n3ꇠ\\Er)GWuLߴc={iwUng]6]rE%\"ӵ;|*D\\UF[FfHp?\0uh^S8\"K^pyAu_5\0<کrz×͓Z /+_vKoX!;6TAٕbBxIkd$!,TtM{wH28/4L2L^ŔFp1&/f>.mxa^gᕭmGm[t\",(c\Z}`;#C[B =/h$YG!:`sLfJI\nwf\0؜jo_>O@8DzDW\ZKI^gҦ6D<z%JBK%,adfoៅy3s%9a)N{u[I{\r99a\rqfl\0W!$7LI	K!0ui:~H٬vDJȺ\Za2\\Cv*itg@Xfp\']:g]}}i\',U$۫ZeY:GGW>\Z<v7DN9$1z|t.{ʧsY~5N :	4kP*a2\0fCKgлٻc`h͢@v=}RG3z\0\01trKKa{G\'[.s<&T|}e(Gwӆ*mb^pC\"]j&QeXINXHmQ8*#9]\rf͚úowQX}o1wy8A}wfSG\'wPμ@\nS`$Pѹa99󜰔A#1mg:8Yp`ǺAi|~Z-uYYT =nŸZ^+ml\rI&$P&xabMj7ˁ&J\r4n?7ie$,kSL(˃;H	ziFGEdowp㛎}&a-鼋\n3$v*	:MC	dbLEMeE#><X{\"B|MfQד\'ֆ!n\Zns|e\nwxmy7V\"h\Zʕw~ٴ,Q~/!xV9Mw!3ѧ:kwvV%Y?_ΜݴgIM/Z?N~.r?\n\0kUSo\n9!0₽Q~Y+%VؙmΨh?}C_o;S:D*N,>xIfཧYY@w]j8;*7mKQ=MmN}ۃ]5:Q;n_|Np0Sda7^PyZzEDмQx@X\nKS\r?]Sqaßwn	߯;t#=VTIC9Y\Z>Y9z	TH<_r(;o޹y&j˞V\'>AcSZJ<?jݾwNA`G1<\\«7\0تXGUhlwFCкut͛-ͳoh[䔗QgKE]^sxym^(f/hUy`jv۩!WOC~]|+\'8^Ómtja`#,w?m<M+mm{Go6|JBE\\C55mhx_鍇=WI+\'Ȟ3z +!\r459NJo;*\'߄6+w/]u){^v˱){7ѻ!c趶^PY\\y{z!O5SZF-.vϻ\0cמ=k_\\ffp~;KEcwTCoJ9xˈ3	i/N{ٻs\0ǏQL	tyx;}qP)O39Gnen#d+a\0|nkdիwZxmWO\09ozީ}~wߜ~NP0SYy8q|~0Z/߸NApJƝw?~MV/Qޓ_m<hGkRDIFha_Q\noZK\n\\$\\urAlD\Z7XE:&<?.ڴw=VUP6JB}8vڛZǅ~)~ŽMCS>|}o0wS	#(wDb(%2\rs^`jL0O̷˳H7M6Nwq7xiahhͯSKs\"Vf$/&8<M@}ri>ˋ 1+=ҥ;>hXEjxnex+gu>l\Zᙻv.}YJYΫ4rB(0C<s&Ev?.8($kv	rS5P7tgfi{D3*CMCr:&WWIXtK_/V\Z),	\ZJry[LycX@]CKə׏iaO,KϪ7-|}v:[B^;?/̼{͕;Qqmp<;_/9(n]=!^NsWýv֎I>>:&Iumԃ	WL\0W\nJÐ&?7zaWlbפg8.qC/`C ˵<v墁ohvuWكu^*F+9^Q6EH*[D&;[=T6K԰qqW5a<{iPv5qpp4rHS e)6@&6m\Z>imҗQӋN mgZ\0|3\nbU8vP#T9oYA:句Gl3E#j@4Y́4xk\"/\Z%w|BҚǙTW\0te9b-jpOa07\Z`-ix*+&!Uy\'D3T㎞1vx}\\RoŤ8(DQR_̊9WfAѕvul+3\'M}O1r=z+XuM\Z[벋CuaXPt򮡪M d2^h8YF嶏M_\"t<rGot\'H\\3aE;cX\0^{)^]3)lBC/38v/fݎ~O:ie-3rMYJ h2\0Fݶ/HPࣤv+=wAJV+emf[%4S7d)}(}M9j!.u&h;Ǡs=qvTYGRޕG\n)(Oux}:ӥSACǛw6A7YdPT {=@MFrGt?HE\0U.\ZtjP	5=M,?6æb==]X֜8Ȋ9zA^Q&w0u^QR\ZF-\rW&aa)Mq~*n̾	_zmWXSECKBSV7x\"vBLYijg.((Zgl}dEmLJŗ^clndlea`3[P0\n>6ޡxIzsYv.axi|=UZGF9tM,-(9taA@3ҕvNKMcji9RU:\n,CBl39]Y:aLhl\n,k\n)rst\r6	rLr_6Ӆ!%K\'#K+!\'y0>\0v*[ŗC  Vq`, nܤ+Jx	M}20M#@9SKPr09FiaHlK7sSXliB(rH4jg	6#A]\\gNkz[zWnERHJ(k\Z8P8P>E!{{#5`	SʔL5\0ڞIUu:2}:DVαT5w1(x wJ<&38=җap[T<ɯ!pқ\'_HK0 ]*Z\'qBI=жg*iy5xE>?PlnYQ:G#jZ\rBc!q7Hao^Fp29p ehntǣJT|]YuQaE1}hӚFG2Őc4at>Zu:}Q(4SP?eAyJ9͝<Z*F~Kf/\\MUz(e\nzH_l*zP;l=՘~|I|h*?pN-Bf+W52qձR1N(kx{6>my؀[m5^ϞWY6:u>@-9um\0O<r*\0KxYRB+c»+s2lekfNq#>LHs#Iނλ`b@3Qz-G\'Aƙa6#״\"C//wOD\nesbr3Bz-S躦odꠡbjJwu0LqpY~!&>Ķ#(`mh~17\r}֛R?tPѾѡgܹ#S\r|ʞŃTFpwe0z!Rx4\0\0Va)>ʩOϜV\rG=?4Şil8PPtdgJF\rkYNKчoТ.5&eה#zYW_U{QϺ\r\Z\0ż\ZGFvZ1#P a\r2>YKSd3\rEӚ+Rчd)~Hlޖnc\n#̬B&(C\0}~/z;gwl#l|߬%݊{W<tĨޭ㞻Iy}-P?\r\\oςt;ӼP\Z:华BRZ+8XTu6xF)_Jl	\ZNI]`pm˧?xΆuDG˞:Rk͚ﯘF-*|oɉ{2ѫic22^c\'Q( /+G3Y[=v_wAd֜N|,Ω~(FwY*323˓Rp_Jσ85WSo\n[<[Ph71^BK?kdVE={vC\\k{b)+ǽQk\'J15>2JB5[ni8 U-zQUƫz+Xcw\0Jh!#5XEv[7+>Zl YyET&̆\n-Ql=+&{~M0~,x8B7ϟ]ͣ?^(qtvAwLpamAA=x`u/uKĐXPzEH?).4_~Ս<8\Z˰|Yb\r`1\Z?G7itE6ˋ 榺}8ԸECD\Z΁nnW8a-\r2VG2^j/\'k4orm=k:&bt-\r0RZxIơ]C՛[>@4*gtRW9l`xU誆oQ/[b%ٞ60X\\ž׈P6U=Iym<MT=<~j~mYr;i)[ecꦆt$s,@k츧cx;\niQN8=`+O:W}jfW\rܓ^Nḉ_52\nXBmUHcTFPn\Z괲Yw{=7]ҫLs{.f!vcMn[{ݻiH*B\Zlo=tOC<۲sC}{W\rX;fd5Ƕ]T3VBΈJDNT~}wc_?M\0w&\"4C=%pơ;7z9:wp#nܽg\nl>`\ZoZ1g\rBVioPX2\"a-k\'kyx~}=lh#\\Uo}v\Z2rS3xX*kD;v[?-\0v5ob*FƎwDK[ghƨ\'{/Oswvaxĩo޹!U8~qmo/`tB^\'=tC9& NPnopq7yXen!bԉ_2zUf$EߩzU3\0p2$1ߴūmt<r2/l)E>q\r[ؽMH#ʭK\'a1um?S`n]8\rpƩ\'S8XҕBDNu|~fN_1h`.(k>M1m&\0`x^}ן%dVI1EI<|^8{bU0<枻F\\t3)˃ߍͻxȝtNc)G.\\]e]<,?*lgpSIV3($ [@d9(=}D3yDrK|\r19In=Øomt+L@<={`\nSҏ;ujĜGYh8&1&}?Dmu+臭sh14uTSܲr\\?1ifT}n9p~ރ*kO@~mݺMNǂCrVC[Z֞~Q%*gwo]wi);~]t8;ttU^gMފIM-ӂݵ>0KAspr?^`rHI;w\nGoݿOno}O(鞻y㰊MήCnn:}9/J,kpK޶g\rWTfJTg&|\'Mcq~O_UݸMnklu ͻ7tQ|st*>ۗ?\n+/)=\'oaQ\"2$)<|tCαyunIwn9Nkٿ}vĎm;^~ɽ7m\Z{{&Qqo{bmm8*_9\Z\07=q{$T\rOnݺŜ^6n=bHeF7s-<N]m^5ʂܧ憻nNluDrp.g:OOtW[~㡀Sk.W]iqCr܆.=GPy=D^oKB=vYwvQ75t:S0ˑn*gXygqoij9zʏy碁Myfd_}픞?g`$S\nGam>c[LfMGŤȏ׊=\0AgUr3SP: d3/}t<aiA|~ ڨ96}G퟾<v[U3Q8	q̋/tJus^7SYŷ<JD(\Z;n8f(c1䔳wTf3Mc\Z|⊪,|7]g|(hd+|=7\\4~pAz0*}h7\'T򊧀5ꖚyvnMbk=ݳkCsM\'4C+T;Ũo8|,еfۦUA56l\rk]Rypb|۩6D6݊X:;a\0\ZOڤ\Z=<ԀϷkf9yXc+\\0鑺SdNt_8ߞPL@:9F%v@)eszGaC[[&Ӟ\'\\f]tZL\r^6\\8Np;n;g6x?n8~sY4vwU\0JG=>+d\0i\'G{v	زk#ނj\0ռWj6Y_G`Ǟ]cwdu`s|6ٶs7;:MZ{A/c0fWam^뮚=e\'7]6p>Ր\nLc]-8G<Ll~-\Z!7<pϺh=V|F{ݶ>V}:ؿQy8\"yn:V$7o\\rIw#}EkءrSOѩá-ڴyynl@Ò2u9,72Ȗ+Znp̻q2*;EFVm] ec!U/ak~\Zz{ofwO莩lp\r!vw0	.RZvnqKl[}Sڟhi*V45~u\'M)x>[-C<.HwKӪ=\r(\\Jz<63Zяy˖mW\Zn<-g_o1	ٺsN\\E#{k:ܼsuE|<zϚӋa0r]?-,\Z߽{SjΫ;Ӎ\r=nEnÊC-_RXzCdv7f3v񸤦ux~ѥG_&[`/f;\\R3`Ǳ8NGwk2(&Z:G#U\r!Dt3{T=d\rAGIJ/pUҼ\\\'[R]4,X\\za6^H5aKSfNy47/}ɩ븯E1v7OI7)>oٝ:<3PHQTVq_s|JT7zXPyPY5-Z]p`\"b~Sٺ\Z\'w\'ȒN(T(zy٪O!J8_mp=$~w\nH\"O-$Q,#W>JF}2x73>NuOZ~P%5İ:E0;j;y?j$RC\n~q,8/\n|#jOm.wzPd5l<]zr]ԕ!/I7]>C\0gk8lɿ\\>y|Sh5TE2 !&`~c:^GϓoX\";<|tݳe~zܒJ :hP$sLBY/%)2ü},Kd]G\0]HgcI\\aCtK%HriD>ҽ>Q(%	Ecctхycdgh|k\\|VIv/\rVD\nje?!T+򱑒}aPIPZhPPj&IiIE?UlTR4\n,G-Hː$cN4Aj\"3@mEioڈ@\r\rӪ\\2\0u{:1C>݈<aAt>73UkZjojfrqPMMc{wuFd=s	~{S\'%&:1V6Q\"¯k*g@]\0k<gRt\nfXR\0kZ\0mUnPfUѐvCDIW%~`{2[&RYa	5R\Z]ދsQX>ebqUp9W\r}B^R{P}D_y6\Zf!Iuq+p#ydonʼm1-LKy^8C8jP1%MO-<\r}TlCX/ihݐT?㐁Bv۰ylIbWg3^!:_Ϩ|v?7ZEXE?QaQ8/?P`!:C :\'V>Dʇ|\\ќyc3y܀*|V:(Mz0bGQ~<t!Wt(g/S	\r@q׿6*B̦y&xLݏE<MS\0|`\r@ZQ	{C?T߹q{P䍤EKI\\o֋#,C\0=bb^S9y9mo>iM7uUZ*sƬb~%<uUlE}̎$!l5\r6Ct7(?OɌԯsF)>KMge&ک\ZU8\n噘fW엕$>*&k$0<lt%p^\'B͸:}<}Mx_CsϩKQ&bvs}暲}\\~b@+a_5t\\s{{.L*#*V-c\\18uʾ=0n!BW<K=	Cc{|~  @U8:TSǒͪz :.o\r-hlb!:/o^8|$9g{EFg!	A?=]هY8NOj2В?䰚wlgƶC\"3MׯޭV6<ߎV	vގ_ך1q/BvܹS7Go1G3=\"+q&ΑB׬.y[\nTMo[Nn)Hh)By\Z\n෷ouԯ7&9y,!Zݫlg	kC/e|\0wʏQ/^S@[ygE1sd}&rgVw=ڝU˪OB\n+}p⩇g%/c*;h.Vr{!V!D];EF_մM뇲aW\r-/+*ϟw JA_40qCkbCKOlesWr-)ñC/6\\0,vgvM0L(\ZЬO<y#oLc()zdivgTxEӿ;~ґ+7>i7Uv||ӝF*uoϾ<A?3_DߗZIpϞ#hKO-*W&iH/y>{Qůtۆ5>~P?oWĦ~\\\"J(޾gQz`FFfpm|jǰqEvwe7ytl)Ol]qu`P ªBJ-/>z\"q݆-/z.^<r7 8%F;JabvO	$(77>cEF\rІ7ff=>bϥUcǴ^ةcIhuǔߎտR6tQpQVÝ㞁[nzŅgԙVD?\"/jlbCZI-;jj;z]|[{ڣ[Mnk:bd	gB=kcPL?yնUj\Z˫{s3R󧗍߼u}󙻗yA3m9{[k%^\n/_E;{d ~ޫO7<b/\nAU\rh?Y\"ȮmuKR/D-qŐR^߈ѵB=e3N#GB~dN]j.M㛜ӒBj=NمFewQpĐ\\mCcyz82ﭩ#Wi.=|gtd\'C`3>P3?N휙_6xȷRj\\^ȎoiCXU+saCtN |	9!:\'V>Dʇ@X+saCtN |	9!:\'V>Dʇ@XtnN@4FB\0\0\0\0IENDB`','-27.5,113.5,370;-28.5,113.5,369;-29.5,114.5,365;-30.5,114.5,363;-31.5,115.5,361;-32.5,115.5,360;-33.5,114.5,360;-34.5,114.5,360;-34.5,115.5,361;-35.5,116.5,363;-35.5,117.5,363;-35.5,118.5,364;-34.5,119.5,354;-34.5,120.5,354;-34.5,121.5,361;-34.5,122.5,360;-34.5,123.5,360;-33.5,124.5,354',2070,15,5);
/*!40000 ALTER TABLE `cmardata` ENABLE KEYS */;
UNLOCK TABLES;

--
-- Table structure for table `csirodata`
--

DROP TABLE IF EXISTS `csirodata`;
/*!40101 SET @saved_cs_client     = @@character_set_client */;
/*!40101 SET character_set_client = utf8 */;
CREATE TABLE `csirodata` (
  `id` int(11) NOT NULL AUTO_INCREMENT,
  `creationDate` datetime DEFAULT NULL,
  `picture` blob,
  `value` double DEFAULT NULL,
  `year` int(11) DEFAULT NULL,
  `climate_params_id` int(11) DEFAULT NULL,
  `climate_variable_id` int(11) DEFAULT NULL,
  PRIMARY KEY (`id`),
  KEY `FK21F886A0201EEBA` (`climate_params_id`),
  KEY `FK21F886A0B7D2D10B` (`climate_variable_id`),
  CONSTRAINT `FK21F886A0B7D2D10B` FOREIGN KEY (`climate_variable_id`) REFERENCES `csirovariable` (`id`),
  CONSTRAINT `FK21F886A0201EEBA` FOREIGN KEY (`climate_params_id`) REFERENCES `climateparams` (`id`)
) ENGINE=InnoDB AUTO_INCREMENT=217 DEFAULT CHARSET=latin1;
/*!40101 SET character_set_client = @saved_cs_client */;

--
-- Dumping data for table `csirodata`
--

LOCK TABLES `csirodata` WRITE;
/*!40000 ALTER TABLE `csirodata` DISABLE KEYS */;
INSERT INTO `csirodata` VALUES (1,'2013-02-01 00:00:00',NULL,1.3,2030,1,1),(2,'2013-02-01 00:00:00',NULL,-4.7,2030,1,3),(3,'2013-02-01 00:00:00',NULL,0,2030,1,2),(4,'2013-02-01 00:00:00',NULL,-1.3,2030,1,4),(5,'2013-02-01 00:00:00',NULL,2.4,2055,1,1),(6,'2013-02-01 00:00:00',NULL,-8.8,2055,1,3),(7,'2013-02-01 00:00:00',NULL,0,2055,1,2),(8,'2013-02-01 00:00:00',NULL,-5.6,2055,1,4),(9,'2013-02-01 00:00:00',NULL,3,2070,1,1),(10,'2013-02-01 00:00:00',NULL,-11.1,2070,1,3),(11,'2013-02-01 00:00:00',NULL,0.1,2070,1,2),(12,'2013-02-01 00:00:00',NULL,-7.1,2070,1,4),(13,'2013-02-01 00:00:00',NULL,1.2,2030,2,1),(14,'2013-02-01 00:00:00',NULL,-4.5,2030,2,3),(15,'2013-02-01 00:00:00',NULL,0,2030,2,2),(16,'2013-02-01 00:00:00',NULL,-2.9,2030,2,4),(17,'2013-02-01 00:00:00',NULL,3,2055,2,1),(18,'2013-02-01 00:00:00',NULL,-10.9,2055,2,3),(19,'2013-02-01 00:00:00',NULL,0.1,2055,2,2),(20,'2013-02-01 00:00:00',NULL,-7,2055,2,4),(21,'2013-02-01 00:00:00',NULL,4.1,2070,2,1),(22,'2013-02-01 00:00:00',NULL,-15.1,2070,2,3),(23,'2013-02-01 00:00:00',NULL,0.1,2070,2,2),(24,'2013-02-01 00:00:00',NULL,-9.7,2070,2,4),(25,'2013-02-01 00:00:00','PNG\r\n\Z\n\0\0\0\rIHDR\0\0\0\0\0\0\0\0\0qX\0\0\0sRGB\0\0\0\0gAMA\0\0a\0\0\0	pHYs\0\0t\0\0tfx\0\0NIDATx^흇wו?];f[I؉{-q;&SlAb((2\0}߼hH) 0\r{wp@s2oV :QT \nDRC*uH@!:QT \nDRC*t=8Ō~ᯖhR鋱ti9I3鰴S;-?\nB1\0u7tEe,TQ5}eubPͿ\ny	S?bICcca}A&7*bS\"c薟 \rbv3gd\Z-ouڀT%Ǽ(֌wQ6.Ş5IxůXo&k6/z;\0^fHHQ@AoD_,GtPF6aA1~di~𠚓㱷@*	@JuspM;!IGy2Uؑu#ƽ>.IyApb8RCdLUQC+ѴE\0r?f7\\1!LH鸎em^ ~W3[u\00\0=|PBC,q:80ˡpjR-N^E3\rYH	/@U8մ{aZYHS|\0XDB[!eA8.*Fadp:/R8H鼢2!F8c2E=7@0%\'3\"(6!YeƮ0)c-!\nR]pGTOBP1b/H*\ZU.1vT4|aB	yR!Єl$)7x\Z\\p#kR!3cO+K\'9,Ot6(\0\nsP\r}mcmMKRMP<F$؟Va@цՅr-B*	T*eedT4U\0RMp͋ۚ~B^QhTh[NW=>\07%e& <*l\'G*(p.\'m\n>>LTP(|W4YB4trxm@*bʱ<\'0JfHA %TOŲjx,TNC*	3}Ucr\ZR7 z>A*T샂,gIH\0OH0>ҍ\nN*\Zذ]Vg)+\0_z7A*$JghxRP(RܻK+:xT\Zx0(T{r`lONZptT0ߑ\'f3]IB?MXoKlTH07Kم\"1f=\'RxXJ| ɠ0sK\nSvY}!4p\"0WN*|EBǂpUa@g+9ZHs=9XpU|&\nr@*<뻥񆿕FgUPtK?Uy`QoTp>cCM8BV[|	,TR8X\npKֆK$ \'7\"(^`\n,ҸӠCː\0բ%\n-$&TRAk/~7DT8BXчƒtaP,	<mc}+Y\'j=!80n0-nTHA\ZKVЙy\nVBFEN?Xn%4=\04%2YAՇ*IM^\0\nV4`s3vwTHjg`w&4NֱMv_csT3G:xsT8,m!QY	H+Pa^$\rT+GK[T~pGyI~	@*t98KٕR 8ݽ1c= x0,onICy3\n]H(k|M3$@-AmRAq2]fR7Z \\g`\naE-f 嘝T0+:[d	rZHzVl =*kT0苳ucG4ӹ\np; 0$T/|²6:TXr\"Q(tf_\nq7\\K %̶t8`PUFSU\n.kn3?G;>N*,Zv\"AW]޽\r,TX\\>@ܻ])?lډt@JJ@J?OslP!^Y5= *nK)*09	KOL.f=v\rPu8LY)tpBSՍnೌ+\"c^-QG%t$\'IE{欷ZO#WptFRAyGE@z4* +ԏtVh/͖TN.8h QY\";,S0C;VNĵ&ߗ\rDe5k<hB,ӪCetBpS3R_ֆpޛWUd\'.[W!\\UG\0\nuƭQBϼ\\wU06YΦ\\[\nH!m \\nhQcʰj6@*N}$QOC̜EBzŔ\0H+}1nۈfCyYI\nVz^~ǦhӪ\n<C*x;/s[6j¤k wr;|18}\n+kH@ nxkԴ<sCRi`K-sI7&RyC^(@.y7a5|{d@~jkHAA6ߠ6J_ؘ*8	y\n-H|.pՂQ雱T*v,r\ZRSf2U@%Y{!{ph0@AHwA)ӊE\")2رx\n[z(ےF;.HeP̉ Bm)^b\nvY}	\0]|Ox\nGMR#qfrG\'	DBhGhк#oPJgkM,݇<PlړAA$!Ϳ!Dѐ\0A68QPUHܟwhp5OҭnQy}<A\\\'olEA\"$ԥV\r-r\\pYJM	A8{Ή\'SI	ƒ9d\0\'̱|>T_`BuIq\nwllIT=wqGڳCJ6-k9WwMgE\Zg+\'%m\\\0YVD*	e\\\0E@+]\r~?p)\'y3ۖLv\n邷U{*4(N6]T<ſߌM\n`\"*op,g\'P\\8*}[ΏpI|	ycWUř̡޿C\\IT>E\nPݒǃ]\0΅\nY	 \"ȼN<˩	\ZPjnۉ\ncLG^@kg^rk{NdY}m\"h҉89f%\r) L*g3{R l @<9<]+yӠS\\aȘ>~w,\"/+,JT>\r\\q@bMJ%OWy+\0ƣ*||BpjE}%U(]Amq;p\nBu#?/\"okei9_go\0#+\n\0Poyq7/͇cÅ,~\08B|~\\	>C߶\'\n\0jn^7*>\n\'3$ҕ)_IINNFnx?=T\0&	)tx<KER=R 7@,_v6rNTf~G3`t:wLʂqoc<\0%X)\rPa(huچ\nKeT\0\0F~Tk0nk5H@`b\".w|&`7|DVIh2eTpOwEMmݏ/gH@&|ݽSh/&Rɼ+=x_//kx@fěda$Y*CBͬ&^yv\nc/\"%|ɞb~m-iU?WQ_.?-Sx*2*_k:>>Bf4f3*Rv^BD.*s#syu+68.AB2@\Z`_u.״]\':c*m,\\k$3pUqLmF~峜IS\rP~^\\SgМ\r\nճT>WFtJ_r}L>۳]|8n-\r9ιMT>IV?\\͝.WUJR_ Eq\'ZU\0ǉT=o4TX.#{Y;\r5U\Z40UX\"w6?SQ_cx謏e_9*,\nOc\\ذP?RzИ	3O-sH(dLɂ*&lAyI$U=^@3z{XzY\n|r=?J#b4g;R/d{PCܲ\r\Z;ʬfWscVrgdy]xQ6FHUI**\00\n>8rfI@TBMBWX܁T8oB8	O(+\no\Z|WlMO(K\\T6Ќ*iwލ9^dNḪQ0&v$QkX-QVh%O0]g2q[ިe##uIhA|:*`J61~kCZ\\^~\'sC+.>=1]5Ew:QQ_)W/_Z̮S`qh2#E+VԴOH:$40v8n[F*dT(_@8^!o:*%s娈㸡F~hHS\nX*UR^R83[g\\_N*7T\0h&3ڻNA\n%\01WvLM=\n=@_xbpgwRBomI#<+8F/7<?\ZOfIVpNVT\0OǊ/{ IpO9ccF>ؒg3z!Zr<\"`Ed.VɕK(A-eudT$;R?r<ăpV>Ϥ5< <O*O	H\n	č7\08Z\"+z|D;8˕삢?sF.#%Lg[]ئrrsVssY\"g/T%j: H<ʘ9R1OA!<QT^JAx0KˇocDgaHlKCowKf]NU\rJc%B8^,k:ѹTڶ4[%:R!Pꂸ0mN98=pNğ#H?(H*L-n]\Z	.zJ\nhnk2NP>TMx#RN5nT5\Z>vIiSdDeK\Z)kz墸6(lJ<&4m<h$܎=l\'T)(Bp!kHhS[-3	87\nʛb7;	.Ц\n:\')xLY+4_?vd[D_BCg/S헍L |V\\j,PÃG㩤9}l{BF*\0D\nKt#]`l	T0AnB}sC\nOW#6Nd#	\r?fu\'ؠ	7T$o\0+\r;UX}B{TL\\<ThG\\㩌n?̀f~T\nQ`(Ǝ}9^|<ClPaXR+d㙲SWtn\"jJjp!Zk?PTl+W1FT0\"S%V6&%\n:{oyEod$Z^-ؖfĵtߧCa\n)\r͎% {T\0n6nT \nDRC*uH@pb!uJ\0\0\0\0IENDB`',1,2030,3,1),(26,'2013-02-01 00:00:00','PNG\r\n\Z\n\0\0\0\rIHDR\0\0\0\0\0\0\0\0\0+#\0\0\0sRGB\0\0\0\0gAMA\0\0a\0\0\0	pHYs\0\0t\0\0tfx\0\0\ZIDATx^[W~$.;$It0M^P16ߙe1  yXysΜ=`\0VU*`z`0=\nXLVa1]MvU(`<0{O,m*Y\n\'a=OzUxx@\0zזeoo)mR}WRh.!H(`@SZ\0>0fי,k?ߑ+O(SJOsU@l/r{8Qޙ,{bf5g´qZ/icVA讳d|s۫T<r\0k wM}E9]	X},O/,2VAhm;VU1lj[BF=*!H(-[!a9T<ixJ{X\0>eKΕk\\zkͱ7ͷP@]X\r_(B=gVYGZ֬FƠLSW<wHUd\"zJ![Z8N|J+v1R7~*o3*H	\0\rfKu}8Z-VvhUa^A[@* 6ԵH| W>u@F2\\QA\0(#H=#,}\050.cD9dH_<Vr\no06iV{r;2\'Ԇ-<UP<X*k@a\'tN1!*lzTpMfǾr~m\rFG8\n\nbaBں,8qoxxv\rvI5?WiWyycz*yр(DuOr䩡iUK{U\nye\0Va^4v3G6Va΁ӧas	XyA]FSٶC3Va^`UHc({2M97ao?п*8DmvتB<ᯤj@`DEvu->7)\Z\\*Oȕ\n\"%r잸?7{8jR>\rz3;+:X{\ZVΪ~mm\'9@+U|sdpgyoN\n҄AcmRH>h\r[VGpg$?V\Zɣ卟Lnz*7=՝ҫT>_<*P!C})\nP˨D(o4Vα\n\0*DC%\n>,eԪrJ	 \r:\ZDJ iH`.d*L5SR\'\ZNSbD&,w00\n*OXy|B7TBUP6kx*l*H\rtB.e$h&\n\0<V:Zk%Y*tuv({\nH:toX!S\ZVaQt*\\	BO,m*Va~\0c\"~eܢ٪xHtVaa\rm^j9W{wc\r(ĹPc[\nsxe.G!0lz\nx`/Ƞ2B˹@JTs0\nw\0Eڎ]5\"\n{pP\'JP$e\'EZIa`\0T\')\nEJ59mjǚwѽ7!\nyt8c[;B*܆=Л?\0)T֬ڲU\rVa(B MTX(Vx8CUƥP--l7Ԅp*,3jUi*&]G8]=øYtEq`n\0B,ܺ)m?<?r\n7e¨]ZX}[*Wq)*	%H¨dצ`n\0D0[v;1TX9|v;<9X\0۟U0֮AeP-Z\n\0p/O7]CZ=5riu<\n7\0*p7^\ZUPS|3VafUlpmy`f\nF3o0EwɀHr`fԵ<z:ȇU1 #rw|\nP	>XYBt݅{dw)&VA$P1JCX)=E*Pi!U@U4O0=*@`F \Z#D3\ncVZ*1 QL}65P\0\n-=U*P{*xOE9\nRHXK\Zk?̣ \n6F]=u9PC@B)6;q!d7\\QP$wھvyWA]\"3GGPۓ<Et,Z}-Ќ>C!D~| ,P-Zwun>{f\"\n=TAAͥ\ZuٽYQO+Jm)^ZQ>Au}DSe	\0y\0\nb\09BB7K(V0~v(a*\re)Phֻ$QA?#(Ù|2=J&\ZaEt	\"4O|a̻\n\0N׽{CcT*,}m!Z4}k+!\njYk_*Tp:l#*PEZ8KId.\r,\0DF!\rPX+j \nEhl8V\0\rnZ~(\nܶw=Y\0`nօL&\n\n=Un5*U(@~*H$(\'Va\rm$|^@j14<o«@GP%\07=jD\n̻\nʙ83L䅽܎%㕠}cV<(m֬dԪrܴo$E̵\nj7!\0P\rB`}M@)Zj/ p@mHCyر+N+HӞhי#\0[\raSk5اG^*0P\r~}*D٨oԣ{9\n3\0x`tnqA۱e\0X\n?T\\/R;2t@U:6\Z1\Z\n;/U&wZ\"B:,s1KϣެJoDA==*L\rL~HC`%dF͡k?I0^Ypn<[SQ`*L\nTR 8SFP\r1?\n[;3h-q~LGEz?4H7\Z/~U!Dc\Z*{D>T\0	 \rHT\ne7\nťvPM dU@o=\ryh;+wiT@!,m-ZǮ6/p၃jG]CiU}I[əXT%X5mg*/CcOV+~DД<&)Îp&>J8sᅣtMG}ڗnJ਽KJ!a!\n\Zxx`t\"\Z-wg=\ryO\\M7~iM1Uؗ#&p툪|#vt\Z<ϯ(}0,Eg$fL M쾄/8xJ|SxW{\nk%	\"\0PۥieLoIvDr\\DRucX$kc,T_^EuWOI8*0K1*aU`ď\nG:cP](9 \nP@>Q?u@#cB!ϝ\nj7Cȿv3Fo?0;/+_mT3Q^5# \ndBa``iyWܹZ=OK[Xǒ&݈P*@MJnjgsPM9J/O,q\nl#e!⚵Y1*YWĵ9]`\nJp̻:sV?q\Z㼁TA)@F?8W:l:8yvjW3byZF8`H\r)ړ2i;Wrapb7XF\\8 *p@Ki>[+<yvQC1GPBZW[Lv\'\\G@\0nY.gz΋\rB&_wMd*U^4\\CnS!q\r@g`sSZ!*\0\\ 87oo 뱛q((Vf S@xp_;K+Mֱ{F#6A1ЇP:\"霕h˧8-U\0ם:WЙQ{7K=83@UO92 BiT\0\rdw݅ktm\rH__>8$Sda\"/k坳TuCUB3J\'qC``k-X\0\' %Lg:z\\*D3q;uW4\0:Vj=w\06`W]W}duj7	6<oW(S0GWm@jr\n`GD<MeLh%Ɠq(*@M-)4>ĜHkCDx\"BӽĄsم9\n6VV\04Fg\07\rDU>=1rrAg67ʚ!\0^G$D,o4K%ԃP]n݋\\f	TKi$?6<k`A<6\0FȲtr3%r: &k/U(Y\'v`PVf3/2]6D,?@BRqQU\0l k=)X&,9b\0@k\rTpk/@F\Z;O`H=H\0Vn碞,*LU\0P9KM4\0 !.\\gay\\Q1tn6%wʪV9%\0D~|R)E+GzMi [xmgzjQ(\",\"	gf.=\0DUm/);Բ<Tg&x GSi\"`(ܐ\\!@*5~;[)lUU$-\n|Ql`\r8`Htkf;*ɢ*\nɢtO§IaHh[V݅*Vd*b!]TXk6&V*@j\0\0ƧJ\r}.!\np魕lMeUx^A6HB>X*i@}EDZכC)\nm\n0KBT+\r$x*5a{w Cq(+>9J&qvDiyco:/!7`\0PݻMg\"lO\nqv(*0D݃3/@Bjp`Sz&܈*pS5^ƀk^e%ٌU1Dd<U9\"F#п>I舡\09^nA1g\n#\n\0	3qKnQUT\0 6k/O`FGT\0#UڦpA0B1\"0/\'?s5VaNWȐ/RY*!){({;¿{\'눧M8إMGD],Fd@o!:}CPn-PּJu+94,f0\\o.:|I)Pt\0A|\'VMk%ge[R>ǉR=`FD@ I;4e]?10.5m+\'MN4\"O8ܛ\0cw_FBW\Z3ߑ5-o\'*BxNLtT10Ֆk]m\rG\"֞SrrA\0֡WC\"LGGmæJǚֿTxg_TT\0ͮ- VъŝM>\'U	*@^&Sc\"t4d^\n4)@Hb߃TaBxXiGUcD*@YqZjo0\0ȸ*xPBo;%$گ{e\"]	o3\nwaG4euۆ{\'bVHԹ\n.z(\\{\0\0ÕwQjۥn/o\0,@_(,꛿FF^E_\\\0E\0|:\nx?~qHUW}\rJW?>n[[ݳչ7)3%(9L _QIl#TH:m&=/O[sH#`4zo:UʯO\r<OpcB8y\\*R<qG@Bs/O5J10K͇\']:zɗI^izQ<Y\0\'93UOI~@Eh\n_~#3 ]r#w4U?SSA[:Eb`\"H#xSSA\\rJR=-od5cdtT@!!Y.o	jX{HV\n)E/Һ\rzyf>BPȏ%j7iؾ\"QGUy:R\'P-B<K~=׌57\"*aw*-x?\'Ӌ\nM!0CF@5TN~#[xj.uG؈Ccj*\0X4U<h\nXLVaNVTk\0\0\0\0IENDB`',-4.5,2030,3,3),(27,'2013-02-01 00:00:00',NULL,-2.1,2030,3,2),(28,'2013-02-01 00:00:00',NULL,-0.2,2030,3,4),(29,'2013-02-01 00:00:00','PNG\r\n\Z\n\0\0\0\rIHDR\0\0\0\0\0\0\0\0\0J\"\0\0\0sRGB\0\0\0\0gAMA\0\0a\0\0\0	pHYs\0\0t\0\0tfx\0\0XIDATx^흉[U_zx\r11fD:.QGe4q5IHغz轫i\Zz@XT<O:o˩s/z	B9Ah!\'- rBNZ	B9Ah!\'-h{zdF/hamH6˂s8sfǓ_Ng;w9f<xA=X(\'d*`-ghw~\\\n?H*AE9Ņ}rtʛOnQ#)D~)_-կ73OK \'̓Dcb>T{CQ=^u\'ͥlS\r \\(¼Y\0ؿ(8rz?8_4:Vp.28}8\\%}r>Зh\'\Zj	y%\0NhB3P>_.J\r6\0u8W_{Tw3H6?_oY^/֮\'Gő/~	!FR?btk\0\\0_\'8V__7{6\ZgylxfxXNQFĆPÃz!Hr4_B(\0pvrwv~`ωjuW*X:+Z(C=XK8^]NV=BNhzaj>WyOQg]`U׃c;8HM7[ȉ]LYɔ?)/VMrX:I8DoB.ZBjsfSi(l2JVRy3wFW<a^Ih\ZP/*#lEqNt9!5k \'\'|zBJW<fTBNN<[5.<늆@xi1\'\"Ko@7|79a4l[V?zD308(GArB\0pb:,T}4ydDEs#H\nr#|.Sџ4[ȉ^Nϔ?qfGȉ\'Mđ@ޝh#M(srz58/\\9G|K@ˣ.rB<pb4=Wa;\\8Pa_sf\\هV%@N	?QvP	~c|@KJ5ȉ-J2#SkUXrx\nn$ㅞf0%=neփ0GR!6m-0\Zb9B\0rL B$+ʟx*D@N	^Z.t	-0Et*gv\n\'ɸx*d69a2`Բĕ䄙@1[;;(-2|߫P0F~Uh#\n	ѰKjEnF 	?NGJ_ub\0G[p\'.7\r(N\'ݹrB(WF Ǘko$-\\rb;zYEYͱySm>Q:*┸	H>h4ȉ+O|*B3*/]:ؒ8ڍXӫS(x=Tc\Z\nN伏?˄7AoE\rڛ@gN!I=9a(B(E9q{rCwϑT$x6(ծ&:	@Nh_aJjH*GNGo{_Xk\\nOt\Z*v5<YU}5\\41px?:F9BNh+$j&p긼ua±pfe4Z	-D<]rbPEٔ^NSL8`w \'UPs\'iWl3|\n\'#!\'ziQ*T29!p?tLŧ5֏1@9,/MFBcѹC%pZ	\\R⿤$7ސ@{o7UuE̼e2{i~S,/)%&@\'x\0z=$խ1NXo(-Zx/@N0PO%Yt^k\'F~V\'Xb5U8\ruBqĩrܕ}dp\0qb2^3S86\0&jWC!\'In$\'^LT	O6,ao:z4	D8Q_N.齂藫s*lRa\r@1qҙ}b|	;$=?*Zc/gcѨA\Z*E;r}7P;vc@kgh?׫M9N Q>[l9\'R_X:ѓTKUU\Z8RCy\\4\Z\\U81o?\0\"麨q@)?;Hh0Ԙ3aW)	\0\':Ar8zx4U]ṣsIL (w4\Z\'\\1rP*d/\"olSiqrH*.f%W+0=H@X8n_uVFJ})Mgp_\Z,sy\'-[Nhqj\\rvh˥8^w>zLa)2^d\nh\'q,8z`Pov\'k*MF;qX}d@Nl\0Ѣذ6h\'w,\0DumarK5	-(6-a̦0\'斿\"\'L\"Ľډ\nx>\r9!\0p?DfR<U1ݝX޺ Q=a4bH^	\"Qy\"̎e_5W7t\'rCۑ_K?\'E	p蜀\nԒre>::<`]7݉#|M0,]p90 \n!)l!{ ZyGX8,N\'0T\n9GLv+Tȉ*-dgP7-v7CN0 #4/ntn2{=DНd`&kEzY;;h_41 W	hrt;-6hS\rվDa+!,PE}]پrAo9	-9\\X+\r;.&\'Z[R*tb/=䄊Zjs/HN9{xgA8MfiVǆDGCC9H.yie[3a߽S}]YXl7-ttRX:!*h3b,T\0gL}blTb2@3Wug!R%ټd`Bn\0\'H\'hhV>ޠ/T>^u%JlNg\\_⋈\nAo u#;>koKh:	?$3O\0F;~MY=\0:yx}ǫGW)c9q,[8ʎr#Z%Ľ{m29q$^uwu\099fC~i囦jC{oCnB9s	!J<H4q\Z\'\'yhN	m!۳KjfZD;^l1!:!\nF~zo~ZQo{S׉g!8qj34\r76:q?L5dZh\\R2~SN믌e@G\'PW΄}E{m\\FZ ZhD.,Zj4^~s= 5+#@\0i@\09g!kl85&vYk]ANT~a>9`@NĉH,ĺP!bl鄺N?:BE4\\qumwtDv-X,z/S~]oF/\'@oRyϻO¾Yփ\\V_g]qyĦ@hM}lj[ۂ-8Psb~ub\r)%qȉ=b46`Ӛ[<M!\'L/yT1_p{N,?\"\'@͎ڪHLN<#`	;\\_\0h\\Qg-?R8G])TOpvoC,}4{`*hPm<%	{JO\\l\'\0P<?羹mj7٨wI|[t,a?]Da&h9|@BIz~l h&ل^W]\Z2LNBE\\&R[\rv-s-\'dDkP{wv!ԯ8Tٮe\\_covd&U ƉD_\r5kn\r,a\\\r^Jgyi#҅#8aLqkw88 Wߦ߱uliE;=8J/V$@0Q	@\"AVi+fVB.Jg֫c	ba$MoH9+lpx_\n9P\'x=qgr(y58Pce;mSNy~\rF)02n:ϋAxZgbHRi\\g~:GcC5Tv,֐.B?Qah\'\0td	Us3uvUsN\0A>a{eJsp 	q$rB@=0c󃉮u\0HrכYr\'+8>ƱF3!\"I*.)IϏ8<rPpzLDyvg]uݶfl]{K\r%`z\0F;b4N^MfB\\} zYfv\']\n9왰Pb.:rx|n80ͺXtU`N3(y15f\\`̻&,}[#	lF=0b#QKxv%\Z1N\0t\'L0\'PG|w⚦3\0rbk9&|Lq\'I\\Iaq09)M6l!kvUt?]sl\'ݔJ.Ϻ>GCN4#	Thmً;Hqb38$x\rb\\b$$n#\';Hg	a܆~\Z,\\fP\\F)NlAN <K}5`7c!xa\0*NvW5U[abE`񑡫3u\Z$0	T$R\rl5BEcHۣLvMvrrb;\'9{1>&#hMWȉc\0(7%\'qN`T݌ٸhANPN)#|vݠz=F;2_T.\"\'v\0\'>=sG\'<x:Oj9qsDa>G㊄)qt֭W\"1B:|\"F9brS|XQL	M8S.璉v/@vN\'0VI #fX.uD\\$N	|RZ].nt!zBP\r7uwz=en~q/Eݔ)MXIϏxD\0ἁG)ZB+YޗhJ)M\rKKwJ-eN`Hs\nzسz\']ߊ{H\Z\' Pf\'s<G\rF3-MRk-pu~gW֫<BQFS)ϭDj\'\Z١yU*&6zd$HB\"Dk݃*_RgW˙%ǟG9HBľ@Y7XNzǯi\\Ai;	\rǳa_W+I$NODؾ(cN`TH$ă9;	[ƁD\rU(<~Xp}hk\Z=P^+A0;;0xzgY{Or*Ʈf*F9yߊQoH\rQyP\ZĲ\Z7K|]|>&8v;0ޟg~ZR`RhPNy~xo0:7˩%ǟ&J$+\'\0Uݓ\nNa(.B֑batirZ\nh=|CaӎS\0V)l	rxu/vK#څV:b:⯲b]XaPJb\'_itL=uNNt%nsƼT9	C7eNF<ĪY|%6eN w8\\tPEj7ڈ9HПhU\nk:ɉ6u#Eވe<}t*iT`1>¾nUw%B=N̴2w<H*3GgPA\n9GymG7Fyn_Z;\0<`*4}h#Zq\0 \'- rBNI(Ve?\0\0\0\0IENDB`',2,2055,3,1),(30,'2013-02-01 00:00:00','PNG\r\n\Z\n\0\0\0\rIHDR\0\0\0\0\0\0\0\0K \0\0\0sRGB\0\0\0\0gAMA\0\0a\0\0\0	pHYs\0\0t\0\0tfx\0\0\ZIDATx^흇wWߟImo_6oK6L\r[Ž*VVVi`~w1rds#o~νwc1Ga0\0VsVsVsVsVsVsVsVsVsV,Py`. 0UPeYp,XrR\'fMH9g\r`;Y`Za\nPQOVOឯF9)T**2OK~?V؆7囔ߡ\"cfD(\n:o_;^SDrOU_ɾzo̦?ǲkr0pp5AX\\MUSCj-/Kl*8|< >boH]w_\\\n ̼9X&<\0bveoBiy *Ȇ8fQ_tMǒG+#`SkddgUh<00x0pk=R	!!+Ɍ3c[YioP5m\ng5m?QM5~\r9=~S\rsv$z돬>Bqnϲ-s4;\'nM%I?wf]~$~\'^\n=\r?SV	V0\0a0I!E7?\'s(^÷={\ZjX}:sJU&٫m6eѻpgzXC^\r\nbU/b\04X!ˉn$\'͉;X\\=\\B\r8 P>6Bi%[LlzAfei\ngPp56U\r|TgUH%nB_j@NRNlcx2bO\0p n\rwߎe^k 㲱M6FR>\nUep!@Mc~gRR{p,ܫx*uf?&pX3Xl(C|aUhI4E#RYUhI0TB	B}2{=̕`Z4D~XyAb.9t>Hkl*P3ڼ!t\'V2nBIʁ7SUh%@e)/jQ`߲mpC	V_@Y*I~WVR15:xLVWU1Jx,Z*GPJ!䀾ޯ#WL6|+*4h	=7Mu	v6*pDY+L<BM>\rP{֢W)ǲ?WjTb{UBZ&yRJo+*ξ͋rvH	*܈t~iO mB0Q! w=TpB`_VҪVڔp̥`81(FΝ#S!M|mVl4\nܰFCiz<˙8VSI\'U%D=6CQ,g\nyZYg%FQ>  >w?UHWؼX)BDÅj9JpAۊСkU0(蠝/!*\\$VyB\n	Em#Fqx4/]Uh0P6ҧ,,r\Z*\\{\rMXa1$UhiPRmVܫ`{к@$PlecII!*(bnc6oEmhRͻfU_<VwBb,0\nFX~ײ\n\n9v,\nU!AX$6Bɢ`*T.\'Y0*t_5[p6h*|~V)p](|\\(\0X_YˌԕHH.}lFpB~M|}~fam`\0e\n+k>u~^Iw{>mW+p\Z\Zf.\':j \r}Z{僠8Нo/e\ngW\n\\\rs_6x\0JYO_e]q;\'҆r8Ap2>*>i\nֿz\n\'@̵9|mUQTq)`5&1[G\r|On^UtX@{އTSO+q\\/]W]W\"]WN|g.VDZ1cnx/ϻ&۹\\:	\nBsET!~mt?׵U8E{>2Upm\'GT|\Z*z`\'\nQ\n\'*8]KLb\Z$7s\nV呭RnriSXB9Dg_5cXPF\ZN7Uh=ufi݈bz(APxq`Z\rH\rhyXV_DXF8±\n҄0V_Vo/yx,7*DtO(﹚l.	HX153TzV&Կ\\BK+UH~&p5=NN	(NWK+JH!BUl(;pGueIjF\0@\\s$xД*D8}\"T`%7+͑\nP(Rkr&X\0BT&սnT}ѣ#hf)ds|\n\r7	mSp:XDJo.gFtß$ %d|F(*w]x]E\nK\'\0nT@yyG_(C|ܩ\0}ב//3;@lʆDP&`\n%sޅ:2@A+U!ud`x>B\0Z+߳Mǜ#V,xzb^r	:^Ӊ&.U}ޭJ/\\Xh[涛V辆\0lr\\ͫBpWVw4ܖ=|1򏼈NxGR!y5>{\'\"`rJpBE*\Zߙ(\Zďd:8\'-	`)L$\nTCυ\0p\"M,Y4Wz3]#\nQAKp=n{6 \Z|&HPX!@;u!^X2÷__\n(|N*؀.(]b,mIP\'//<df.\n\"eEQ48\'@\ZTtyy[UvujxpUOϋ[HԢBU]E	=OӋ,.\nJ,&̞@Jve=5GԨ@?2{\r\'qT\0`C϶Iuф11=t\n͈7ݰnCu6*{\0Bs\'17#1-xQpaUP@sX@#H. 5|\0i*qUPQ`Įn6Kۖa#SEÅR$\0TeĀ=Ij\r.;\\VsR=RZxR\\x	oQ	VAh (sQ+.ur2\nY`:\"?pw@\0.=\0jTeVБVj\0\000z@!?Tri)a*TP\ZfiE\"އ*j{<Eu(z*^tWOR&\0P(M\0h5vٌA\04F%IQ?;^{G\0&3/AV4PBqpBK T3VxEh@53VmS+^k8$W\rvĿ]\'r0\05^}Aev͒}f<\Z{͢BudC%-QAT4LށAP +ނ50{tvM\\T84&	0	n-e\Zʸ9|6]͔`\rPa#mwl\r<?W!NX2O34kφ<1\0Q7|\'p*4,fCUY^@*@^eHIiiDp_ק04@f^A,*C)\"\n-V*@wfV!\'jy×BRPo}Z( (ͩ7! {~o\rG5\n>kIUt&3\n2W	_*܇[cc#$M/NCcE@O$=fNG8U6}U(6Ndќ*~|1I\nM#\04\n	ߨYJWA=3x&N/rx`M7,-ecpB5ƣ`Kq0׬\rEP%ZCh X*8A@k\04A4*)HM<*ע}yʅPAc9{ԅbRmz$&58Y4\\g6o9	Z}1UEW\0;xn-޲*@-e/y3X\n\0 ~$\nF͠B|~Φ	\0\nG(sB\rY`w 6E~A=VJxW;9Q=ES07U@\'-]XTʇi<	!T\0	h屽o&Xl9V5Гw(1 A*\0̜SSlXKִ539*doC\"-b2{P;|g@PۮQ\Zz\'dx>X$HIWz&w\\\"8xZ\0z\nSj=R1s\"zK}-hAF5ZQW%4!\rPLa3EΥ;ѮىU{tEF֠1*\0;{y-w,wȶ빻U\0IMob>\'_Ժ^PTbH@Wa0zh#\n\0BE~d߅kTT\"Drx*>D׹U\nmwZ(H)\01z/s,yu-K0aT&r^W@M䗢	w,X!mi\\nKsOC	VN|A7K|!do|sѯxqR\0e<nK.H\'P+Q4*Ra	,l\Z4©\0WSkw\n,m3;F	 ǹ*o&NA E~Fs<\0arWShE X&w\ZjS=]̾\0\0}%@J/t-Ʉ=[`nZZSx@镪Y\"!\n.Zu^{_>ɭ\n:ճ.Q\\NTU.Gt5%{֡̽$f;ܞ\\\"!\n2!s=g`_7H_}Mz9AXEĒϟTK\n`jm0*=f\n_qQT\0Z	=[ǻM4YT$ >צ8\n*\0uil(\nA*)Á㋆&PI79\0<~*H7Wf_3o.Of%Jу6ʞ	iX \0E>1x3\'d>\\*\0T߬xw	ĆŗǣzUR<GQYRڽ2<gB%)50~-se%]ө9ɉny̆5ѥe>%AP١>b3B5*xMf;Q[6L{M50U(GX4N-9Qk`P*\0}Ŝ50U(1*#Yb.B9PDټ!R\Z*)ɌT4Fc,/)`iLv:2CO&	3j\n?kϾI\Z\\.n:r*䫔>5<*;e*@\0OXI4*q*@j%։Y\"<R꥽B訰Ayztsbl}zPqT@\'+(/%.\nz^ƢE!_\0hd1Z@KoWP\n〆Y2sDhqJp*v@=l14s\ruIH5	!:KN_ x^@B{9IG\nU{TVHB+{μ(F\Z=b_\0׌\\zA^t!P%\0@0KA_U!T@0l46`D(ؠ\"\'#7UT`Tx8VL\nNײ\0	~GaVLR<K;|9BYz\ZNW3s(D@*(C\"/6(:1zgX\\̽YS	*(K`%*&\r\0[$Pj`JxT@X~Bz!oң\\N2,AT_*xJy̺Op]\"\0Z:\ZE4Yt	3Ȭ,nT(EAagan:P!Z1vV>Π1beiH{Y}KxP\'\0l5C)\06@\0ץne\rJ#Syn4~R\r|r33_\'\"1Ͼ̋x/ H{\'vjWhsi\\ﵬ «MR\nP\nALriYu(EO]P@ѻ߂ijy\Z\\y\\F;{0G;\Z^BNO )\nR\nyJ}*#Ն_0Ԧ}ٟh	&̡fH9\nh:x+P22T`\nAMq8=-pINݯ<D\0h? t:iOB|qA W!Oi=(!א `S3kb̋؂PK n!$}ClԦ-:\r3n5v	݊\r\"u)5EHufoԨ\\0~nX9\nNv\rz!7fMB*00#K*|j*>5i{*7+u _E\'cY{ʢdA3Á\n0W^z\nR	U:47\0uTތA,j8P<b9/j&\nBZY`=2?xjF9[nF]bU6⎀v~1B*@=he&`#^lZԭ\nhM&~IBhePFӴpS6F91}hh\n-DQ]xlR9kw9]Xۑ\nF;&Eq\':pԆcyatⅇ-	\"6]HN=]G Yj98\n**^0p\0`ZnT\\\0\nC\nC\nC\nC\n U}O\0\0\0\0IENDB`',-8.4,2055,3,3),(31,'2013-02-01 00:00:00',NULL,-4,2055,3,2),(32,'2013-02-01 00:00:00',NULL,-0.4,2055,3,4),(33,'2013-02-01 00:00:00','PNG\r\n\Z\n\0\0\0\rIHDR\0\0\0\0\0\0\0\0\0fS\0\0\0sRGB\0\0\0\0gAMA\0\0a\0\0\0	pHYs\0\0t\0\0tfx\0\0IDATx^흉wǵ8XHh18xۉ`b]@B}߻{fZFL_U1!!J{wH3ha @Zu -:DHQ҂iAԁ @Zu -:DHc>wRWcG%8@Ac+rkarPt\\y-/\'i*γWEo)W-,ͯf?I#՜czi(|[}G}cD_%gcTdR-4c\'Lg(}KZNa[/󞔷\'oi+f_y\0NtTo)\'/MTZ3i8\"G֐&\\ְD\0iЃț!O\0?QO.tvbsE.ә4kN֖OJAc3{oQ:ìH3o.)f[,ZG\\pb6\r&CO_jW<׽[j{ŕZph.\r<H@Z	?-*h9\\ߌ\'Tg`hgo-\'\"ԃ<$<)ZӖ\rdO-~\\ݫُd}k6$&ʞ37s!lD|mv>DZ\0Bt22>;\r쵦	mV:\'|0eD<64RJK[9M}-^\'-T^ŠBXY[&tpD֊oYkz\"ר\'\"OΘ8bo-hB#ړe?GH9a&˞BZAlĂ ,\rsD_[YLIZ	ʋ1my>AZ	\Z?7Y\ri!\'|s\nq=\\ou\ZGo%B[̷6?}5G{@HWѢΜO\"Դ̞Ef;BZ*9I?Su֢]їql= EEk-ٵ/@\'X]CBZ4\rEvr}@]mÂh\")Znvx/i\0\r^n @\'R>}9tIi\0Vq{^͹?IYHK~[9ھPIgQNe2c;EӞ<	~zz	\"Dի\nҢat_mk9GQO/\r[8!-\Z.L6iA<ҟ?Կ%9HAV6=NZHʽLz.t/i9G!-d2I)ٜצYuBNAUOE{)io3 -7oNgfs\ZBZz\nf ϓɬ.jԛ3h;$h/B* Dq\ZȠ܁4\0@Kf*.\"-\0gT&˦?۫lM&\"i!\rY{X\rmɐ^&-8|EqYcTte@Z(0 \"F3At!-JW&Yy(ZBM#ۂԛ86([}iq yT5y/Fm/SC_b FpuJ*8eO׺a}z\"n\r=]N֢Z}Hn\"_\'\\81YHF]`Z*G䀱i=A\"뗫ҴPÂ)tl/bXX\n5\r#ΧRb\\?r$N\\bb&i(9BjǺDl0A	{R~\0>@]4Eav?[jH}O-5|j/H}|Uڂ\nhnhATS0}^zCZʺ5d!\rN=rĘo.=!BZgHzN-17BZqBIQcgyXt&f0=1pm+OHaҬ稭z@ҢؐDlǵeG!- JuGjZHlQ}hCOތ&&$Zͅ+rT/-KFmn2 - e2if$>⼽ -v(=dˁhх$OΠs\'KvGB{t]+,\0i9iR[Qo\Z.\rdYIyWǻj{qL[9Hmp-\"ThbvtǴf(c[%*xD;\\R-3[n#UA94סF߂s7)bS\n\r}fAQMGSnоz!1eefȪ͛۩Y=͇8eJ%j[6_Ť `8fIK2ub}Bֵ8lfy[J\"ya<+gCW)z*ᵧZ1SO&:%Kzg6g&|tKm/>BR4})v	^xLć8!H=̈$ny\ngW;6fsEӞL nΪEY]<&he-$ݴ;/lOVBH|_ }ͥ=esVFwa\\[!َQHkhQ4ͅY]KX~PHmzf<>}俰꿴}_l-dSlͫ8B58f>Ě>WL@Y\"aCj!Ft6\"Đ2\"cKƹҌZ 6[|ﶼxok$!-Dτc62\0[ < U[\ZAV3UH ɤ\ry,&Erʛs2/{!-^BE(U2m!x%Fd\r eKeVNVlQ˗\0q1\'gô?\nQ7|LhOxtZXĽc_JkdA񀨭+O4:cڊmF(\ZFStJJD;҂B%_IܽSض4Y!v\rVXi/ws)Y!?Jµ=LL=fF\r815Ƶ%pź_Xe)\\VIOBxdA֥Ui%eUާ}-?5?=·lmGLDl=Q^!k-HAg\r_[SR[9ZqU.=DtMGvx1\"ߟ$cV`crҟ.dp5A6+vP;baZ)+]hlbI81C߲PQs\0d.t$YÆZ,@rzw\ri1PLΏ$E_6˖L̴ZẗX}@\\G01ӱ}aV#-w\n|uI!)m1a}I{Z Țëq;әtG>=zm6gpgqITTN֜DeRMEޜ=Y}Фu -Q愴 `gV\'i|KbX\\}ȷNOnU?mzOg2ͮ0*J:8jtT1t}L[[׉Ƀ{Z\0k=<M#?VXZLu(=9If\0g~ ~SVe?$mZӔTBZH-z#ZHZe)c*|T\'Ԗ\\&iqPݫ5M=?x$\n5-3)۟/3\"\0&=boGQg\'WvE<6Bˌ`-,3Me|L۹>:-Z䗞g7E`cRh`\\q.5+BoB>R=7k#\0~Lz+2>zx8Z5^HPAbbQYIZ8xǵD|O9\Z<ft.S<ozR>$^gHhWz}>iHl\'\0\'xŉF??PNulrNr,^)<EYc*~Ő7A):`l?2T/G$Vqq\'x-f2֗Ӎlf(`:]gM	Am)CYx\08#ƴglGvO\"_%Ϥ	Gi8lr0*(a6ԭ(MDlm>Z Of?dtH	 8Z륅? R_֤q-}GxS[o\'fpe,5`Xc+I8tmjkg8g2lQY74rZ\0etPW4i-=fIɛәԖm3#\nq)\0i#6+&=BP~\"\\bdB0uMfPQ}y.ϊ\Zh[DbqiUT#^81dl<ğuF		!HF{c9A/zi1[\\PO\"fa5tלN\0ZC-kr`nƶGM5PaC$bw_2-BPvlM%\'J}\\	52NZؑBy-fĂ#\0ZVx2l4Y@3:#MGxp=iaG\"-ID#y\r}G\\$-vB8]0ؓ%ܟԡ#M8%7⽜Iq\nJ\");ln~/Ds2	;H-lM.rKCh7|i+M;1V`-&K4q\0j7/ۺko1%F͝D:WRF܌GL!,՟҇\rZU%snLia;BBߑzwE$D/`uiq0iM90j\Z9H!FI6|]]zCZaZ\04T6^IZZ\0>ZPYŭ,@bK8$	CP(]r\"&-E|$k9{s6\r{U%	m>EpW^..8UXͯ.ƹ-;<9c.tԃd>NiFkB{W\Z> )o>敦#NT<oyxT RBL|γm ,e\0qWju#-Y^L8vsZQ_Mj!-[81oӡ3˖Z}:IP/UpJ81Cw\nlAcBŻN\rQW3[ws-DwC7f`b=UUX]OBA\'^G@\0[ONo2eޱ	!iS9\r OU2ġiRdu#\Zh4j&XjW$#tDϔ|C栅x`-0c\nk6<ؔl2Ii}F&\ZH#[tAXFtDw\n#z).)\\QI(w4Fjy5*pTv95揓D$@/JA	\Z\Zi:\rS_\'9A\0T\'//SHb4R\\##p?XT8eJWpbBIǵ%4ipɉC+Nfs	`Q,ڶgɇ(JzxF\0:VvFBZXQG\nߕ(5v,A\\@ƬޛfۼKȀ#Z\0u/?/)\'DEt[B8Nia&En|KDl\0]rBN$ѢUIÄ<82Șʞ{CyS%-A- KNÉ\"}`˼9RUrvnyޞI(THSZQ}q;6>TiJb+];ma&A-){!lÓrlɩCe6?bͅ4)9j1[0U->3ߣޤy\'\n~BA-u5(q!*X㶟 @Zu -:DH^ZR\\\0\0\0\0IENDB`',2.5,2070,3,1),(34,'2013-02-01 00:00:00','PNG\r\n\Z\n\0\0\0\rIHDR\0\0\0\0\0\0\0\0sV9\0\0\0sRGB\0\0\0\0gAMA\0\0a\0\0\0	pHYs\0\0t\0\0tfx\0\0 IDATx^ypd}_{o\\\0\r.܋{0)2\"-mڲLڴJRI?\'_?#U#U(M;ۊ$ڒhxHZ\\]].{07o\0v{\0,0nL$	z.B\n!EHA\" pR)\\.B\n!)U%=PGH`$\ZѩOk?O=qzSc\0b,~FXA&4DW\nEe6@wl>o+r~5?ߠENS?{(*tU=g2Tָ Z94UTIV7V\nK$ciwޡ&#٦^~_j|A<;;|{ _J%Lm\'-nr|̛][I#jvN\\S<ӛh\\\nA 9e_F:J6+D+Z/p[Vs+<x \Z/\0E\Zj!8NYoPnjʃYJLte?#Xq!<zJi$l[=~7yϣ\\)mi\n1,d$	,A`0G3LQt< ID|S̢j31k^1dŨ\Z%TN\\+PvmIJPtEC1}Q\r/drcsDԀ=0./s]dk@[RemHa֮m 0fr͝4Bbp?ᰈ<s;Z~k\nU*+u}ÍfX1^t\0$ʭnC^HUcZ+w]cv$\'@N\0Le]@HIjfX\Z_k\ry^&16dx\"B$?J;Uul7N#`z\\a  d#Rhz,cDSQApl@Cwa#76לv1im?7Y6ȢB\nMdt\rZ|CeX4K[Q,X6ez\0hK+J!)ܡ\'7bb-s)//ںc>y>Z~xyuUˠc?,@X`wz)}^k㏃h)4фS;BKYLqBk0I+֜{e\"˨<)4 \\ܠ_\0nk\r!qLz7u[IH`(2\"ۺodVZ/-.nkpѬ䍌IB(9>46x.\'3:ī\'_$JVv9|\">ugKIQޝB8SL{lS\r}\"P>i7X(\0!VDyirt`t{_w43v_RhD10s~hO/to:\0@j~s_S5AHU 0W\" :j fT)jFJ[7#*2:R)e\'n>{N!ҕAR\\`,ن@Byuڿ5\n:	Y΃Vewy݋sn/3ۄm{ ZD&%e!v\0b]@Rh|EHU@D[}BKPvRɺm? <`T03S,S^@F:B0YZ5|o)%Y5BeyFlIRhDb|ߩZ+~bYĮӄU8 &YZdoZ.>ԏFH%P،$UB\n-(Ȋ$<c\r! Ե:׽ry!<Β?꾞g!$TPe\0)Q$[ٻZy?>B\n{!>ܽ|ҳףYgB 8n|+߉g56%ox\rDFkFjBC8:|zn{eG<Rh\n)p@+(I7 n\'vCl%w\08B\nYCbV1EJL\"`aivRDJY<IӣҦB\nBHo	$L?S\'~4Z)O %x֛=蠖!2ď)s5B}@#W=to-C\':m6B}xPZg?5ZtAn=iqLz\0%L,Bڜyk^j!`RgV(ȨidKҒRؑkYPPug	)@Y!2kd?ؙ=S!1IJSzF\n[bוP\\cvw0jv,`Z:ڳHp\n=a^*VрU6ZR#Z8,\'hmBHaGm:v\0ƞZX B\naX\"\'iB(Bȕ{#	,w%L.;=CHQ\Z-j|j-~>\Z-)eO+7]ӱ_\0RcXQLѫVH>z,C0Ͽ!Lj/;4nyřG ԇN}e7ClYZi%b<Cb|wqRp\Zl-~@ՂG&RR8s	}λO!H)X:wEԨP,	k[YB!p)׵z1\Z=AS4M#a}k^\n\n P%{;Q\0)pl\rUds`o:#w	)M2S>d= ͪr9.R2SŠ7(FO@LHr~B $5E\rT\'=Ŭ$P8<_K?vTJZZ6\nBxGpK92v}x|ySɥ كg=l[_~\Z>pإFWhe;Gvإ#ԘlؘXuHwe1Q	 i@\rxo)=w}jmpMX>\"]}S\'`/9q!ˈN~n8JP,!\rߢ11\n$	)\Z)VE<6Sω2W)XZ܈e#m/;#9dG,Q,?$\Ze>ܙ/$ NZ~9g)ll󧾼rYαj\0P}jw%LB6E.X	f})%5)PPCrn}B\nu`W7ɶ]^,X&!>paI^\Z?lsc Kͪ>t}3nn\nD	axlUVoOػۍX!h&_ip\06@1*WE%B0F):A+/+33T\Z6*bJ6\\\\*kit_>=DRK]kk_\ZP5K0`\r\"NC$׎N6x#^O_|+pd?ڟQg~Avq\n)@p/j/A\\Z\\\0\Z<2TAv5\"A=jc+\\|o ?\r5RͯlrpP.[*gJw\nѵSo 6\Z\0IAbοqn\r\0YkOb2AxKCdj4qd12J#=4یBK?9dy!w!!%PA:&n~Ssso_98R8#}ԣu/\0aHEME*^=z0ҙ/|H:,U}q4qت\rt)Zmo<lYDqx\n#ID,+1+L}Mj͊dyצۘQCYr#ҬJ|?D*QG䢃J-DR8eBpSZ]eiMj6Wm/lo^Oj~$Jl;pF{@|p] y1E@(	+9q-(Îr`\nt`+Ûa%! \\(gc\Z`)`R:yq?Ć{ÏWH֬d`gO<N[t\0\"UJxnkwfY`3Q-}\r?uTv\"=e>j闰^8^IrE٫ߊ\Z9\r0­B R<h4LmͮpS;(_3E2<Kfd|tiږkJ[KLe1#XP=&~qso\rR*Pۢ5tznX7iV_xx^ig1,#WB|w	,m>&aҦMAVn]_]+Ƨ}Z\Z:Y^^\rcC\nNY\nZV9y`F0	%.ߛRJ6J[ן\'qk${/\0ޓYz1PR;?&\ZB<k_=;{C% $s]\rDAhg1HVKC[FڽTh0{ףØ_A8J[h*XI˨\0M;b$ܽywKs{^_)RIydgV>g:6ӿQś$YZ),W?)%PR݈Y}L.OJ2QRK?8TC]ݣ70<wȝGgs\0\r H\Z53?]oͩ:XN)&R\0`\\꜡Dp<0Cj7$/h`TVׁwKTUc7N=L[/9B2FĒ-]6KW2޼*$I2	\nCkaT5D.ܽuRtJBioc_sgH<PkjXųso@ѽ$ohunZ0ȶw9/1Ͽ>|׋0HW8mԜgl@Ԕ5|k_hӁwT_RpgS%ϯGr\0p\rKf.̤e(M%@~D: \ZZI1^9	FBQ):&\r\Z\n$Ha6y<%&\0KB%|䝾<:LmU?[Fu*#)+w2Y\r_5`*R^>36E;\ZZrZ+]̌F<WULuU\nIQ@Ty̀yC66!r05je\'B3W-]Gu6#jԅcDi<cl?I~\r#ɑOl=g!XYJ%0r<H|lUgd=>\nCCRڥbj){\0\n51s0*3[@F4?m,\0~XHG>-ށow]8@_**ѥ=~|ּ62Żt`,{TVR</ֺvμ7DJ1b\"\\|~[;eeKK/s$)D֜!9u(U,Q9>ŉ1ݷ3JԽ Rz՝a`}VzmZd1́G) I#X~(aj}\\\\ވ=sFOROek|R9ֽt+$%3VF\0IAVN\r,xɊ`OR\0`O߽Wp+~K\0OQn^.)Yf^r*H\"LΏ:\ZJBߣ&kln3ߘv[F?}B&#Ne܎0Nf$xW0	0rg\\؁f~?%Ubǝr>ZLGv\ZO>\0>I\\|5aRaB1HU\0׻>ԓ=#M7R\0[\n)@\rV @.*]f4!vˁo)@ꠚe¤`3p܈\"L6`-^\\-K*\rO-1KC&Q\"JqǓ\ZEƑAJ1g0O\n (ǳ3E\"Ś((T]tQw_[c	sG \n?\'^\Zֆ0`X9q|WࣃV)J%\'6\ZbYD}<W\0@\0d>L\'gݿLjl	@JSb58e2plYpVp&C)/Mk5	Ia0#m@`3^\nH-\'lrǎo`[}\n4mx)&١CFvo3*c3\0Θ\ZD,\n:ZpF<=wZօy2Jbogx޽*K\0PI̝Rj\\x\0Pj\"\r_x_$@]N1!J@4Q1)0%LZazy#\nzcb .Lqiw*sˠwŔȶaFOpꢥŅ\ZQ.ۥXv[	x<0WƟ]@|mVJ\n`dHq.QI@PYԀ9ǇO)2%ߌfǮ6X3PWA#C\nnAجؕK|FЎXɯc4MRjXB7\Zb/n[)F!sԲe\00U-=zQ\nIe{-6	KT\")RXbdwwLc՞#9U3EZUouO|7r\']\rOF?-6S>|CV$Zl+sgA4A0Y!I͕?,&j2:<Hg	cL\Z\nei]sTN\n.\nHt]}/LѰQR\n?vm-6\r_1s\ZG3Vb\'+\Z\nܫ;wwBrdၥŗǟ7jX^4!61 5Kc_\\{6[=cCgG.ӣ4  l u]>\'5Yl3Ǟc}T	/&<qN8 \0)L]/lD٨-_nU;_N?6\04u=<3lө{86_txDm-^L_9?p8ߊDOiAnn82߻p!	^ώ<),VB?[vேt&3DT-\0OA!\'0̶#áHbkOo1\r.m)&0|s)<)KږQNP4egqWrW^4yE[e~J>bEGRv\"&@m\nh;2Z~T ab8nTcbf>e)ӖoK>9]U)@Zw-3NX$\"H\'*D!P32cB@zY4BkRށʕmܱmT?W:4\nBKRAzջRPrrY-$VOt<wؔ>3rl6\'Za`ab6\r^}dQ=Mbp} <pd%GxIxL_1{\0SwS~\\?f0aI쑹hU\n_ĖNհ3NĴ>\rR\'1\ZG״!\'-}.B\n!EHA IL2\\E\0\0\0\0IENDB`',-10.6,2070,3,3),(35,'2013-02-01 00:00:00',NULL,-5,2070,3,2),(36,'2013-02-01 00:00:00',NULL,-0.5,2070,3,4),(37,'2013-02-01 00:00:00',NULL,1,2030,4,1),(38,'2013-02-01 00:00:00',NULL,-4.3,2030,4,3),(39,'2013-02-01 00:00:00',NULL,-2,2030,4,2),(40,'2013-02-01 00:00:00',NULL,-0.2,2030,4,4),(41,'2013-02-01 00:00:00',NULL,2.4,2055,4,1),(42,'2013-02-01 00:00:00',NULL,-10.4,2055,4,3),(43,'2013-02-01 00:00:00',NULL,-4.9,2055,4,2),(44,'2013-02-01 00:00:00',NULL,-0.5,2055,4,4),(45,'2013-02-01 00:00:00',NULL,3.4,2070,4,1),(46,'2013-02-01 00:00:00',NULL,-14.4,2070,4,3),(47,'2013-02-01 00:00:00',NULL,-6.8,2070,4,2),(48,'2013-02-01 00:00:00',NULL,-0.7,2070,4,4),(49,'2013-02-01 00:00:00',NULL,0.7,2030,5,1),(50,'2013-02-01 00:00:00',NULL,4.1,2030,5,3),(51,'2013-02-01 00:00:00',NULL,-1.3,2030,5,2),(52,'2013-02-01 00:00:00',NULL,1.2,2030,5,4),(53,'2013-02-01 00:00:00',NULL,1.3,2055,5,1),(54,'2013-02-01 00:00:00',NULL,7.7,2055,5,3),(55,'2013-02-01 00:00:00',NULL,-2.4,2055,5,2),(56,'2013-02-01 00:00:00',NULL,2.3,2055,5,4),(57,'2013-02-01 00:00:00',NULL,1.7,2070,5,1),(58,'2013-02-01 00:00:00',NULL,9.7,2070,5,3),(59,'2013-02-01 00:00:00',NULL,-3,2070,5,2),(60,'2013-02-01 00:00:00',NULL,2.9,2070,5,4),(61,'2013-02-01 00:00:00',NULL,0.7,2030,6,1),(62,'2013-02-01 00:00:00',NULL,4,2030,6,3),(63,'2013-02-01 00:00:00',NULL,-1.2,2030,6,2),(64,'2013-02-01 00:00:00',NULL,1.2,2030,6,4),(65,'2013-02-01 00:00:00',NULL,1.7,2055,6,1),(66,'2013-02-01 00:00:00',NULL,9.5,2055,6,3),(67,'2013-02-01 00:00:00',NULL,-2.9,2055,6,2),(68,'2013-02-01 00:00:00',NULL,2.9,2055,6,4),(69,'2013-02-01 00:00:00',NULL,2.3,2070,6,1),(70,'2013-02-01 00:00:00',NULL,13.2,2070,6,3),(71,'2013-02-01 00:00:00',NULL,-4.1,2070,6,2),(72,'2013-02-01 00:00:00',NULL,4,2070,6,4),(73,'2013-02-01 00:00:00',NULL,1.1,2030,7,1),(74,'2013-02-01 00:00:00',NULL,-4.5,2030,7,3),(75,'2013-02-01 00:00:00',NULL,-1.6,2030,7,2),(76,'2013-02-01 00:00:00',NULL,-2.2,2030,7,4),(77,'2013-02-01 00:00:00',NULL,2,2055,7,1),(78,'2013-02-01 00:00:00',NULL,-8.5,2055,7,3),(79,'2013-02-01 00:00:00',NULL,-3.1,2055,7,2),(80,'2013-02-01 00:00:00',NULL,-4.2,2055,7,4),(81,'2013-02-01 00:00:00',NULL,2.6,2070,7,1),(82,'2013-02-01 00:00:00',NULL,-10.8,2070,7,3),(83,'2013-02-01 00:00:00',NULL,-3.9,2070,7,2),(84,'2013-02-01 00:00:00',NULL,-5.3,2070,7,4),(85,'2013-02-01 00:00:00',NULL,1,2030,8,1),(86,'2013-02-01 00:00:00',NULL,-4.4,2030,8,3),(87,'2013-02-01 00:00:00',NULL,-1.6,2030,8,2),(88,'2013-02-01 00:00:00',NULL,-2.1,2030,8,4),(89,'2013-02-01 00:00:00',NULL,2.5,2055,8,1),(90,'2013-02-01 00:00:00',NULL,-10.6,2055,8,3),(91,'2013-02-01 00:00:00',NULL,-3.8,2055,8,2),(92,'2013-02-01 00:00:00',NULL,-5.2,2055,8,4),(93,'2013-02-01 00:00:00',NULL,3.5,2070,8,1),(94,'2013-02-01 00:00:00',NULL,-14.7,2070,8,3),(95,'2013-02-01 00:00:00',NULL,-5.3,2070,8,2),(96,'2013-02-01 00:00:00',NULL,-7.2,2070,8,4),(97,'2013-02-01 00:00:00','PNG\r\n\Z\n\0\0\0\rIHDR\0\0\0\0\0\0\0\0\0ds;\0\0\0sRGB\0\0\0\0gAMA\0\0a\0\0\0	pHYs\0\0t\0\0tfx\0\0IDATx^w֙3_:-N4II6][&m:LۓֶV.eYVkeI$\0+X{#m\0{sx(\"(\\\\\04!~T7 SހL%z2\rT7 SހL%z2\rT7 SހL%XI:ן	JtyRlNG6Ba8alͤs#+Jt$qTfWmaL%f\\dZm_lXŋ SA@_m__L{\Z!S@Mړ\"]6(;mD@ #vNϧ`D#*xt󙐩DQLjBP4pJx^˭$ʟ\r۾B57_L%5lJ6%۾L%B4M_bD@\nMǒn!4E]O1X(?\'술>k?`\"sMT\"pxf_n>/?i,3JRZ4%S`ArQxbWyͶأQJL-׃TڴjWt(L+zAkwԤu\'@kه;xg󐩄+SRayٚ[BqQӲJyw)$d*.& n,0{쀗<k2hIS!%+7@=љD@X.ꇋݤsh-@z|-&d*	Y[9.QQ\'S@S]Cc),vy9ѪLРs&]n*{|5LРqf{U~= S@?.R巶=`O꯰P>(dx_?%oJ4\\zX@0k>:S4jQGdQ>\rN2L8(S*\"^@dvi(XԭoaU\nuQ~~\nC^Xe>l|I9\n@S\nUk;2B`8\Zlxհ^=l:	LsX3YiA{_3zPN2k2AU\Z+\nw-@A3fn햿Ԉ+F7*ƛ6\Z	B吩o?8JrQ(O;DP~\0GJ7syσL`̜,s+RWq2)ٲSyQP\'H^n25i}H/G9djٰ̗KZоEEQ@=e\r<뜫yGX%3!Sy9i83Qy/JLs`t*0L%]NTdMK!S	@5۪S)a)e|T#FQsv)d@SKf>uI	0T`2|ATOf5ԥ.;z+DB}Lgrf좓.:ZŸK믇LgbUqf}1Swx_KA{FCxqR6(1I|-A\n4ڃu1:ԁd{aV|#yRiwj5!SvZʔtݸEjA{xn\nj*L\r]bտaWwDY|E5<\'lY:\Zo8j1OsvQD|cóBOni*6Z\ZPgN>eg3WX/+>%S)y69a^yC\n\Z49xBc(GP=ʰ	z˲sdꅀhY#0*CU)IAJNKYvմH6,%ԠFX/\"Ͳq\'%n!f9Z~0Oo2`c8.n5۾a\\0=˚Ie;2ŕu␩]\0I&YPsxr` zc5@*խ,zQ]΄P]n0S]B<.mR*zuTzťrInTy#}Mbe;?PrڏF\0ꁾ_j<{Jʤ&MJkL\rĶQrHٝGݦ՟Ϭ_D颚<i;ۢr;Ż^8)6ڥT\Zf*W5^kX*YL}e2娚1^vwdj@@K̈́ʼ|z-9Ӈl\0ڴM˾v? Si&WgH5_[ˮ@VC((?i&oLIJ)@!k/wa*kW\\.ݓWڏۺ)oc6fzɼ|\ZuUE0pR*ԁfl3<!ˊ垔?tNud\'g+ƛ6-_Dè6)+ຳkzA2 S}dعI9Pd\\˭~Ds1ހjm{g^OxA60<*~]^nbPygdZخH_<:仵[/3^!\"k;i	ԑn7LĹT&H\n97ݝB|54/mRß \"Y_tm!_/o&D\\hX5&1Z鸓#S\ZH息e,@V(ޫ㷮7\'U\'wҚuea}]׽=*Ʒ~QmA>Z8X,9a<Ѕ_\0خQ _\"u˻xP2,Q\0j\nT_̼CSflJ>`X00O<=:<á) S?&F/W\' Sg,ia{|ku2o{mgǍ!|mJ*t}\nU\r2c+őN SaͱG<=3=gvÿET@t&O^r)~O2}5̤M?l/OGrrBCpҞM˙mM3̨s}l^>ZIW!CͨI?uToSTоR_Ե{gs	ZME`谇؄LA3:u˙͒Vs@\Z GXrW\"~mW|*\"+ٔeM) S<?O)fB,f0vT%bbkӂilA٘խmlOujQzT3\">N[)uմ\"=\nAm{1||R:k85>\rMTOH\0}͓qiGI*h=cUsr&UiRX>ܶ}7u,z˛qLKQV Z\']L\nLz-+\n\',XB͚L/fϭe	-\'MPkMEmZ$7:%3\"5#kϘ8͋NFFFfo\Z#s4[@\"j`@ӹTI5Jbzl\0fw#-jQ[ѿW=P39$1Q95Zem/]5B5	V0üﺩ\0_X#g\0Av Sլ,o<mkf%i#`\n,>ˇŻM~!՗d?/k\"OK*In: V~ b@Pw\nǖMv縼\ZO1QKBy$:%V~΢~.B@wO);%U|;tTڳ\r񕐛\n|R,jMAbLeK;Lu8O=P[xHmZOM,.)\roo(%PTͩ>+	>՟b`aCij Yr`lHhgs߲N/\Zu0\ZtDnx<Q:~oyl,\"vkqFFLE.dIcǽ:4epm..SjMN}ʉtl*\"T>\nO2u8a?.{:k%QQC	פ^՗L}cI{.ULV֙Z\nOL^V?D*5SueP\ZAyu5E%TTDq^b\\TcjpSoMh>ol,R^ALĝSJ᢬\\b)>uN~Zb:?D==`\\[x10u\0ꁻxrQߖ_f?W3[o.:s\"H)aE_8P+V5\',g%Y|蟯d7jv݌Zŏ<MZ4v1^BY>1?\"?+tu@\ZK\'6t!eTwS]b?:L}><wz|>^VŘ>@PSkd?Q6-ev\\y\\_aAGw]waADV2,$u3{ؕY}6gn:#_7{Ο^=	p}ӈssctv{Cw\Zտ΁||ܴ+zR:-;јfK8\\5o|\\ܛKFںaԤsWsb	\Z8Vָk3\\s0(L.k`_y?)@9L:\Z_ڒjNa쉊1?MbD4+a^sTQqWV\n6A{!@זE<3uZRǳmYNlxz34tuyIC2]\0i\\LWˌ:taR[\\o\'35i%ԠBeA5Q,s37ՕDq1NWxXfx\r^fI\0ΐdǭ0㥩#zNSQ}AIvMbkpmr>:Tw8h*@(eSQaaqJRP@.]**-c-D;]!~fdZ҂0+cg8\Z2Fc=\'J#Pl:lv㋩lZB)6|SX՜Sv#<ֳfSC_FDaM]QE_@q:a#D+#&!kf4hQ4q\"$e*RJFVABdj[G%r3+U]25!I-sdjᗩhVa\rbj3$B_M8GX\Z:\\63i\Z!|1LDyi]St>0\Z/S)gs·rƧ˛Gӭ	Ο<%P{\"tj*<lhDEc.UK+Nu]S0V6f%==Kj^#S9(ǯӪ1\0fZ|?$ccc&.T#(xOZ=>y´fdjp0\'|N.O\\uQu)TL1AȼlOeuٰbs)(*1HSJ7N!#ec_=Τ*lwg8>=w9YTsl)|mϋWr\"iT4H>_	i4.雹d3=O넱1Kײ\\l䄘h`sDshنGkRb~SSGs-Ϝ_?ǰ2r&㭩=}=esT7 SހL%z^1uDԋLO:lkYƞ.2~NM>rV$YY_Jg>!X_LEl%V2FN`TE0:۬D\']d|1@)DVsjvX01ӎ\">)\rLmTe9єT۾[*xԋLLe݂|za٘-<IDT0w\nTEGK; t\"ϤT3S*TT\05EuUc*?e=E#\'l\ZVlJRX%BS{ZUs\Zf.A-?h*Ń0B:ªs_\Z9D\n\"Y]/JDo@Jd*D/ -z\0\0\0\0IENDB`',1,2030,9,1),(98,'2013-02-01 00:00:00','PNG\r\n\Z\n\0\0\0\rIHDR\0\0\0\0\0\0\0\0\0 \0\0\0sRGB\0\0\0\0gAMA\0\0a\0\0\0	pHYs\0\0t\0\0tfx\0\0\rIDATx^흇W\ZiMOlMg7ɪ=60EŖ7ADʀ \"ν+?bAKP\\d,AqEKP\\d,Aqadꛥ?EXHѨ!	yzM≪	\rP\\D(pIBg;Eh\\Q?xгg[%;e[![@qAbR>yfl2O\"їfP\\d@Jڳ-g I\0w͹},Ajop0	#`$r(.\"PT֔=:ʫߨ/9:8P\\d4hw2uرi:m_y\0\0pԜ;(֬Ei:4Ae\\v;:l2EbG[\\ɹop֢ȈQ1$r=\ZچmEF>\'F(w4pHU<z)iÁcU<C@q,Սqkb\\`!o<ڭJV[(.2$Jl};R2(@q\0*l)gUOHNRUZs.Aq>AdݎѸ5CV(D\"I٪};`#k%s\\723i\"9ACooMᛢL\rDc%Pk@2phzDܘqųd\r&Ugcfkv8;JJsOiԎavϱȓ[[՞)HEsY\\ўcY߁:/\Z^|ĵ3fgNtg$.oߎ%o(.rT7iJ{RihXg譠9*,13a[vP([@qB򄡊E9aH/(*u>w;J+FqsV56zXƵF!.\"]B-\n@adgro蹧q-Z96MgF.m8~:Y[;qeG;~L3U@AK}1ǋ`<4dg\rk .֕,4o!Pd5I=+[8zŽ[(ukbDdx@Ņ\\ϠH/@5wkp诸5t׾H(.rݔ(A	@=2&~[\0Žs@`JV\nx>o/;׭/FrSP;RwyEP<Z}S-9@\\{(Y$\rFvΡY%eqKP;CRIUjűhۯ{\0kN:Vf@BV\09oGޯq{PܻT<M[MܒsC]<F\ZhnwewгZ L-HeL(.2>%}չP ;,eC倊3?nܥ<@qaVMq,k\nN\\lczgP\\D(.2f@m4U(;Q\\(Q58q,bڭROQ\\vryυ뚸ŕ}N_l;RQ><iz;n*.Ctq;2T$2Sb\'*\07f͹p-h1SԚ0JEn^5}P8t=no;\ZzH/t#6xOpP~Xnm@qG\0䚦d5/yfv/3IG؍@q|#X#\0rM]\\6%x\ZznNvlsގi-\0>mKrIy\0/FTKER5mq$aL8PѠ,kn9K\'.\0ř5f9Q\0a*0\\;@qG]/df/A6Ǌ/ [p{b\0ʈ;|PܑƿLz=trd1\0⮲\\7&oqQܻ\rT:oу(N^SRo[^@?N6(.B$Eq@)fOzdpD[(}0$ܼz.fF!g iCxAS\nGi>b+(.r5rLM=.ڸjMN?%\">r@hmQN@X-)y7DDf-zbշ-\"|u[xS}\0snXeEn\n>n7wP\\O|]Z)kSL\Z-/%9FoMa[@q(ϩ\\H&䳦DgqGt3l\0?{ ~m7SUj\0>hP3(.1Y?fܕgp\Z#F]m-|&m܍x\n^]Y!޸;Ɯ\"Ek\rv^\\gercJ3З9QǐvYr9kmk{W?5Rk~ȕ\r^ FjO7\n{Qp@8aJE7*$^z)`3n\n;b+;acjWu69NvZ7]õ\Z\r*3ٵ25̱|j}{ C)$$s[5.@L|]ہߡFD<q;ةS-Zv<wɗIz(%W?{q,g]V}py(FU:7n\r4-԰;t(+$],$סwuA4OBշ!\ZrGH6=-w\Zyd9>]ZdBSP]ҠѠŝ| R_61pd;Iy_Gqe9_,N>Xt~rqѭ]ك¯̽bhifڗݑ[\0 ECMpBy(ˆ{sPBd$\'n&#c+Aqbng#<qƵAq[] c\0;_t)4tW3ц\0;ثͺ\n\rX#<@qZ-ޱf;14yBձjBq\'VYtdd\r\Z֬UC3(n?eA\\sHI^yv;I-ElOP	%\\=պZx=I}@<U\\|UQwp\n<v<͒2R)8P^|C	%?\"=cV~9k%E5S:DYAY7Uy6J2/yUZ\r}](j?9!m+a\Z2ێ<zۼuN\"Uf>=80::lV(@SRroj}|Y\n`Λպ.{ߜ\'-~bҫF\nh_jX[|91nA5&~#7=Jbˠ#,ܬ(opdŹARUv\0b!YGVPas/[ȩ>uAZV.UC87f cS;Rf7l]#uqfCl[ d}f^WO~~V\\sR;<j=eº;bJ\Z\"McaQD\rySOnLso$w;f*t#]?ӭpʶFr=/rwz֠Q	;J-NhA>SA\\Uo4sd#HOZ/d+S3@=wfًK\'L\Z׊;dJ[O0g*g+$b*g3y(08ҝ\\u0q媨p~o	)rD6ܕ[ڦN  .p`FBX/)PqA#|\\m=.#/!BZlJaqVߔąk[fk#WdgLTHzrx?Kp, gp!ӛP5^?TkWSkٞ_GUd)Lpj۠q!Od[\Z}^}ȝ\rwgJr&\\9-EOo$.X[vnel]\r,){ImGqTBPt+ԡ@\'nnHW_\r;FAG/y2kąw˽Ŧ\r[Qwٗ<ASWU\"hk\'|=}=zEow$ą7hPtC3dI0ǽ\ZSRߕAq]K4G.1NjItf\\I\ZSvsfG(-܎>+۷J~\';kCf4BqA\Z[ni%\rC{z;Pb-$	Jc-0qAScYrdr<1y\Zs\ZoN޺瞶B<(ߵԄ	PunU%߱/qf۪*	gFKA8$k^I2+qrȄqϺAWI]ٯkKNy$k\rmGkvOC\n_]wJZDhbY|	)f!L9-{g՜+F`q.eP6Ku`	pR1[ uDYo+Y0\Z`؍Rݔ^O\n9\0.Gŉ۩`4*e.52$5D.]-ث{v?\".Y6E4oupL\\&ofW:}	.#~V>3H5f#Wphv~5[57q!r#.E˺ܞOrvynAt?k|su!-\nTK\Z@J2vp\r.Ujձc_8V81`{)9eK\0vRP$/,ѝ%m;y9܂y+$C/Ź؟z\0vtP*6/܌)Y1RGTp%߳kn5cT,=C<г\"izL#aDBmmdV_5˵Dٔ(]Eκ8cP:`\rQ*V\"&vegwF,|Aw#.b^\n-wjum-:곦p0Ҟρ;7\r:1^Ienun!؃	{ rfOBnЀ>`Ĥ3B*YC.ikhD\r]8	蛸9\ZɱO ddhV\\/d\n\\*>td⒫2\\\'xA\n͙IHMBvP\\xw\rNg@)[ODY`Pr5N=hTrs1#UCb!KltШHEBܣd/.utШjpZ&>9Q\Z\rˠ\rkJ?] Sk8#;@6@\"~+=W\niBK\".䅦d9NwLݐލ\"PqfP\ZfV߂|];&ǭXQ$mnS}?#*tCR	6⊟a횎:Ć8q!)Ku[(v ,iy\0Uͬ*xؘ7q/;kQ1d)J*Zҭ-ƙۊˍ\Zk\n_ӫatpsӫo쾥5/y2^B\\q0řf9`VǔR 1#5\ZrJvl\"#^CCrGn\Z^?2tM[ʎ#m(q=6F}Yŝ<:7=~\n	3/m {;3L&B\\ڵf%;;ul:%d죠Ab<ڋ?Y,͚G.YtI@5/}	mLC+$k\'Nj\n\'^͔`,2%?wm_4^dWӗTQŶ$ө8S#ɘ1w\'SD~NT`\'Bi}?e]}\0Ӄ!wqn׾kH6õriP{Cf\ZU!wKP\\d,#qP\\;G7&wP\\Ck23}9c@5ѧ5/a>>?5~(٫nᏨS5};rgL]K}86kn͏:l*?+Xqá$?~0%ʘ* {3d.!eEН#R?d?C8J\0/⒭ro&c.ȝEXB@Z6d [0.pr [>gТǩw+\ri\0][(M\".Y(Jg e\'ў>\'ˆd~>aExO\\6l&103h!<(.hjL%?)$<^\r#DqeWHbm3}A+%JG$ W\"Pq9#!`qScAXq&C!hq(.2X\"c	!n\\,\0\0\0\0IENDB`',-4.1,2030,9,3),(99,'2013-02-01 00:00:00',NULL,-2.7,2030,9,2),(100,'2013-02-01 00:00:00',NULL,-0.8,2030,9,4),(101,'2013-02-01 00:00:00','PNG\r\n\Z\n\0\0\0\rIHDR\0\0\0\0\0\0\0\0\0P\Z\0\0\0sRGB\0\0\0\0gAMA\0\0a\0\0\0	pHYs\0\0t\0\0tfx\0\0IDATx^흉wf?ysޛiR @BIBiKi3-PNNxOě$oէe7R|QH?_~k#_`DߠA}#\rF\r\Z47h0o`DߠA\r1̓!^U<\0h0ybXز|vT,1\ZhsFV?x^``O`Dȴ?4\"L7a:my4\r2nKt0=9:#64i1`@$_x\\ \'Vlh0J@_u;o8U^@\Zܞ`2<SU)\r@\0O	s6c9hH0-#FYv21wmY	h0l liլG4zd	+	s^\rF4Ȟ,<i)u<Y_4(dB!\0wY7}(u[E-!@>dxHm;\Zh@])1OxCa\\mF\Z$a/7B)CX+=@)(\'.x	m~W.^#\"s<[zW j^@BoMh0X+߇؜7K!m_ޱ\r#\rF\Z;fZy,yu:bu7h0@ an,2k֍&1v*k,Lwt~6h0\0`a\'a8WQ1[;#\r\0HW\ZH×FuҟEI*\rF^\Z\rdY-o8\0\ZF)fICa6-\\#h0\Z0i㖆>\\ܭ\\3/fH@K?]s>k1pT\ZlK\n2Lw|H@Gs\0*LO\ZdQ%(LUOiELՏȊʽ\n`f0K ¨ׇ,^ejY_q[f|AmXkR!*Hn\Z8\Z\Z܎ȡkʥ46ZNj}:O.Ԧ/݃1ݤz}6Y-8XRWY9hpOORE\ngLOtc#랠m˞u=LOrR4i\0H\\jf\ZȰ{,\Z܎@v;ep/a8ǣ:@ۑ\0qo\n\ZNn\Zhp;\\2xO~ BqYaU#Az60z-a:ij[p0\Z4^Ut#0:&bJrmt2Ky\rn;xpM2\r\rF\0lZD5B@\n	d\ZЋu<\"|\r\rFTe\'L43B!_C@Uɜ4CAh0*``u4AktN\'#*s_2ر@\0it쌆Һo\'dmk\rn=`ڃJ@~i\"ҳ\0-܅?ɦ#1F\r\\C\rf:YfK\"+^\'ʿ0\'_|YDryQ]@[:c\'gm\0ʦ([Tg\ns.ctͫ7\0\\[.㩨0/B$V\Z/^edu++W.oÜ쿨7`Ѳrjm}ecwM򬏪3~wnC\Z;ߐ\n)d!0Z/8gwZH82nВꚠad폟sEV_Z+Jt2saZ(6n:z44\rn1`ic9\']M\ZytWYE&]-UDjC-z\rEJ]ܒg-h_c.#<4.:t)gs>\\ AKԶ	\Z(\09/WX5,֬ot\rDmGr@q6;=k{Μ³{Qy@[k[\rFJp|[(` 9^>6>f/Z+/K̨*#2 R[\ZԮ/\"_:sa^̦Y*<U\rFd@eZQҢXȜKX\'6s2dTMS~WNW.n\ZCwMf̟5R`\0}[\n\rKt:RxJaT\Z\0`0/nYV|B-y֞rj W[+y(#5#HŇ:ΦA&c!5`>1ݣ=pN`\',}^ǪX4փ9p_cZ^[V^_cKٔ3CpB柈%ԥ\nq|s0-0	~gūU\Zܶd/ֻK:a`	8x\nDr_rSd6xWX}?dyXv[&hOIZ\n\Zܞğ\'!!i05y;\'uuj	H\ZO7`>_btͽׯl\'s>^,Gm;f	yWe$N>㩸!\06D0\Z܆@\nY\'䄔hpLws}RQN<.z6bd (|Z-BTxZ	KU+0vB\'dv\"Ԣ[4\Z޵vd9\\K/ٯ<N4d%6+vo5thp3ObN\rf\r-Zr?f\01\Zjp1vY]MYr`Ձ.}]ХRnɳgo_AUg%s!xփukwuƷ!h8/Bஈy;4XExzb{ti4q[SD+K^XHwJ:59:hV\rn<pRm->J+c#KņҮNAB]u=o*\r\rV\n0\0ފDsŮ$8:|#:ӽeB-̦ii0\0hp]|n>	^`W΋#+yE9E=R$VX3LY`{\"Z2Mi&1.!bK#?rW\r:wq_4km9md0%Y<ş^D N;N0{w:w90Ap..I=̅<rKKޠ*uduEr,\"\0)[+k:[pFǷ56^3pŪ$W$>|MH\n4\r4P\0:؋P6eT/p{z*u +^d?\'1+/`kI4Xȱne]giM0ShQplZ鐓iPbl=1J寣T1xva\'Z@1XygC^o.GL|TܴtgOsCJ\r|FC^~`b	%U얖K]	I(6_\0-D܃;bd Q\\.@lV*#sVڈ73~sycYk^\r~\'t4jݕ:LK~2CMnߥqΐsNx*a-h*Пbf~VYErz)\nHo:bV QPVXǥj3\\VG/F^!o*z4RN沦ҙr%i􅓝b8?ߞn-%4Xcƌ/ɞ0\"\0)8υ|T)5\'8 -v\'hmC}#\'/a0H+9jBU7^)rm)ZSl&ED&h`8lLmKAU3d,y8w&*Untvˁ\r%6+JIlRs|w<!AfW4O\r\Zк`\ZNW N[=goI=s\Zк~Lq>Z$J:#%ːѴì3[\rH|be8XP]6WLӮcXO&/GZc0Y8i\0,Waؑհ\rgo \Z5irG+{iGRµ`4hD;h`3 ;!O\"6yIzd h_^WkL0J>7GXGymX8Ng@&JA<O%>/^n974o@8*\0->XOXbbo0s7S8~t%wxfONc|a:^X#D\rqL# 4&\\xx@\\;x)O:\nșܖ*h!,<E쎸\n018ˁ/Zl0,إƧJ*;G\Z}E򴷬i4וehXխW`v\'K! MCbjt	\r>wϿ [\0R5B-3\ZwOl&/O#!v¾ox)?Y_\Z.x;W<o.1NP2ݡzJ\\\Zsr=12Ik#!\0.;P\"YK/\0k	[9{9]$\"9+b/4!2u4^hF,m(|K?	vj;T4҃`Hބ#pxR*\0d\'AFޏ3?2Ǒ7Gx&\'Z{G96oͼ;B|?⧃\'n#\r	_6S+\"iORM7FH5jlac CkO~gb`O;_#䯐뿌C|fOOGYq>\'WfON͖\"k7h9LRp6ݩœfˉv(</G!XU=\r<*^CMe=PZ00mrLO)T) \r=`mIDyÑÀ?b?s QG }sZzHP``L0\\S{t+bF<0B4~:Bj7VނU5&<HY?K]\0mз3Eklz]W45?ըQy=6;rzI/]btj0٭<OA7^%*WCZK3>\nfD;^BaO9%ݑ7툒[ԣ1>)6i2Fe[n-ǓK(+#(ЫYdc\rю\n.CC#,c\\ޕ4E:IpEWr@JF$GV-N)G4X4)KU:Z8LbAn0D~?7\Z9Liބ۹bJTZQ`F5MPɜĞP`{P[>soN\ZC}uJ\rJ\0,>5\r%#/\nh K.sϗ~.]?xad_\ZBk#:\nZlGaZ*\0Kk<HTg0{8KB\0i2EpoBĚy4-|20D ^-;$,%|H#.d-o	Bu%\nȡ\n![\rT:l=>R$LE8o`\0>dTEl\'Bfьp1aPR{<ȓv&2lqKg\0/lP@:1wi0] g~7w2#\\^or0bԡȡj.ҚH@:y@#BĚ9K?|\"b\r.Jύ5؟|0>2B a0#\rFN\r~#}Gl)4d0Gȟv\nWbEGQIi,J\"*f?ȉtpk!^ba0\0A$?$7Ge\n60\0M2Fg_/gB\\/H]Ka\'/D.E֧QWTl\'6°/$\n7	Kԯr0RB,YKҁqˌR\r_B|鋔u8KsGFmH:09@5La6Hks)G,7v#m>qD #\ntcd 9Hd.F7#ȞA}#\rF\r\Z?9M\0\0\0\0IENDB`',1.9,2055,9,1),(102,'2013-02-01 00:00:00','PNG\r\n\Z\n\0\0\0\rIHDR\0\0\0\0\0\0\0\0\0Sb\0\0\0sRGB\0\0\0\0gAMA\0\0a\0\0\0	pHYs\0\0t\0\0tfx\0\0LIDATx^[S鶀y̜)gf=8+6ABR^!W);4Nvzf\')s4T+RMH5\"T+RMH5\"E<XevʢHІؕUv[AWֈYiS~_\'Sp +RIyZ\nWjRtnXA\nWb@ӯKlgs)G܀gA_1NջWo8HeҚBTj)\\)7Z|fꏿu4[bA_Bd]H\'H-<Hj,/@Djpkn!N08	EV_B\0f[WD>O\nze+\"FvȌtd+Ra	汣Z!̭A\'J-+R1@8m/ˍQjnVg-k	VSneE_\n  _7\\/-_hAS1}Eiv[|?>PQ#FwMeA_aA!6I%A[oe=f]z`VztWO+$|ڼM/}b\r\n|Vބ?\rp~_*+r28Mm*iyJz3\'m$muUW#\"\'n6@,9A4;j8J\ZYm1ĞZ1S$4q} J _[Le)D+C[iX%TIP+R2PZOǻIOf-++	ۧle\Z>+U&[?Ưi_έ_ucL|-Kr*[㾒\"L?vp\\S_ҀM=ONe\Z9V	\"c+U἞⠯|>pkɀn)|a8/k:v2C@)A_sC\rg!%\0-)gʂ[q\0]\\z]nw@_*\rm1RzOBQQ@\\s(v*9ICNRρ\Z6\Z#Y9Q.yLEd#d`d\09UA\Z5S}yA_kMйV>\"˭ \r5:	n2WCI}	@V&*{G:YLfLvV+55q]}EJYYF0%kD>Jo1_@_kf6%X%YAa-q@Z\"**1}<+m1*sK]V\rvuE\n.lMy}Wuz+`\'4e&C|=VA_kyvmLpY&Ed#x+rd+Ǥ\\Np8| C5Z@M\Zd|#=;YW@59I6\rvrv}Aq kME_jt(sݍZy}E5)*{@WcWO2Z*	63}E|u,9D_>|\rgȞÂ$d|E_~\0_Q*=)vnW7yv[eYB S@3#&*\n⠯eF,`zV[NH9N\'k%h;Z~Y d/+҂-Ͽ)r#_MVr\rfb/7KyZw=Cm_gk+\n?lAf4$d{Q@_\nT+n2v6zeOI.3ۺ,]9Y̢&xP#5xgPiH㧡\\(sxA!PɊ-\'X\Z+Z[Uv@_\nD#MrIoE&~6yc%#P%+\rd+%춙5XyKer	M)Mm_(OH=5eL\n2I-JRxxzm?	~eυ[\\aSZ|Ueyr14JRQք>6ң@}m(Z!_ EMrC^\'FJ#\"\'+@_ku66&2,\0:GT܀W9MlVrQYv$JkWx{m9]`tV\'=(]#x쳓+?\0$	ѺSfل⸐JlѮ\rt\rʾ2+ZQpSp.dopT s놔KE_k?	ri=xM=4.ff2O2_}=n5}Q0΁.u,biz|(Xkޗ^z a)sϹsD\'LƓOB_kU-NL&<*=%\ZŢ䑲	v}wD_Rdɶ.\Z/Z\"OS6<*3ۗg&ԋLْ;LW*k\r!_a*%\rBj>\\pLk%֒\nNP=ykHC;[AVGDע\rge!y#YDY,Z<|a\'pl\"y﵁#aŚ\"j2|+(8rUi}ޢ7(sl~UTO1,z!Cgʓ۾6^\"(4p+?l9gT\rO󷢓M\'zפ$U\\\0Tv,J}=@&j;õmg~Ɏ$ SVڔUewdZhR&|gXjeYʰkǮRdsƀfiS	2ܪ23\'?}=iNinB2\ZRo&ͻ<x^z\'ީ}=@[N=s[\"\n;!\n@(khx79mPۡ,-g\Zozd.9jM%ݾ<B\rgTGUgcD| <֥O[xlWa`|u\\\r}B|TOPj?*n۞0pkz\\@_,Ml=m`6_Pcuz+?d$vOH/35[W\\6aLy}+P&m,D?/{̆CgTW-Znd>e5+mZ|t[Z;+o(Vh3&}Ĭ{\Z/B:J\ZH^.cA_dU + 鑎H\'s۞nckգX%=\0\0-|6Bȼl:8kkN䘟\'(Őd}\"}-fV?eu/\Z\ra5}\rKV@_\Z-ZB\'j\nY◧:]OqesvOB#V_Zp}V[Rf^p%E+@OH~|),z=HIE@_hX@SԋO#w<y7(\'2­&`e5o\r˗샾V+/UWעӒ~g\"͟-EޠIn,DhMԈnkLX}WM쑕}>@>Ts~zs3p>=p%T?L=#SY1ZsSjl;F?&FVFCA_k\':&}_DӯЭpW\nae/\\H]#P	\'}5T/>NKf{-쁲&(4?Dzs~3r֫UBdU/nzﶂk?|OvQF٥Ew#|lW\0IxK}9$.,gFN;pKD>7:>A͌)k9EJ|`m!}@ pz^p!H`\0_w/ƻ @$uYA<(ITib+QPK(kUɦ՜\\-Okk&I|tJ|\0jr*\'YiSQ*]R׊@TPW禣u1uOɛ<Uم1m4c\nl}HP}YJBdF:&W!2eC7 \"r>˓~6v\\i+p-m4S_	VGAP=䵪lWňWj7a\n}nLaF白T2{r`&xdD+؜AU|MՉGpqgp~\'m=RNu~gM+s/UP8|m^FU-\\k4~J&@mQad)m=H#M4,<(܊cPq_\ZR>R_`U@,wv6e\\TW+xl;[HdY1T,9c|uIou\n>SLO_~RG435z*ݾς<ؘ8Z#X%AIHv\"bO1i@ņ@+@Ch޺\r}$\n<W ?xgH/\\#w.ZD+v W\n!V\\&Y[b_\"z	}-ɷc6YW%ΉB N_\r]rC=,W\0{-ɓaXJL:@y-d9rC\rańnqC<P_kl\n\r^z&`XL7[Ƞ{(9icn9pf\r5RƻMQufe|Y}{9Gz=KC:Ԣ-<dj2t>kb/1}{I[]V`\nE Z11@&&\0)Im;.t	u|iҀSYF|T\"hzS1W>,vvЃ\n{p?)R|\0S#6=@ZWgc҅2k ._;h\\45e5iqVieVv@b]`qn$unJ \Z$FRZs=x4k*ʢכiZ_\'s3ǮlyW<\noUxj9#fU>;m8%&s2*oW~:rv}6gFLz};d\r9I=.9IDʜiǡg\05M)ݍY)99!1}ͭѢ߽Tu}/G?#w}/DOAdm?Goi?	:aingaAߡf~ܳF2iD>\\Vjbt͡r[GC yn]P-8\\`\\,EuzK.RWUz-FSb,O/N=Kgƭ*V{5is~Z>Q}?2UK XXyP*#?\'7]*Hw5k~zLA[ğ\rCBO)4o6<_dS5_!|)ANo1*M1+{[V`WQ({;	|[$@ pFudw34|<?;lT\0|-|%Q~S+M:V\Z\"A@_A!\\CdD\r4_Jr\n&1HĜyH2yoZGmg\"h+)3Bn_dVȭ9&\0+?X\ZhI1UkV-=7͎E_ٱb2q\07XWVefjqvfBzV_a BUA|\\4~ʱD<۾v,){taU(Vi|6hX_U2\nU\"+ɺ\0B7sE_-/Ik\0Z_ߊ:#Zu++I1lEZu}V*{J$gg~֢+W8P]+Pz>?=mn|m?\n zYr7wqԪ\ZW)mʹ_?=EH[6d/{OAr2?x	]0X\0וWWkۿzX%m+QX7T	]P`}/%7Q>_؉=_n1>3ڒSCiDuRQ)3[zL)\0ZSع\ZJo7)fC71ĕa-+%ONJR\r\'ZM\r0DS36_K=}f\'NM}kH^_(1YWCb\0quTlC4dF)9H\nʺn.wY-5\'O=e	$Ķ>rr!I6x]w,#Q{|_\ZB%O$\ZFTwt(멤cW&x;ݒkG^kڿx6_KrZ\\WwAtN\ZVOeռR@qvؙhk ޑ ]pzH,\03GN-(N|e!?r^9r8GFJ[q}uGW@_j:|T١&?.G_}1jrVN9Gw8/]w0\" Z YjzjčG=\0	oI|:ɘiXEPe^kSﰸY\0wOuzӯ$f[{ݾ4~m+gf͖\ZmXM\"9\0΅\ZC_;@\Zk;PO \"_\Z휟$u$Ď;vu/\nDjq\n^B.4Mz[F5D\\U:}k\Zj0EF\0GtVip$y;v WTT9#}nX[D+\0Ub\\t[$Şd1*([!n, bEy(xqD+Uc$^<8⍯d].R\0T+RMH5\"T9;nl!G\0\0\0\0IENDB`',-7.7,2055,9,3),(103,'2013-02-01 00:00:00',NULL,-5,2055,9,2),(104,'2013-02-01 00:00:00',NULL,-1.6,2055,9,4),(105,'2013-02-01 00:00:00','PNG\r\n\Z\n\0\0\0\rIHDR\0\0\0\0\0\0\0\0\0	9\0\0\0sRGB\0\0\0\0gAMA\0\0a\0\0\0	pHYs\0\0t\0\0tfx\0\0IDATx^흉wfzϹtLK)YI2@[Jgh2CKЙ[3%d#	I,M޲ۉ/}R9cK<JG~ߢO8 !}	C%Kҗ00/a`H_!}	C:Q\rA:b$V|4%`ވPu5%[N1&H7TB\0v&O>cB7:<qxO%/|`9`)X.0	q?(<a RқLhgwMA^QHH_Š{ျ>&җh	XTd?;@f%33S[|a*Qe=K4\Z;ca/&t0lr՗%\04E`::OC\0uw6/1Y]җGh,7I\\?һ.K:$u9-	6ز_/X]җQ1,9n!!pl;>qA@\0.=[ϳ.3خ$\\?-93ǽZ%/p`\0v=q._\\D耚4}/%P{!x\'%s(Ԭҗ\n}_Š_	ٲu\n=RJH_B=l}O+L=e\\nk+eH_B%dts<= MYMa=0NY+!}	5bݴoB`*iU`yo*Fu}GKWZNy\"}@S9yl囚\rq(~j }l.f|>MANۮ\rDoR%/q(\rڭ+*!}x)])<uk\n^Z.^ߧ\ZH_b+EniNO<uA2=ҥK\r7\Zu#/a`h6!ٚG]4Ӡ1q|c#☸=#ѸO\n\n5݈jAN@772Os֏+Y//s<ߗ\nt<C9g\"-#нcAP9\ZZݑX!cƖޖhf8Tئ:\\+cnmUEo1m\\^!v/Q/1f\n:K\rCw=LHwiжcRs}o&mB577g\"&ҷ倾SnM\'uWm9Z]{d؜\Zb:QrW^+ặ}`\"QáZ$M3iB;Vh. }[$p`WFm-n{h|I_BSXخvB!}	Y\n%H_Pؘ-X.j. }	Xvv@,{ΫN-H_B;G/aH <Im.\n!җ5\nIio;B0g3FՅo>Vҷxc+;\Z,ǄeT#o3LܘYЙ]\ZM|oӐeyOD3_Es$ѲaRPvJB%`hNK }v-`I3`ƥ2J^+tmo<qx(5osI&1e׶-_U/qwj:u_~=ESk\rN2os3Smve:I/q=oɆM}[B@_oHyˇInHYKw:]YEn[leHߦ1+x2MB3޶}欗ʾ\\ߧ2HHߦ6sMB-?\r5(NF6:z͂m&`>ܴߐSD32*f(bnq}s&I_b&_SO?;Z`ॐOZm%ӟ5g߽؋\Z\\0Cs^	̛3ŵ%`җ(<\n}#)>\\``	)u8&Z$}	H0Y\'le\0׫ooREqq{~%jQ`Xs֏v7_g_.hI\rFA靎$%A]@;RL0+mۮuK`%3BXN1GIdAw*6\"H!Uy	34*fk-~L@>ҷAE-Z>UL~DlB>&sIxE\'~kxM˔C5ockmmJ#b>nVyOFWα0lX\rE,\0tTw;kyEk`q**h翈}-:RoKP[)EhuuvͰH%pDp$cJ?W}pMɫ@ nu!Ø:bf@bb\n!萎җ8pw:ܲמJ/b=I$Ř;Qo&}[\n4+w*lx:ҶpM#!4:u-|\ZۧuGRʛtżbpy_b(^~ncB({pG葮l+͇Br&%FIP-4_Ԩ۷~EH1u!}[\nT߹puul1cu{\'mWI/Bom!`bțWk.A&p|+#tdB3XSWv37WsP-\"ZMrGolP:fK.JoG=Ut5WsAso,I!}U5m,\ZН~<.4k1#!}j&z4\ZSH,\0H_\rэmՆj-K4\ndEoZ!iFd>4,AHjE]K>֛UDCdߒbKopmYup]3[[UǱ9`	Yl\ZN+;+\"$~Ve5!}kGST<Ea-0`\n&_$S>Du[#Rg!5s0L\Z0l`؃kt(ju3ukk0^vyZANq1Wy?=*-ذM.*=۶뎯4AM_:@mã?]AS:cK\Z$$-7j-_=\rFʎYs,l3\\8\Zt8Eq΢}<>V10笗JSu\n(PDMyWeWzy̞*\'tqH ȊZ\ZptzYK^Eu\n]	q?J1q.T˿I*fFO_|f{	׏PZQ!S\Zm\'U&!LF7k%#V%з^:MA)@6ӕW	<.C-iqǣ)ezOb8}Oq0+&b<}&?Ҳ	}%st\'8-d1WPkir#!e[k$}!D4rݱ}y\\Bh~#m/|h\"ju=	1Qy|>I.	=q׏c%`<Yd[zen5^,\0/ ,F8mۿҤ읎ZlQNT]?YIֹp\'(_/V@D[m;Iږ=-йk4I˔QtW5;OxrS{;:mkc	Fر~4j\\8-U:n\Z3;d>*ܝ$tu~EucR!5~\Zm2շ?LAt\'t5&fRoǱ~,d_X>᭎pND*zBW2\rO[yy.e\'<%MVqCb_(@iY(D9ġIxR~pKg3%j&yMw:B; W\\_7\\%\n(<!-zC^ÕE\'4S߁[{{_f-n܃\"aXtg>Λ{7x> jC0]۶	iR=p+/z2sm6b;ғSb^\\̧~@fMARpy)蜌n^̸[wA2oze;Jo2[%ҷn?Ec[Ȋ_8]4}DfZ	k4 }U@޶]@ڱhʠDbspI*\nG_oȲA6{ċ(so2z/U	ә/єl  ٳ5$Mk6qN(Xܕbї@\rsv]\\?+G0ͯ oQ6I	5~))XswZrlyn	^e\n;)opv\r-FÙwKmys̹P:o܁\'r±m@o>H-`|odţ|iͅ僬cwW\\W_ߥ߂F|AZ欗ss!=RM}aސjfNpwHmC!e;d>}ar~\ZAw?\nap5NkwWwKsK-ۍs1<ODOROh117*.<I緛!.e˸/Pۅ%}!.EZ8nHxY:٪{Ηgpk/8\ng.ߌG?)蜊BǱ8,-\nʣU0:IGP)!.{\0ރܣ|ʯm<$SDe}\rw˙+WWr$rQcwY5$_zx~x6Adbm|YB!>Ԡo3>H4ɾs`0eQN8=lHosD_\"/(/Rr{rAti8<cF}QbԆPGT/`h>]?qV\rA>Ilm.szCy/k5*.%quB#E~e?\nuEZhX\n$\\_^<ίx[_-zB_̀gm,;$U\'PPzq:jfqyfew.VA3Ҙ*r\Z\\X3;4׼&K\n}+4R}8p)~yBh/mST2{KŤѸl,ܡKhl6/:]}߰-FD0H\nZ}dL&eu8x?ݕdg	/Of:7\'K:I{GۅO(V`\\Tv0ʗ~G݅\ZPzcgV=u4/ƥ!:BYx`[wn<n\r2?EwKݺiίq\\Ƀ20u!Pq\'Q>8c3e\nي2	Z}\nr<\0coaչ{E\ry\"?\n{jaK0I\0v$VM}[u;*!Fxn*ޱƫn0`%w#e-ytF\0ܖݫS{✻0N\Zd盫Nӈ:?8T/2.ԙ,Rđ|=KuRs{Db-~/|+)KIC_=.6V^ŁG`m\0Ѐ{جxz&Saf2h<֑{K1FX,oĲwm	{9&♝~C0B%K&}	Z,{%d47i\0XTD$hYRBFT)\\ccb22+6D,\ZFbřTi*4dԱ1]+{7_jV-R/)<2䱺c;LyxEʷk?#}	([;.ĝO&i\ZN#dt/jt2r+V_X֟v]NgV$V*XN+F8:̺ {Q{GJnodoE{GP_l^}S%k}laՍқ/v<[P%Z_X^يzJtx|9X\"A\0$9XKTb;g/0Tz#1\"H_!}	C%Kҗ0,1tZ+\0\0\0\0IENDB`',2.4,2070,9,1),(106,'2013-02-01 00:00:00','PNG\r\n\Z\n\0\0\0\rIHDR\0\0\0\0\0\0\0\0\0\0\0\0sRGB\0\0\0\0gAMA\0\0a\0\0\0	pHYs\0\0t\0\0tfx\0\0IDATx^WY	======3;;}18`mpN$nlP P\"$4n{KA=;:B*}u}#4%җHcH_\"!}4%җHcH_\"!}4%D\"\\җoU/6rI_B\'9pYE{>aIH_BȦQ_}NJ1VpH_\"@Uվ@m`Ue$)KT3c7*M|J%!}>uuvM]>o(vϤ\n/J ʪ|/=#N>sf>&DʐMqgFGT#x\nD\nPLr3X;r:P{]EE_%\Z4gu\rmMu|%&f<!җXS0^޻6u\'wQJiP\n\'\"/Sb3{Fƛ}\rҗ\\a0cc4qMe3%}	1W=֡w<V?8c=}~Ɓ{wI_\"@5惣CW==|\rJ%R|nWp-a_?? ΛʆB5W\0-ޟFe!U0{G!OYGnkB#諑GD֩oDّՐ^FK$9[iƞXc͕CGn׀p@1qeH }VL&9332zZ_$_\ZH_\"Q@vkko>3N5W\n%җHnU\\5n<>zDlhN曼c/N7=[3v?B^N=DK\Z=^i,wTf[\"aYLZo&BH_bҝk/:2^җG3;ҷ__8pN{Aїu=ʔlwmnCsiҗ@@߮[آ8t[+}~(Z4O\n%%pm^_ɶ뾁cf* :mlVH|X_ 5ut3}I_\"=X8K+=N\06C΢iNwUJws߱br_q!\'bZ/m( %}HQ@kkk1λ=U젻ãWFr98jcQd5t2s4&\"B5J?wUpd1;E ^\nt烋1]_Csp\\9Y\0MFA+gW+<yb-/e)͉Y_x\'oOyKsؒ`!:w]{Nƞ9g83/oo!$a9H9AhĠ_W`qV[X7\0z:}pu^Uj\"KDY(f8[-HJ}\r^>ʐsywav*6@o:y!Ygz}ǛGo\'nTYä/\0Ӝde;b\n\n;_5c&^F!}3XQ5o(XHB1w{K}<_`&8hR!}3`g|KzWי#	/\Z \rU?x|S?9C7җH\Z0n3Yp&荌җH\ro:hȨ }Ԁ޺käҗH\rX%lfw/^UK$4g{hY/KZ{ÒF9\\__4rN;8ٳH_&M`W\n9Mxa,k zcMؾV=V7IF1ibpM|4,5)oԓojMjkk=SP2cB#p}}ћ\'k]7ioYf/dhaBnF,8yH T2~t`orb\0wɆ\"HL]y˽kNSMt/`x2mj[34\Z{$1?v.qlw޾Ⱉ{bԎ<Y7^@֋_|-SH=yV¤	W\n;0s`7jApyEHyA)h.ONʐx*<â7@#xTA7nķBc)FwI\n7I\ZLɶxH_\'8{Q[ɛ8mw\rS}:}cn{ }@DTLS)m6YP3]v+z!/x-T<cm?%&/H_b0	<=\Z5?	lשFv`R{@gꃱUH_7zl0nHB\"aM.8av1_Dp=|W|	,yG.<_\Z{ooZCo7qkXkg/nBnayx1{U?1vy?\'\">i7(}b΀6cUsEI<7ӁxvJwzbLo	Od$ۘ\Z\07Qp7Jlm-0T$_1Qr\r0UK\r˓mS/.\n^pU@5JZW7	pѧ1ڽaۡiY?H\"0~)Lpk԰\n7s҆Oe9l&Ha;mzpTqp\\C>}<˄\nӬ$/𱅘l=Q̷uݮe8t7Zh͉`lE<Ӣ2k8vqt4rԝT^Cb\02!\nwt7aegK#α%]\\OޫVam4(u	mgu~3KEY\'\rax.OYJ|{TA2FRQ@D)@KO^wȪQAC6FICOC%ɣt\'MCZm:oi	Bf+s(d7X{,z=q=g<{O`HԱWsaJ3(gt7_=xlfNGfARH!k5e!o<8tY.+j6GQoN6o	p*se8`ZR}H3h2A&4N8ePܵ\r	;]1t%7\'ma!!ʁEgK#\r6Z	owcE6mISO+;U\Z@&CX/&z.)\'^p3%!}~ϱC261J:V$ix }(V-ɔ۵oFSWzR6TTΊ^\0h g|u\Zw񛧧7e9UaHDscN7B\"NI[)H<b9!}\0mG,gٮ9SHpzyw+7܀[LyMl1XX6\'Vql|=i _QAF$c2ۜ\\gݔq_ݧ~R\"չę-\0}8Lԇ6y\n6%Y:Wjzp }EV\08#N7֪,/ql9XS</g:r>H3YNbZ:h(M\r|EfQUL{~o>?6rr5O0ũjzcw{D}]]kf0ʪj\Z\\՝nc][w|hgKG_n4V+GF\'`[v	_s_ }B*<	TײuY@ew}̒\'PPc+2@D5YK!Ŭ\0\'Xwfe>ɺyY?Gr7 \n`9iR˶?w}>|\r|z9N>i1v\Z4/2֔Zv]`: r,pS7m_ٿ_Z:)c~@=xa>0\ZjL4DWc;rͲI0nZR(-5^둋,H+}q;BfdF\"I5g,K$V.5,;ʛ!U\n&pjǰ_n SKΧ{E1xS1i\r}ET7j~H}!jL]pƇeBc&S$.L)`m;/jcn;gpfd?f\'w5\Z+0:0g39,ohvvxxUy\Z]5¡MKmm8c3V[7Ɯ9+_W0rv]~,e,q|dĒׄK%cx}cDg8Wa93W؍*wD>Mw譖/-9Xv~\rh,<y6gPД_@I\\_ɺ=\r	_0ؼ.J_W*6wQoNwu؛#.ɎW\\3P}G;{.ħ/Ɵ+w\r,b+2廣\"Ӧ*BY}\n<VEf;ũLPmL\'Dܗu31b1D/\'&bl1X_IQqj(7<[7VHXJ!72&9P#NȸKfo,}|\rc@T qՌK$o,YxsE)	{NίeE+bo`-2rH\rd;r.7@-61c2QnpF_SN&uOVTA{_Z3Ug|%M͹c@.@d-Akg;jO<=\\a6(DL(H*Ԯc08f͐W@`*m>?8ik\'G6o^<uaO0lWl0b6ÏӸv߆)Ь@_WX7i借E?|/	qC]y؛T(N\'G\0cOpA噡I9ݍX16zJ3nIOת(V,r\\_frNƲ@BF$_Rx\'q3eD\r7:r٢0J#}af^S^ڪ՚Up2BcPqƊÉ&}#)HwOP\ZE\nQp*퓿2uY}_Yr7Xtd|U{z7W-wl寣?\"<I,lf-j9nU٥	f\rŖ\nvkFݍ\rh;D\']t)v}rCY)f;ws8}sz\Z!TQSxpx̑ӎ*5rH 芸9	[H_ѭkb`Vxz/\\wtIܧ~t>{}{t\'dlƞg\r=P?P5\\T>W?LZ@YWO`v`F{5|9,-6ދZt,wzn&>[uQ?}Y}r<y7.uީ]h2~-PB̂gԲSncl,v-,^\' @D/><FOqw	;nZ8}g8u?oCm.piB&2O!%\r8CT<ó0\"8`uA_߅W_Sz$ɃgP50zKxͲ/ݠG6|,f!&kKBX2ϕGSZ#2ZOr\0]F\\};	mv$]_ڀE`SjV_HUsC)W<+,1u[<yTOq,E9hH^Ť\"8 tNI\\D}xd\'\r\'\n,Y|jr68O-]MV;6®j!Y5_:qdߗZkޗN߲9/:p9t^30	A\\ђ}yJ迼%|7	J^IMvO1\ZWn,\n\"\'YN4nam{nP_E!.1WiMҒ)NS0#H#P_yaH\Zz<s|@;W9ɩgz\Zjؒ,4Mw}g8Nǀk;\Z\nh7}If`U.9iD60H&+\0\"-H9O>Ԁ%9\\Qg6h\"-I\n71ٺ*A$CHItAsH>Gձ&+84|-H7&U2lѬ<F5ChJb۫sXcGUKݡw>=/{(gXĪ/sϻnױhQ/\Z\n^_Db\"|e|}\'T)]lzXw]pWkU\ZFy}Q$/}Cd%}];6NM٣AA 	a\0w)˵jTk0KVwӲs؂oI0]BN\Z|-X<a?-02(\"Z-γX٥fu*Bz^:m\"!:e5γG5S8+?\"G)qX;hը-:ݪ\r잧2/4Fb0XtzX5\Z2kdwUՀC3S?+}2Nq$8cX]\0{l ni:^R.K%җHcH_\"I}7;\ZI_\"tз4-HV5!$M_ϔmb%BLBYL1EtUrԝ0p\n-XD&}\'9î[z.t߸4OW;44<B;pBzxJw$E \Znrrz2]!J۵*%$尅.:OCL_?NZ\\z*zC&S<pD/9$I^w3e\0]wø,Su;@9$\"`f\\_zJfĒQ__8r:	0ḿCn;lF[[%ĒT_U<\'d\nĒT_dއh/NdW1ɩƞGQ%Cjf5B\nĊ[_XҗHcH_\"!}4%җH[gݗn:\0\0\0\0IENDB`',-9.8,2070,9,3),(107,'2013-02-01 00:00:00',NULL,-6.4,2070,9,2),(108,'2013-02-01 00:00:00',NULL,-2,2070,9,4),(109,'2013-02-01 00:00:00',NULL,1,2030,10,1),(110,'2013-02-01 00:00:00',NULL,-4,2030,10,3),(111,'2013-02-01 00:00:00',NULL,-2.6,2030,10,2),(112,'2013-02-01 00:00:00',NULL,-0.8,2030,10,4),(113,'2013-02-01 00:00:00',NULL,2.4,2055,10,1),(114,'2013-02-01 00:00:00',NULL,-9.6,2055,10,3),(115,'2013-02-01 00:00:00',NULL,-6.3,2055,10,2),(116,'2013-02-01 00:00:00',NULL,-2,2055,10,4),(117,'2013-02-01 00:00:00',NULL,3.3,2070,10,1),(118,'2013-02-01 00:00:00',NULL,-13.3,2070,10,3),(119,'2013-02-01 00:00:00',NULL,-8.7,2070,10,2),(120,'2013-02-01 00:00:00',NULL,-2.7,2070,10,4),(121,'2013-02-01 00:00:00',NULL,0.6,2030,11,1),(122,'2013-02-01 00:00:00',NULL,2,2030,11,3),(123,'2013-02-01 00:00:00',NULL,0.1,2030,11,2),(124,'2013-02-01 00:00:00',NULL,0.2,2030,11,4),(125,'2013-02-01 00:00:00',NULL,1.2,2055,11,1),(126,'2013-02-01 00:00:00',NULL,3.7,2055,11,3),(127,'2013-02-01 00:00:00',NULL,0.2,2055,11,2),(128,'2013-02-01 00:00:00',NULL,0.3,2055,11,4),(129,'2013-02-01 00:00:00',NULL,1.5,2070,11,1),(130,'2013-02-01 00:00:00',NULL,4.6,2070,11,3),(131,'2013-02-01 00:00:00',NULL,0.2,2070,11,2),(132,'2013-02-01 00:00:00',NULL,0.4,2070,11,4),(133,'2013-02-01 00:00:00',NULL,0.6,2030,12,1),(134,'2013-02-01 00:00:00',NULL,1.9,2030,12,3),(135,'2013-02-01 00:00:00',NULL,0.1,2030,12,2),(136,'2013-02-01 00:00:00',NULL,0.2,2030,12,4),(137,'2013-02-01 00:00:00',NULL,1.5,2055,12,1),(138,'2013-02-01 00:00:00',NULL,4.6,2055,12,3),(139,'2013-02-01 00:00:00',NULL,0.2,2055,12,2),(140,'2013-02-01 00:00:00',NULL,0.4,2055,12,4),(141,'2013-02-01 00:00:00',NULL,2,2070,12,1),(142,'2013-02-01 00:00:00',NULL,6.3,2070,12,3),(143,'2013-02-01 00:00:00',NULL,0.3,2070,12,2),(144,'2013-02-01 00:00:00',NULL,0.6,2070,12,4),(145,'2013-02-01 00:00:00',NULL,0.7,2030,13,1),(146,'2013-02-01 00:00:00',NULL,-6.7,2030,13,3),(147,'2013-02-01 00:00:00',NULL,1.1,2030,13,2),(148,'2013-02-01 00:00:00',NULL,-0.9,2030,13,4),(149,'2013-02-01 00:00:00',NULL,1.2,2055,13,1),(150,'2013-02-01 00:00:00',NULL,-12.6,2055,13,3),(151,'2013-02-01 00:00:00',NULL,2.1,2055,13,2),(152,'2013-02-01 00:00:00',NULL,-1.8,2055,13,4),(153,'2013-02-01 00:00:00',NULL,2.6,2070,13,1),(154,'2013-02-01 00:00:00',NULL,-16,2070,13,3),(155,'2013-02-01 00:00:00',NULL,2.6,2070,13,2),(156,'2013-02-01 00:00:00',NULL,-2.3,2070,13,4),(157,'2013-02-01 00:00:00',NULL,0.6,2030,14,1),(158,'2013-02-01 00:00:00',NULL,-6.5,2030,14,3),(159,'2013-02-01 00:00:00',NULL,1.1,2030,14,2),(160,'2013-02-01 00:00:00',NULL,-0.9,2030,14,4),(161,'2013-02-01 00:00:00',NULL,1.5,2055,14,1),(162,'2013-02-01 00:00:00',NULL,-15.7,2055,14,3),(163,'2013-02-01 00:00:00',NULL,2.6,2055,14,2),(164,'2013-02-01 00:00:00',NULL,-2.2,2055,14,4),(165,'2013-02-01 00:00:00',NULL,2.1,2070,14,1),(166,'2013-02-01 00:00:00',NULL,-21.7,2070,14,3),(167,'2013-02-01 00:00:00',NULL,3.6,2070,14,2),(168,'2013-02-01 00:00:00',NULL,-3.1,2070,14,4),(169,'2013-02-01 00:00:00','PNG\r\n\Z\n\0\0\0\rIHDR\0\0\0\0\0\0\0\0\0A\0\0\0sRGB\0\0\0\0gAMA\0\0a\0\0\0	pHYs\0\0t\0\0tfx\0\0IDATx^{չ?zmib	\ZJӰBK.nK\n4KB[^$[;vvHh4ssN,đ-kk$yHmt33G5cD;@\0yL1D;|lr&xGٙwBIODm4c=.23%{\r!ZK/ ji4LKs<^>`DN\rŸqU5Qx5zS3;^BeQ9x7dʄ*	e77s}.~hc:\':1%1D\'؈?+=U-Ǚ\'hGx}LwUV\Zb3a?W)\'&\Z#X\"dhnˌT\\xDUӜvא%8c;JvI.8co2vj ){mg}iy胜_h#Er{	vğhala㷧8)6#s5:7ڹOg(˭U7{eh\nҥH~_β}z;X7c-`/R vN	iMh<Vb{/hcp\\JxY~{#ߐ j: *s9L3ƒr֝!f|[\nuD%19dvY @uxܣ/,Ci8v=\n]<NZ(C<ȕwSK\'!EAw0^BhMQ&zP)~$bIn\\PbwfAQz\\J/<ވ=,-G]f池K%W\nu屧oaEe<@/R.yLN\03f^(O=3<d,^_ozui}Bff}cpFe3A1q5{\\<*&cB<6;՘\nHƾkȼ{gn\nD%c|D#ARQuPY [q׃tp1%D%TfbǛY^jk=h+s<&q y,p=\ZD83;(,!b(w#$cNׁ \n!/SR$We?v5J6Rjx#]\"\'c7\03du%wGa	ݸ8\"LFYݕ\'L>ث/-<?.Wv0 I3^ZoQ2!QG,fӸ/(vqjtnȗGf|ͶUO⩮#򘐨c\09эQ`xWkjWRDr~ͳs9,7cBvA\nuO\\\0oW\0?_X}4O	B`[LҼďi!Ƌ1=#,uYŴgse? :@d.!Jh!Qu_AH(^HUOߜ=I+@t8\rx:>σ\\s^u#k\0[M)ú)1)Chǃ>6uozP^9c0}^j荩}gS0?^!y/}Óғ\'٠vF1]igϗ\\O}f\\z*T_;.ޟ,̈́6_mL#=.\0{pXe.5\"]F_uqU>yN<ȳOd3goL\Zל6zL	FӊN$k^M	zS,~9IVIZIh]{rpd7yơc!O37}ƴ`9Ý%rn8<fDкWNoVͽiB|h3:s)j\\]L<nWc\"}gG%z.ML\"+EN<~\Z#Bx[^CaOgD{R_D*6*k1O=<p.틵?N</yܮX1q4>1<PUJSC\'U<v&bش0/[	y<eJj3>*ND>Hܩ菉])	Lχ81_U?gO6#q3v\Zkُ7b#L>N,+\"9}_tw\\܁#DsOV99KeO\'#8Kbf2wzMqf\\UwϮ+gґ!_oFsOw \"7,*\r	ƅ;Oy}1\r>^pLH645XW㕨/C_;Iq^1Xr\rļ_ҟ#fAqXXMR|Fx\\Dq6Fhϣ(nzQx+\rgS[]x|BKmHTU1YM~lCo >	@L)ߨ	<anvXD}J/2_,E\\~j0Xx^qD|!mG$f|sX1Z*^yW>U<{<$ιεnho\\f?^M!ߐږ(*T/DQ!*#\0<u~U\rIp:\rUbfcc\nͽA?y\\}O<!+<9(\ZPjRCC<2MԽwS>CjXB@=MkoMB<n>sgB<n!s{4)qqSYW3A?s?4\r+5ugB]*re_>8(8Nqvqq.CgIH{,.!7vl1*@0w?*$Y^m#RtcX|P3H7^I҆!2@OcTz4\r\rlTi+q0\'LB(6iz\\\0id L7T~\'f <n\'z\\h<>&ckэfn <>>ck85мR=M8Q[1K}M(fj,g\rT  i\0VthNpz7B#wMxмBhƋy_B )$D\rÁ^Kk!Û1@v1W\'	%:FrxJΡp{B3.,Em~a_3= fUIz8/&\\;:hƅǍ%ٌveOV\n\"1J(OxRqҝ_em#gZu#IT̏RqُI8.}q+^hW;g <^.	]Tg\"ٿjKqQ|⎻.Cf_r6ǃK8ʘwxtPA.0D1v	?8R<~zq@mIvpJ=Ǖkх>Q9XDQ:f?swӀ#9S?@vf-i\row2ڸ8cߤ\rFғ7^\'j4<l\'->3 amJ**/e43XvSJ@N&y\\L3=FrFܲGqSiޏiǂ!nψ>eRKbJ2c{,p#Ҍ\'w.(Iʠ[	g\'\\\rZ͡0l1x)PlΤ;cFO91;\Zk!.LZQFQyȬ2bl3<0K۵9\\`\"A~NwNssHj4]<FJl$&9؉`oȏGҐF8Ϙ<>\r4сÃ@d;y]k!lq(HDwZ2+|>9deI۟gc4Z{Zt<n{U#QB]Jdokz|&hB@$3=d1^M\'wS`d;{|OȀmS@jNaW`><k^Zexޝ\n^g-^oۨs\r \\pѵO_99zo1c7wb{GoFU_a%3K-(-ymPydq22y: A3Ybd	_o-MSJ{.mDGz2OzHP7tMИ\r4cm}m#?cQ!BLc\0MoR`K}J64;}\0*C.=6Q!h06ߤV(fLw9i*ux<46mL0	O$sqb.*=ʯʋbZC!9nqu;4A/SP8OV	Ƚ댽uVVkB(0/9!C\\hؽ=̝^gk?De| BZ<-$F0F6Q\Z\ZPjR{2MQCⵘ`CVā`#AV:~Z\ZӶ{)I\\l$Jj)+Q_X1 \'FY_$.XIj>zHC0lr:}L!1T\n1J=qb$/|>\n6w\r\'rXBŋP2?dR6Yp`1\r~4\'׃2SMғt05p+*EitK\"^%rޮ#F^>:VbN!\Z#/D0#jh.0 [;卑Svbm^zD<jR<FR1dy%wC_g$76cd_W4OaJ/(OiD5z]Bxاs%?|\'|l\r_\\̚װ97v`=r\0u,^vxvj0P7>M~O^D$U,xg(tVye&}`͘\"gR6;n6H\rN1ʨh*J;\'KUI,+\\~-MH^a7c5j)\\,#\nR_={ǎG=,^S3yر\'7Q>>LT^sW U\r3Ĉ_6Z7=l-B9\Zj D}h@Iv@F3>\r,5+	JfccSy?nPnq鸒\nJ+y2ڔ9#FCxgFk!jcfPuW9U	M^i5cs̯.E\r(Mp5XM$*o\"cv_^\"2&`lo\"0Iy(ǋȰb򄒑\Zx-\rT~*_?#m}\\xVG?o8*`b&tT -\nITmxf{(~njgES8}nD@$@$X(hCA9ENѿ??.%64JSK-FTy\\lE~De0CQ؟-@ԃ<~	dfE4hh͛>sè.X@1fPAs\'2ln\\yPZ?Rg0+9OzIb#B˯AD|\r[	S(+yP7c\r|kR9F;~h<.zcÖ#>W54s94z`65Yj)p`̯Rn6<r\Za/.ڡSqMľH\ZS`ATUer>Tp>R|rǉ}=6?GeI;	!:On:X`%B)d.lx9S=h!y3晳}dG0Gd CۄV8l+C <s;x\rnD^QK\n`yv>s\0%if#\"1}1Z((Rip\'Q!jJԻIgz=oy|7Fc0>a<N-CfDͥ=IgzQrr!ngś|Fqw[KI1\0p7SW|2a7ZbwTi.)z(x(-)@YiN<&hc s6fν\0\0\0\0IENDB`',1.1,2030,15,1),(170,'2013-02-01 00:00:00','PNG\r\n\Z\n\0\0\0\rIHDR\0\0\0\0\0\0\0\0\0\0\0\0sRGB\0\0\0\0gAMA\0\0a\0\0\0	pHYs\0\0t\0\0tfx\0\0IDATx^Siߺjۺۺaj3{I\"18@&	9B+ PHq=o7ȢX!ZOէTBj}\r?(i%(7[PnoAނr#Fxʍ-(7[PnoAނr#Fx\'Niy*q)ɝH+ÿ+\Zo y9fk+m90\\[p2ZN\n{Zϻۿʥ&My9\0[6Z缍\'_~owǷIUni\ZAkl=mUH7IǧL649œlSb*gPo\"lbnmI)\' HOj1l7(V9=	5,g\nA\n8rWi%2_ԯ\0J\'9-oRiP{mnf|Hv$r(-7Wnk[׿1ׄo[ծ{xSM҃ǙqG\0ZPm6#cۗ~R´C˝Q|sn>s__??5amU.1Lz_?Anu2FCb	+bo~Mb	#wi>o~+Ko	oq+O9ONZL	N9	w(7rԠL֤j֭1-4w_?4	bY6@zB*Om\'H\\yTHIn\0BfZ}qrj;Ϧ匫[9\rT?~7	œ	kwV¡N:\Z6`VG5rqvn!=HpTn\07x\nBTuȾpWni_&&p*#ZwTyrkO׮?̊X}47|\\\'@}46_iB}LI(7)7%y;e-;g32n>߬d?*NT㗞3%An>xYGdO-w9(8l(4k4:GĩTSnXU>5=&I<t_Z@n\\\"yNOl\0dQTiNYKK7ӪNH)gXF+pA!P|3@qU׎Nn*9V@WFek*UnCΐa;<nYk*y/NwlMIڇl>\rcB?EIf UQʝ ժA**쏺()m<aQ)$/H91/M:H6G(7!A/@#y6Zg\rǲe-s׭)h7Cgo1ZK\"Y@Y5ކٲ\0J@r9Cd~<P_b2A2T8I#8\rddd\\h9BOd>\rĬ7BT3<d2#;>O5	Z#ɒ=XmJ,[ŧ=Z7k4SM:îfS:\'4~UQ}q@ŮZ#(/tr\'I:D5T\\*CotrU:4mB9KXiTפ??KÌc7`ws*rH$&,V*m8hU\"Fu~yVTCw5PRkj%7\0j~or6 2dYA_7>gl\'#7pRNGaf<-wd<o~7ӋwkgG;_d漻[_ݟ \nܤ盙YtrϓOSMy.yΗŮ\ZqYۆꔛyuEwr6e[\ZI^}&\ZoR3%\"xJ^KM6Ǟ֬ތtB7R)Mn(/u eGʖaߔMn\0Mp-_Ip޾d5c,2m,ܾ+&9ʽSugsaXtǦ\'Lڔ/a`w(_NKυv#76WH6ۼM6iU>B\nqlMnY*lDͱ\\|׿ugO)6ɽsw*XY_?Ϲ7|;V룏s)S6,E{O[Bdn	Jpz!-/e[;b\rG%br̂d̼u6-稦\\]53z[}SٙYZnοYÓY0xv+Orbr8o_Ij=7\ZQXL6wKЬP@-ϐSur1XW̎7u)W6(6ZbcIl,\np@p2&ř1~Σ\\y	Cy)/){}D_myǡ;o0+QP̋AY3LBXCf([@\\|\'|*P1(r凣[OEDأۤx;;aomyI:=h26o+lrÑW}oƌT\Z|Q06{w	ՇzkCu\\6J6MZZ~A\0On A7t-MGu,Nl4UPkTX>-ًSV#W6\\+H#~j86\'r\0d=p>\0(7W$9-\0F$GHMC۔rs%37^ P\n 6bpd\'o8%ʽ\'ßlV	7\'k*\rpcUrڍH6\\6*8-1bawï1g*w$xK|!<t5$7\0g%IT51Mde|	\n&;7&<!FoOCrwIx}`&Z2l_[rI]+|	w6ܒmqۤ bxump9GT?\0#Γܓ{xC)?Ɛf9dt7oL5E5(7@^w^N\ZfJ$>0y+z+w\r`.H&pk\'6aKʭg>o7qaY\rv*tͻp*UA@NwU3iI@;=GD$\0Wg쎪rPd}xg5PnBw5ѯ\'r`sx`Ui\\ {fynyJC5w{WpT#LWڡN?5U׏#C(w.oDX\ZH]Yms8W}XT܀<~QdäLRaJ>b%xV!l5=g1aw6@\"fWP#;kMrg!4硵\rN\riA_+=Bw\']Z	|\'=+[<\Z#CH@nNCTz>){).MV@i\ZI9|-KMH\'υi$\0󙴍wc	\rD*ɽ5J`O~ipAIz\0iFZKD۪oWlU<,-7\r4K,7d3hGBT:<ujG\n\0}6&{ rsځ^ BFT>e-]( 7|11QQb.\n\'>xcU;IU^nU2wː-,mfdjd\Z}v\"mrne`\rx)6(NL$\r4~`0~DezwIV>](7-V7:qKG5Z:	Y60)x>`ɽ|ۈ6J>Q)(ġNؼPvW5AY$!Ikw;5?m`\'E7ʍ8\rM-=+NZSWA\"C#2PPnx+&jdSZh@Wܚ\\=?P\Ze.ZwbtQcUӠ*\0|᫪転,\\\rJC5+/,arHkj[\n\n9MIn˝ eaԬ݊>jag\ZC k	單mNz95\\v$nbmrC\Z1bj=uLbϝerzt\Zh[`ͮ55ƅ56r31K}W+}G+`l.9 w$?哈{_z\0n#CI	ّ6ˢOj%tKl=A\'I&r}ˏ \n{;C9wq\'⼑jLpmOۊE)eUQrqaHhON0+/j-YDTكy*,DbGRNUpHb텂	bmθf36Bd_y_Ho{\'=e9fE#ˍbQXQ=PSS]ϬM\0wRnRsYY@N[UUH&Ol骃_;4>Lv;@PX!0)$dZ<{,4F\0Ja!@IЃ7ԡ-ˊRʝH)t삃N܉pVC C\r.Pd`/NVġ)܀߬aaCj\'LbƎ_\"N2ҝBp>G+Xr[k%9\ZsU~etKnݲzBt2ڗ\ZJmVȬ\\iO|ҽW*(T.ھ~x/7[َ\"G;6MÛB\ryB|\"7P,A2#YHSi\Z<ie9LɊ+rg\rW7:s;кorArӋɲdR{H8$j {fU;*zrFf/Y|z#\Z;ˎAwwbK3\nP8W䆆ryĻicl\0ͲWBa1&*$wSn6Ҟlώ.ߛZ,f$m%<1x~;o2[6R8#7erq z[0f֧{\"~f\ru(cֺUub\"`\'!og~7ȼӲwɽk1O *^XlRIjۡ#	a-d-4T\r 7co	U܂XS\'1\0ͮD_!@\n). 7@[j轜j!61&`|2KNr{Q>8uyAbopBLvi$RSwwU}*$d#|zၯ_I}\n_9>=M	Pf>ڄ6Fd@\'|%;!Ɨ+0{\'}i#b(#&7\0[$k= hK7`A	_Bf#@y>.OoXeifhMR\n\0ƏFnؒȣM򌵵HH^y2zeXԜtCr2J#\0M4NLdJ>pP>I7R\rCdm$ʎѮBF,xq@I\r@\"%\\OϛЪȲG~.ft\r{?E˽+Rz|klH@:\\3|[N\'rF̳cڊ\r4:2BV #,~@+-[N/(Ř2܃orPAfW	Λ\r^`pgE|svfƭ\Z>#i[0{-&o_8}Fut5%Wķ>H#K8Yx(7\0~3(:J\"|*	ޟb4+/3?~\"\n-Zx>_#܁r⚩D,#vnȘj}Bn:Aނr#Fxʍ-(7[PnoAO?2I\'gMq\0\0\0\0IENDB`',-6.2,2030,15,3),(171,'2013-02-01 00:00:00',NULL,-1.5,2030,15,2),(172,'2013-02-01 00:00:00',NULL,-1.5,2030,15,4),(173,'2013-02-01 00:00:00','PNG\r\n\Z\n\0\0\0\rIHDR\0\0\0\0\0\0\0\0\0D-\0\0\0sRGB\0\0\0\0gAMA\0\0a\0\0\0	pHYs\0\0t\0\0tfx\0\0IDATx^흇[W_ʾ-67;8&lY\'޼l^h4 ԐF^s\"FHHhtѹ?;1cD\rǈ\Z@5\'F{<\"uo¾pNHZ򷈦فQ\rExнC4=[6Ӹn g3	m6<FeZZ񔛬895&[yy1zTIC(m\nvsR4i1=6\niL-j/	7GZ<&hl&*ݴywLWd~,b?#w>NҔ Kyv4ĕ S/[{s?1!%dU{{KW[5mA\0S(̝}<>qCiƶ{#THCݏ>&9G%B2?o4|hkx+[6#{*$Ӧ]\"hh6=zL5X amH\'U>98}jDDOvu͸^qqӎn@c3HTCHtƿc< B_!nni:|A-/\01󐚩c\0JrPEUBX$DI\ZYpC!)C<ɺIH%T䌑EBTdD5kM}o}!OuoBn˶z22r&JwO	K4-\"sc\0 0hyiHi\Zq\r\0ekVӤѼb4.8g(;\Zqnb+3t_uh`yYv0,zGӗo.8#1Rqn0XpcvxTF=;_		1AN.ct\"&H	cn\02cmwڕH(є,݊RDFyc(Ѱj	hmzij\Z)ŋx$s\"9/r6mz\'|-Xg `KR\Z=vĲ׳!\"t,!^%nXggNzFb,5zʓ/20$6BVqaf9RHoR{Ug، 䩯YiT(rj<`x!}[}=@::z#e2dER^߸aIw~>CD!$o\r[1(**cڏ~֕S%M_J֜D>y<bAGey*	lavo>pCt;7ĕCn2)g>G<ʲth_+.<>Qy1`uGTe^f옗0#@<_>3L{_}-y0\'\":f$@k)~Η(1E,{<\nnY!v7B۟\rCF<^YweZ+x8{ĩ%iӏN!C\\_lmbfŁ{UDnȵͼ3L5ey*M3nn}gW?\r\0DGN2N\'s7Jwc:\'|*$fq{y-{CځwucJf?6D}4B9L^nr${˶}Mst(6Խ3~e7hZignh=;_θR阇옗i>sEocS\rn!]^[?\\l_xf)iNZ&\rRobAu9jMܱا:T1[>ΧŧA3k+el^gUF\'y\r9w0-ksB\nd5$=8j{l1*Cuغh}USfxL.C}j/&yj],䩏&yŜ;ͼY\"$77i/9\\Xm4c@M&1Mw1z2k3Lb&WĲUS\0K37ZJ<`l[}6H\'ՏR/\ZYe=g,;|6ӆ\\	ݒص4cK!8Kf1n>&s8\ZfP?9cPb:lzt\rG_y+TIBcn\ZA!̨<]5  pj>YY&m\r2B\'N)ݛ{lwr`3MOʊt;.\"4cP}VȎ֐B qeÆYw90BFYw^(mKKˮR/1kH<io,9^k\rΪ>}\'@p6qt9asyu;4-\'&A\'8I\\\0G4o@a7 4uy.^E~P\"ۭCO+?x].Z5K4\"VhinAhQ|&xj+bQ-M*{,3<#%\\Bmoln~Zv%R4/DSYo\ZhhqA+슮\'\"I·-mHr;<t7n;V3Fy1\0De`=F2N;c U&eiy3o=V<\\pS<A+\0=V<\\`8ehyc3oGQ.	zp\"h^]vxd@ۅ1@n8^uQb㶂HY ]1&q?Z9ޤcE؏\nw -q,@\\[tPy+^+/cvU;x<+~r¥slJ4׏hB*/Ih``o@ a:7Rr?|qU.	71ܝw;5S)7I).QYv<ݲuf2В1:0*<.$c51\n*o-[z\\\'a͈Ngl\nx3XLqk\0}{`	rqi\\1԰CˌYZjl{B|1\0*[fŮ8Eҋdq_2mg\'T)iq喽ewwƿ$tH6FX0t%uom怜PyJ;e̢/\0/j-9VYA	=F9lhB\rz\\!yź71o\"6OW;\\;p>׺2NP؏\'aHw^ezg\0U.	>Ϳfl{:edzycJ~\"+$ڇ]>7tUmڢ3,][D%NE\"1tVO=W߶c; (DtcsKw睱Ku(4{q5S$c7^ZuTb@Pp&	[pcǴ?I(cVhFfl\"`B.N&GC$sǄY\"q\0NM*\0xT;s^)1Ćef\"wxV)Q376rb/Ƨ&@{<L4Æg\\,ҝy\"K%u>K1(i_v^=paf\\<3$rÜ:cn0ͿnQ8~B2:c:TvHmY+̉O==n[Ǩk2f,b=>o]$C,CzvW-PB<ֲEc?RE=]dJjmQ%z<)gD6et=Sw:1(B=~Ojؓ\08MLHlYԌ\nxR0ڜ%܀f?d\n =#duVͶemn׊m};RҢ7X/۱\'n7BG	x\n7jD^TE4}}d&}䠻`S9.ýNm(2n`VѲe[IqJ&CNXp1CcVD~$eysAz\\5y;MNL[OYVtmE_O݇+cKgծ8siOޠmD3<~|h)5Ri܏R6e#j*cH34sÉD&zle(\\%;ڀR2<\Z<ve-L*8MJ\\**g$гoEW\\Ido+.<>9J\'*]īR=ur4LI.zU鱻<F~Fz\\(CfL>AˠF`<6FXO#\nH2FfXb$;:=+$[{+7u0H!]jy[sfw0NBVedJ=1һmsTY\r̓B:W%إq%dPcxuZ\nxVQ@%l	v^I-yeZ@$1|햽^WxveA\ZO*P]-d*88	2OQԱg/kQN[*EՆ죐ʹ\"|e(cIbG[V݆.F3oͺg&\"<]A{FH!B0\n:M\".dŌ99:pM?ʖi Fd`\"}U((.ys{)C\neΝg{U+沒\nvHM@A\'\'$!U&s70\"eZD*)ҼxN8W֋Mv!\"̟3iP!eO\Z1O\nLڭz^/K+^wD&yGf6hkDJ #MkǾc+䧍^۩Ŀ_ľci s_;_jCJJu41?vGۘW̕;;OQ1qLċ\\PGbE{3$e1|%vٞ@\rXyys9G/W\\+^_ͷLȌ;˼jv/Ʋo̸2@Y>aE#Lg`hj9/\0yA7ĭh%NDUE189w*A~΍Pq&\nA``.+Q(Q(!K8سT{`POgkx.{i\0|mBse\"}]cdu.H]\r.x˺g>G\ro?yʀG2dKv/;KW~Ł3u\Z*kMmUGIS=06z|\'Ӯlt]qe&X!Rn)X/Z屈b,s,iܝp5kǱ{5@ITS\n|d+PA	A@~3\\B*eoh\"{\rB[LnX*wer#p:JhvmWaBVM%͹ 4͹PvGcCB)_zJ8tf\\٣+x\\-܅\"{)5BQD;r8:/Ɠӌ&2rҫXxie\rnԢ?c?6}Cs[3fuACXu߱\n\r@\"DB\0\\fnoUt<tn\Z*bSQ\0oj:7	eNg?2cH*RᘳUG1pjk~V`c0\n{*/z9M:3Nϻ^׳\rNJ#q}QƝd\'2>^sPS8x \rB Ě CSY#rԲ/,;Ѵ\0\n[h\rULkS+\"yy\01%L\ZcXMRVVar[hYW߼c\nYCJ*Ge_b727mLX:c(x=ǱYYCNF!ƪimq)@e\'KKe5\\[k>;-=\\sI$=l\"(JMf\0ߠlt{H#$e:t}t:BHsP`cBWé9:m>Hfob7\"w=&7 `Ȗqɛ\rcᖣ?c[ça%tyIfݩg>\'i\ZؾlCK|*\"kAZ/XooDz<3դ 	H	@Xl..\"+zt 1cD\rǈ\Z@5#j\0=F\0zQ1cD\rǈ\Z@5#j\0=F\0zQ1spH\0\0\0\0IENDB`',2.1,2055,15,1),(174,'2013-02-01 00:00:00','PNG\r\n\Z\n\0\0\0\rIHDR\0\0\0\0\0\0\0\0\0*)C\0\0\0sRGB\0\0\0\0gAMA\0\0a\0\0\0	pHYs\0\0t\0\0tfx\0\0IDATx^gtSg?vٝٳg\'3gJ&$3IL\nL zu/!	&6&ӛql nd˖%wX-7Lwe|%۲J}ve0kAkAkAkAkAkAkAxufFk#C3iq3Ix5\\w\"\\-`&oP\"_bҽ0whL}bf5Y\"\nhwmtC1#DWWP\rcw}(;l\'\"(E%EQp؍cZ1_*ZpjN#&m0b/85dC0`J}Hul!3b4.fثuEyShSi\Z[G4dny }f}f\Z5>+ޱA>=kySy~K.WTuRt=.j<}.\n\r-|ظ6Hh-tp-\0?5h\r!lwnp\'>@!]md9O+ѲE_]Fw?Zc$\'`Wo\n>o?յ7}K\"u?,z_4-2}py9f28P20`nRgܽ},\"_KHk#ˁl9f850Ȉo15T4ϢS1x,UB?adRq\r1~cZJ`?s5yo/,:7ArBM<Jc;<\Z6|2<s~&$qNimIiVOUP[!\Z3ޠ5r<s\nۜ#`^%Z/z_4])A*,nPqES%TϬn)\Z3>^_gĉ!IflJoG|-SC=Z#VMjQK003E멢#&YX@<E/9/z{@ҏh,+08IE3^h|u\rB|oҩ$YX}L3g}bjbk(\".Tv5ޛLKalaM^\0(3DVQ\\5i|ΰ1c$0-H-dQFy/XIZ\0\rXkpz!.Q;K/_9\ZcQ9-ReD!J1y6\ZZdȃD\\\"vbR4vmSޗÓ_*v}Λ䲏g?ʹ1~6zyJw<$6In\Zn7GD$g䷫+b1fFklm#b851*Z7S<KÉ7-kB<Xkzj\r,|b$%gؘx֖,*ZW41{1Ǜ;dqIo:uB/f~j0o:\rQ2UsVVD|DA`pasD~3<l@]ѪBMz֖`3qyN[qD\\VM-J,!d!e!Tl!YNTkm3!9g*\r<IDJpyy3~+Z~c.A;Ӵ6ɲdc!vn|mx83/ ϝ;E@>v`gN|mk4\0\"uhXHZht?d74ZC7/|*\\!ut-LI|Ě௢Yd2P\r<x@kI|d$kYX<՞%Bc  k*E1پUFTngrG\ZGBAu3j=:DwF|h].ܪk	NeSu\ni]Q{vIJ׋g*:q&~xm{:i}K>[ŽZOLّqNDSdx7t#}jPCRX?G>#	Nd\"q{90/nQb|&GyLna\"v|{Td0nך\rea_X8JDA|k=[TlRD~=@1k\rE CD7/u<!\'xַŨd8¹qICZG=dYޙy )zn{=۵.(C?6#;uHa\\rʐtE]aŅu;mx~췧pCT^=VK1iMI @9-6B5\0<=prwEo^A>DeGAXƉփQʰ/߱Ӿ/-.hZ2)2]­(?T|\"\"f!JD$(x\Z(0.Ikב7JBLD~h~Wl[WZZ^Mw>\ZNN.]R\n`/OˑQ\\Ic7\'NǽZ7w);屾lqP++8A4<[\r\0ELe?]%\"Bz\Zɷ=	Wb\"ˊ耊_=`Wĭ);)U6=Oqqi7nzJ/^Rr|}Rjʆ]k\Z_p|6iySr/1iܭvy1G\rH}X}FL~KHNg@-n9pfvM2bXQDX\01)jM%\Z֐[ˣF΂kW>iUceǪڭ˸xHE}?^{RNk\ZQTYS¹xE.r7fv`69k\0;:DՂ@m\0k\rD(P3nö?Һb@\035[;_*EAa{lB릌]Zj:;P	[x~\"RlY*QQؘ͎|5|,Pnxu\\e,~L,)QbGZ\r1\'Z#/_*Ul]#6dx\\X3|0`t6ub<5[:޼{!9%I˳RD}]28\\Gb^Q!`32uRL)KʒTx Nq˃ZyH4.:q>^Z CF5ǒa<f	<c{\Z\r6ۄ~E?#y943\Z.l<[NZOwh~fJtqS5\0i\r0с+9gZO\0O۾RIJSrtm|NaU	Ap<V15GH:ϵwc-AZ^9<sI몯_&((^izg^Ng8_\"}[$mPkMnֽ9Ȕ5pCZCr>%͹j\rOkg9!\rk\Z>pJ1%mZE2rKk\0:]\\!WV)]FG]5<gmr`x~[hL@-0q2Mli\r	wq]fTkU [6#ZA!+s y	3A\ZjN>7CJpyZ#ע$DJ^5uppv<S \nPPN\Za\rgR/Znr1(궯4-SbAmĬSpajhS˘\'@Dh&H:@}Hk}\ZgUٯ\"ݡ::Pk8E$@+SCQK 5$S\Z]ZCFHz9wR6`$Q;\'BZS܁˹#\r$ HA|<ֺ-PJvx\'R]cI?cMZkbQ/	ZCR\"!VbCMcF֐UCn9߫pDkxTݶP`k%芊*e1\0ﴦiJjM񹆳S\Zouttt:^ZO\rSc/iEYYSvSjJ\rsjҎC@ۻHƆ_ZqzA=ѿwSô;P=KB\Zk/p5ԛTt\Zaeϖ\Z-MqR\n\rz\\	ȳ%wtYߺZGC>)<F!o\"x:Oh=Kme`MkT#\0v/hKqi{64eƺYk(RuHmR69hL	߱jA|igx.-ʙ]0i.uP=)xu?*5G@~ٮ&#F]!2#ưwji붯}L;ãޭhH\"i;\0*}[r޶¹4UCn\rN_g^\0;=jns8\'K<5М&?{{F;:89\r:~<*\0D96nuvRm	)T\'ǒ\'RyX.w_ՓM`c6sȕ=˓\0۵)NϧA+])\Z\\㡲\'SKJh0-3ۮ%ZۀDt+i4]C\n$vֺXڂctxZ\ZsE9%2mUJ*dA]6)!*r];5enDQi-wCc%֚ qś.X؝`1n$-!g_弚	pZ\r8b\ZVzLWLu	++5\rZZcI4z_\ZuǸ}\r>/\'˕u>u?#isjDB}z1!:a!kc=ÜMl?zFY\03&åMn;Ihݼo }s)z+z^\\@>=ir־h]s,jFx #i\ZM tiQY>!)4\nP/}/d6ã@ߌ`} LK~9`!Rkv2Ep`m٤Ȥ0$Pp(>jMf*iҐ4\r\Z\\1͙p x5L˫\Z;5i}.e#`}}j&{#y\r&#Goo$N?_DZ>#f3b`>, \"\nE7k݇;]]O=O$wCv݂&h7א5IjM\rk+k4Gh$h&j%m4qo,ԈkWNfshO[R׹p)!5礭%R]󱃳<5*\\kBy5]{`EV4ca@X氻3:NZ{ĵ⎣Ft[uB`HZRa7i¤5m\0~	^Qpb7\Z۸?9mq\\k]Z<Ux <v7hpƨAQؽR\"vUܭ59]f\"@>G<nȲ&=d/ڃPrC@ٓoMECa7|7kkx̃0Jޥ:ǉ\Z@pHGF	Ǡ N-^/@P+\'1>>MkQw=-~\"5*CM\nRH[G&+%qk=4	շh\rG0h?Zh	rVϞ]\np6SE^3$fȗ54ùxhK>~utq/f\0RkjaL݊8{8*ix`!9qVi=#+9hZqj!yT:+۵XjIR8m,P2c]H	ax}Z$:%zK]fuO܈_Zs)orEL}KЊ_iOhoRq8;Uzh>?Zhu3<E-?Аcy}Jm*WTTSCT7&;\Z\nE\rl鍛NOcZb\ruIc\"̆:T;D\nr\rؐ}Gh]\0X<PWx6N>c$dCsr%\ZmF#Υ@45vNӣxPAvtdZ.3ɈԼƟmMc]n=c9ɨ+_QivIb\Z%nZm;C\Z9ߗ{.%+0iK	RcP	O	e	B\Z:` L)@K<պw<VK)Ω]=xkg[q- o޷	*Tď\0W-stdPu*]ټ^Djɝm~\'6/ND3m5湪p\nc;P^S#9TdpFBۏ8z\rsf ^Glf/pf@Zw{4i>ۈKw?E˯5gw=AMȇqDkK Ev=l/>wv7<<cWWR\"!6W_lHZל(g\0!~Hlcn2Q85S{Jnːk4nd6|gkbt?i^m/>^]\nэjkw5p1MIow=ա\0d#^GWlG֧(ʩhq4hM(lw^Sz?ͻWTȕn*Cx\0B\'ԗѹأ0\Z]JZ$mxe.?ߛ˹Dl6{!NѧE4\'zɐac܏WEkqW]&q=@,vݹ:N#:$doUHMΆ,T*Kyclě6ᐴ@4Ȕ߃@nM(;!1!sD4^^}qg!#xV!?.̰[kT~^ސ>PBܫ7|Dk6/q\'0~7楠{Pbݛ/<3nQ	EDߋ[<h\r@v>hujtkeKI0 /\'nu>6U5?deMl >ﰴMd½*<wLҮ·55uUUs+e-\rJFFU׫eC\ZM]\'z(k%_^ՠ>)TDTuU҇}Dj}\ne5$\Z|\0^w\0mr&Ama趩.|#XnA<<yiarY/ۀ8>@78\Z`1>\Z`1>\Z`1>\Z`1>\Z`1>\Z`1>G/9:Z\0\0\0\0IENDB`',-11.6,2055,15,3),(175,'2013-02-01 00:00:00',NULL,-2.8,2055,15,2),(176,'2013-02-01 00:00:00',NULL,-2.9,2055,15,4),(177,'2013-02-01 00:00:00','PNG\r\n\Z\n\0\0\0\rIHDR\0\0\0\0\0\0\0\0\0g\\\0\0\0sRGB\0\0\0\0gAMA\0\0a\0\0\0	pHYs\0\0t\0\0tfx\0\0CIDATx^흉s\ZgOݪݭ8:N$qb;$l2IlG!Y$9ts7}uK5A7~E!txw\nAt1*.bT]Ĩ]@l\"H] r*؟iЋqd,<yhБd0]jyhЛ{ˡ\nǳ;}Бa9\\#]c]L|hU4	p7g\"E*9\"\'\0wBEE\0w_ceb&w] cjm[&5:GH$,f_r$wS]ٽ]4OezCg\0B\n<By,gٱpCPFy5WB߮_\r}Ma/|\rKTZCb\0ov*{{\'+[`ꌘ󸫸U#Wӽ/.e0=U0ړu%=c~o6C11%Uʖ]43g\"\"~%[Wa_][1f\"7\rkNaENÅ]O2O/gAA*!}eG<p=F}ezUuo=\0d}TxC	1ܯ\\..@\rn7]\Zz8nO[PFYB*v]\0(	1}OȌZ? ћA|gE@\0BCw,&@|n_1z!-k]sILl	b6K$]Ġ]h2Qnܙ-`Aɮ.b(w!.{C5C^Xpp:`wQwubr\Zt(@\ZPE`O.0Y*\rQ`K(L0\"\"I:$kS0r2 f@2B(֊003q\n(5\n.]_ȳbri6tT\\g4Us\\*c-l716\'&MqPA<Ӹ}wcLIݥ[{BPQnBH>L0]RGuXv39=Mb*\Z\nfU9ŋɨ%%䥿+>^Uʥ[zoi{m@(!w(]b wfσF>6#[e컹]bdwPƹkw\ZPfON	>hiw\Zͦߤ#݅x\\E/\rhe߭l\Z{#MLkCG\rEυ꭪,ۖ\\`X/,Ŧb3,˹M\Zώc;|*jSƔ՚:oΦi>\'OMyfFj6i.]\0LR%PPA\nѠѽ=-&Ng-U_DRO(GlYaobtAtť[B|4]J?-`|ޢdn&0D,-uy- V#4bh]^+`3+keZhrDd3.\\Bm].M1	˹6w#ueW^.Πmb8]x[z͕Nzu]}m(\rmb,ݗǃw(wؐp!TcfV9QpWc,flwIbMf-DDܥٚh!+T_mi\nd[ʌOSvkmk,\rKGدJ[slb8M$DEiҪ@tQ{3΂4jFqfko/?(Yv)PHlwA\\PPFEIvIhݵDwTnD; M9\'P\Z1씜]H\'\0P4:x&X6QVi\ZvsI)4.͝\riV~1;%lX}g4]H\")tkTґsPyxSt#Z^3aG/ǹubr2,z#<8mEyL|\n@NS݅Bm_/{o^~a Qޖ&l?7߀=/M\'ȼʘK4f;/hkkwVMy((Ν/axC*qN	i%\ZE,f\rIvYl_*liO51bAt(T!pМjpTj|o(lj\ndaؑAbF!\0q4;grͮ4@\nU$1r.&ħ>}9K\Z][e_<*-̄ih~[4mt)\rL|n6q^\n,4a.qvBBrd86ce-*FKEV$oHQ1>-qY#iHP\0ew)ѻ*xH!4iUhWEf)ScwXY)փjD!@wAw5th](:\ZQt=/?.䇱0F}bے̸W}	D2&UL!\nZWtȪFؔ!o*<!$\r K(ʐP;f6؜*񐽔EebfYbRxSI`V\nwFq)\'ivbN}[+ŐH#[Bhh- cޣC\"=!un]6>#+n1J7:oԜo+`ϥQn,Mcq^*#z^M\"ȲK7|[.0Rs57C/垪SgIa<\nї9Su^*J2w-Cs. \0g[!Uqbmrݗn[LwKM*Q/F4tSSyofb$*&֫/w2kT=[\rcOv=&i,ӑjN^715)!(:rd1VWMSuWs(sRLҶ]j.\0/e9g$,}7uQq8It}G; v\"<pe3[lW}u.\0*!E-eB붃RzN!$xŎq>A\0=2\"Y/V\"=cށ\0;S{\0tGdztwrfQ݅|vXOr찤ݱm{Vt_eػ<tcYPݭxo]j[\ZmOr{Oq[m:_wQlsہOK?o&bZ$#L=Sk2H<SD\\=73Y۲9Ht.ďTtPaC o)ԼnZ]8`-\05Tzn\'g8Ã܅1-27ODm+K+4B875{T]8H%r/(Hs-;xY=t\n{f(N@GҤM$z*],ю錳(d5;l.gpeKiƶV{̙܅諶P:\"ǹ*􀡾*wCY EwVs3~^Uj-#Я}u9% \\QBt0奿M(n-(yo.XKf<:wW64Gkw\'c]SU8\ru\0}cc +plda4[~n] l6p.az\nqɫȌA]Q&s}uQtdBYi1X\r	:հxR5Qtv]{<n怹+g[.RG~Zh^Ol_	`;!i<~=IGw=q3+t)82t̝18K2XFuuו-Z?h8!@wf2PŽ)v1=7}.t|qCEΧbu☙A(U\r.=|+A,^]Hs2t(Hx3ndf\"ӑ`G.cb8<ĩ\".K<v\"A8/]$!M8Y\\@D2oҙj9az|	qMcUt.FdݷBipחv:~%$0[\\^5dW;Xad=5%7h*+ہO٢ݵg*htG	 HFGV/;L_.eu$X+˹-ݹ⎋BMBߓ+?aFt4+Ǝ*3oVi*v)yT#UBB\'	 b}c!cGlww?>L7t54][7^r¦/ \nCLj\Zk\ZJp:|-M\'\0ӂan+W:	yABj/K8kUǱmRx-׿6\nq٢jSR<R \0w0P`z64j:L䃟+]\'Hl\"jHę-?RF`aמU\\qwa5\\AW\Z>LV3=\\D\rĊve풾I~){YPsӂZ\rns	V\\\0UQ]\0ΤMF:jpڹTk8kF{2qwg6!IhZU]|ߠ՛Zij3@y:7!Ste\rY?!COb2z&wNi.\ri-	\'\Zw#9WrQ\"Kfʤe\0[V)TR}f*;PϦyVWz\0|\rǦv#99g44]2a8CĝRnjJR&`$Z@|ҏ\0$ɟ`8@4]{L>ְi\Zw+L˹$	wn\r,ѪݚW<2W\nev.+!(-8DOwp7ҡ)L=gkہOYnvKϭJ+݅4.nCGI\"&~Nnķk?ҦƸC\"JwR_Qk2jItI{@߁=[P%o:TinKq],Voy0<a:Sվ1!hY6v%6!=w8@BmH`ȘޝGcB5ľWB\\*	V2r&.T-cٝз餫j04yf\n|q~kYzC(cpn.4Q+Ht8uqE@qNV񾱘j	ǍmH\'1Iv\0}\Zϧ\"#-\\3\'hPM&[6\Z	dbeSi~M}]e=-	|<,V@XE`pq.`ϒ	iH;2(MWN܅\nӑޅcj0\'lήb]z}_gfKHBuJ񓻯o-k+9\rZ\Z ~	e%ň,Jxӝ)/P$\"R[բ΄	ɴo,y̱t\nfb<wTz2\"WHA%W54@<\Z.D.{$ rVvprGew9εzb|]dF%KsUq!Jj܅WUH,t|PW0*~V	iw ~,~ ~]t)+\rRBB3h3䠧#ʬe*ZX)̬@U\0h]I_$Ow\'zm4OgxdߌLq:T	ˎ%<^=UJ\Z)A;ʧ>Wp\ZZ=І\"&E\nt1*.bT]ĨQAw\"FE\nt1*.bT]ĨQAw\"FE\nt1*.bL@|8 \0\0\0\0IENDB`',2.6,2070,15,1),(178,'2013-02-01 00:00:00','PNG\r\n\Z\n\0\0\0\rIHDR\0\0\0\0\0\0\0\0\0Сm/\0\0\0sRGB\0\0\0\0gAMA\0\0a\0\0\0	pHYs\0\0t\0\0tfx\0\0tIDATx^pw߼yͼ{%˕ܥG6clcʕK\r۴@(&XI*ܻ-t0`cz(IWW-*k?Vӷo/-\n`1\0c`1\0c`1\0c`1\0c`1\0c`1\0c`1\0cc]Jx\"o3_`z5ߦōXeL_aǷ)a;5w<IL Կ{^j6l11k<Ge-K98y4~y3y`3\"<:R?3kyfX.*2\\Gݱ=%.=a0`s\'oS(&L_`(Aյ,ĥǨ3\0xsAճdLoT^RDشi<#|l64=}=wk7LfLocP6 r%m?)pg<!w&%Qj.01m)ٍ\'Q䍟qWX1iS?<sKvNxނG8*c&6סGwr;ϏZMDcܣa1.p\'A_\\@%\Z7*cEyG>`IC08X8w(od\r1`fd\rK҈~0WGOps$?y7y	jT66#cRK=r\")z9CzuyW88fXf~׸#^O?n[gl=@ewp\'f~b2N*0GT^y?M~\'m.|̐^=~x<\nRB00o!C#z1w쟳q;mM0a;t=#X4`ⱨwG>CzAcu^+%P- B%/.=+`AVWd{g.vwY(Q1ցY>@~rSNolĨ7 g@*Շxi#5^CcB?B0\r\ZO!\0-1&Ay𫮜hFģqp8$c,qJ\nw̟Ҿx/j	q(H?=ԓ(şc~;|_5Kgy0SPc}%yy*?x%Gvv?p;<X[ݧ1DkʤwҝfzMN=Rđ:최BH-;q<,>t;q\ny\'2%|vGǄҧ`XL_wh`	w|Bd\ZʜvK)p%kۅׅxBc\r|TcɘGeߝOPhN􆱚ǟ!ܑ7^\n >2NIhoW8<V8bii\'jG};.yjĕdKM=|<·q,1\\oS#]q[[7Ng;OH۸s	[E\Z/B2\'9knY&\')E}%]#XK;Em\0DG:bc8c䑯4!hgAgkxER?izcx\">-eqn+O~;/NeOT_G݇\Z9;L9y*v=lpǽ~D)Ack?&sc:Eh2],xһ	ߠg-SP(Kݺ&mizds|26u[z[8`n.\rs_pza>8?op7NLn/l1\r|eHp ;{lU|</lq|x<<D!y7\\)?f4Opb]!\n|sdV@qE1.zܣR5{\"sd,͂O\"x=5K%#wH|_C,ln筘ɛ7)pXpx/\Z+-m!NdV%H=-?L6}\nBQ;\n	\0іX?foGLì1A{c;V29/=R\nd&R!B\Z|? Y<t܂h={Asz9\n]+6Py\'@N|3#p^o>|n\"pHp ΀yL:3A~S:`Њ*$C@[zaKܡ,\']\rt[·13㶾\"uyyv:?[p Qل[\Z/Eg11B= \\<Adp=EbޢA_>LRy8q|\rFAb}cD~fO֎&@zB3)pweDO\"=%S 2H`r<isf@\r?y˾\'E2Ƴqm&_dU3s{Fދ vHV{.p)0/q=`_}*H=GW.puא 47ݗE⊗MPL(j9q]ou)^7[v@	g(^KBo@9Ba}ĺꢄJRT!=sBəsOQЬ\0\'ExՖBnd,ɶJ1A%\'qj~\"P}J(fB2+8.LXdP|C^|\rGeӱze1_<)ۀrg2Yw/517l\ZY߂=6x\\-C><l=6P)\niaf>0%nC%\r-1G!\\y=z$ExU6\rGDc\0>;w(S /ZK}.`t!hX)c.f{xO,Cq\0ql6p\\0+$b<\0{n\"ܕ(*Ĳb\rck*e~iLas(p7etf_C`0d;%*mx\nף7\"l*`zanal	GŦߡמIŮ,K&Aq0(zkt8M=n5x+bOp)%2bk4b&c,Gewe=6PWUX,8xDJq2x+*p^`-asTb{|D;8OQc&Qb\ny:]!n>I<g:z.,n}{VZ>]q^/pf)WrPTA![16J.$RDWcqQ|@>&/XQ]-Z-\rU~S\'@-<%nAlauE驣XatE%hv*+؂\0qoVBU,-Bu@+%S/x7-p4^9_^T}9^$nhP\'k)Y={qA#vI4yT\"uc\rjcbxcBH0\0{:%Duc]rc<1!T199{8.HOx>zZX1TQPi=.]z~ɚ\0<afr	@їq0,0R*\"/H?\rzCQHÉLPc`(UVZUCbCHul.<XHTREC.!nnMvxkv!360Xy\n.ax򫴦47x:&V9!1<qU@٧ŎZ>Ezq0.?&(\\=[^(뻍݁kJ-/*UvWrf*#=#Ό{uk:sPǐXDwe\rg4F8C=HTs%K#,XVuz4:jyꪌ+Pk1N{{J8370l\"c6\nr=ZDo\Z^G8dbQ=d`4k\rxX\".hat\\Qyx7ca~<K!hnPAa	c-=.9*/!$xIXrmKdC\\gHgbF2A!صEptɤ@瑱^G}f_kjU\n3eAETu&>H0Pb4Hku.<!*wY{3Q!vQE?RMe~plpk]j\' f\\`/^~X<hJ,-RY6g=^Qv.oMv񺅃9]vWFx;\'e<Iԍ]a<+9|1Z0ا|W+^=_*b-v=ܼq,)x\\(6b\rfj=a\r	@g_r$~[%krBH\r?W뙚1\'D$Op;\rt5`d>xs4l,v\0-t)ƾyl\ZxN31rlP$azE\Z3Rv;41;tt3f|b&yPk(Zhown=}CTd^{jq:)8aX^o?\Z!9VJg:\"?ց=X01]ˑ^_ڼ5ʘ.ƚ+&SpYıcA%nn+M\n@߇>ޡGUmFK|Pu+,ؼt*xeqwy~:)j)Z49=*]YCYB+E\\a5:}eAmX\ZP-=	3;ɛ?T\r<,B,czg6ut˒	c֪c{XiӼh=v5mB2xTv! +ӏg9Yg®g貯[\0Tܥk͖%I[HB%bst)6Уc0XxY酌._n?-[(XW4ɑ|azpSMb3Oe!1`\rl\ZAZNHe#ԉc-H|GH}籶ǐN_߿-	Z\ZOoO\n̲%?c8ƀWA/,M;eu1d*^p@>\nLMؼDD(<!\n~<|W(6-_e<zT.)6.[\Zy2?b_ˣB卄֭z<n\05$4Xsw#5%e{C<Z3Pΐg+Ol\\*IFn5^!䭧|U3jSRl61?x1y.%/ڮq\0Zof칙\0d&^9,#7։=*ݭ6%Pv17M@v\'9s,Uti?h&nzwi	\\c|:6itx-{V\nv	61JTy;ғGU+[Th=%ʪlS\\_>ۀ~SM,(tG=r̒:n)mTL%mEvvJT9[yBoc-ݪLo3]ٷZofʋ7{|(MJb:ePɧxg	}\'QEz8js\0GG-.F޺(Bo1R0\'tfTQE:ƿqIh$.7܅yufK3:[z\rniٙD;~)0PnSǄVoJx4S]tvQGg&z%}4+סcN>c#1l\"}@Xbk酐\r^ȋlqIǵ\'p+\Zܕszl꤈~x\nQ/&acyI}7i_tuZq5A2\r_\0/nځTvW4XYa-=&Z)NI9(jVuw^531qMl}36btCbxMԊ-K+~]	}fffJ?VX/»UEgr3S\'Ur4l1BݧP?.z}LNdiHѓ,<0ǡ$pd5O)H|</)6h(?xeƐPL=@1i׫{H3,+ ATR\'+\0@zLP(T`opxy*iu@ףA&Ҽի.\0z@*j>nvz:=3N^BSb);%ں4ZEiXbKjPY|HiNڋ74ZV` =ʱm\rlIi:SrJ	YXXT`(7.21fh&T~mT\r!q+\'4X[f\">[e	cwevx7&VQ6&F*32H<>iUS\Z(lƶtEZk0k1B!I-Bc4kcu֪lZ>3nhYƤҼ,so1exL#>$Wi<VMqA\'\rahgF ٹd}qsO8ۜA1d:4LYٹ!s%<Ps\"^HuPI%fn\n5$XSK=\Z֍{:fohE\rd˯=\n{S\nEICʆ}khVcԱ&ƿct\n0-\"qhKHK؀Wٵ!y\\Q\rvc+c\02\r:7ߕՕfgc9\ZqsB8./VZ{YRwh[uB1	8HTم`!1Б7C o><A[ѣ6j\"­.м	.@Ae+_b){_1c`1\0c`1\0c`1\0c`1\0c`1[C\0\0\0\0IENDB`',-14.7,2070,15,3),(179,'2013-02-01 00:00:00',NULL,-3.6,2070,15,2),(180,'2013-02-01 00:00:00',NULL,-3.7,2070,15,4),(181,'2013-02-01 00:00:00',NULL,1.1,2030,16,1),(182,'2013-02-01 00:00:00',NULL,-6,2030,16,3),(183,'2013-02-01 00:00:00',NULL,-1.5,2030,16,2),(184,'2013-02-01 00:00:00',NULL,-1.5,2030,16,4),(185,'2013-02-01 00:00:00',NULL,2.6,2055,16,1),(186,'2013-02-01 00:00:00',NULL,-14.5,2055,16,3),(187,'2013-02-01 00:00:00',NULL,-3.5,2055,16,2),(188,'2013-02-01 00:00:00',NULL,-3.6,2055,16,4),(189,'2013-02-01 00:00:00',NULL,3.6,2070,16,1),(190,'2013-02-01 00:00:00',NULL,-20.1,2070,16,3),(191,'2013-02-01 00:00:00',NULL,-4.9,2070,16,2),(192,'2013-02-01 00:00:00',NULL,-5,2070,16,4),(193,'2013-02-01 00:00:00',NULL,0.9,2030,17,1),(194,'2013-02-01 00:00:00',NULL,0.8,2030,17,3),(195,'2013-02-01 00:00:00',NULL,0.3,2030,17,2),(196,'2013-02-01 00:00:00',NULL,-0.2,2030,17,4),(197,'2013-02-01 00:00:00',NULL,1.7,2055,17,1),(198,'2013-02-01 00:00:00',NULL,1.4,2055,17,3),(199,'2013-02-01 00:00:00',NULL,0.5,2055,17,2),(200,'2013-02-01 00:00:00',NULL,-0.3,2055,17,4),(201,'2013-02-01 00:00:00',NULL,2.1,2070,17,1),(202,'2013-02-01 00:00:00',NULL,1.8,2070,17,3),(203,'2013-02-01 00:00:00',NULL,0.6,2070,17,2),(204,'2013-02-01 00:00:00',NULL,-0.4,2070,17,4),(205,'2013-02-01 00:00:00',NULL,0.9,2030,18,1),(206,'2013-02-01 00:00:00',NULL,0.7,2030,18,3),(207,'2013-02-01 00:00:00',NULL,0.3,2030,18,2),(208,'2013-02-01 00:00:00',NULL,-0.2,2030,18,4),(209,'2013-02-01 00:00:00',NULL,2.1,2055,18,1),(210,'2013-02-01 00:00:00',NULL,1.8,2055,18,3),(211,'2013-02-01 00:00:00',NULL,0.6,2055,18,2),(212,'2013-02-01 00:00:00',NULL,-0.4,2055,18,4),(213,'2013-02-01 00:00:00',NULL,2.9,2070,18,1),(214,'2013-02-01 00:00:00',NULL,2.5,2070,18,3),(215,'2013-02-01 00:00:00',NULL,0.9,2070,18,2),(216,'2013-02-01 00:00:00',NULL,-0.6,2070,18,4);
/*!40000 ALTER TABLE `csirodata` ENABLE KEYS */;
UNLOCK TABLES;

--
-- Table structure for table `csirodatabaseline`
--

DROP TABLE IF EXISTS `csirodatabaseline`;
/*!40101 SET @saved_cs_client     = @@character_set_client */;
/*!40101 SET character_set_client = utf8 */;
CREATE TABLE `csirodatabaseline` (
  `id` int(11) NOT NULL AUTO_INCREMENT,
  `creationDate` datetime DEFAULT NULL,
  `value` double DEFAULT NULL,
  `region_id` int(11) DEFAULT NULL,
  `climate_variable_id` int(11) DEFAULT NULL,
  PRIMARY KEY (`id`),
  KEY `FKC4213105B7D2D10B` (`climate_variable_id`),
  KEY `FKC42131053365D05` (`region_id`),
  CONSTRAINT `FKC42131053365D05` FOREIGN KEY (`region_id`) REFERENCES `region` (`id`),
  CONSTRAINT `FKC4213105B7D2D10B` FOREIGN KEY (`climate_variable_id`) REFERENCES `csirovariable` (`id`)
) ENGINE=InnoDB AUTO_INCREMENT=13 DEFAULT CHARSET=latin1;
/*!40101 SET character_set_client = @saved_cs_client */;

--
-- Dumping data for table `csirodatabaseline`
--

LOCK TABLES `csirodatabaseline` WRITE;
/*!40000 ALTER TABLE `csirodatabaseline` DISABLE KEYS */;
INSERT INTO `csirodatabaseline` VALUES (1,'2013-02-01 00:00:00',16.1,1,1),(2,'2013-02-01 00:00:00',4.6,1,2),(3,'2013-02-01 00:00:00',1029.8,1,3),(4,'2013-02-01 00:00:00',74.8,1,4),(5,'2013-02-01 00:00:00',12.8,2,1),(6,'2013-02-01 00:00:00',5.3,2,2),(7,'2013-02-01 00:00:00',870,2,3),(8,'2013-02-01 00:00:00',71.3,2,4),(9,'2013-02-01 00:00:00',17.6,3,1),(10,'2013-02-01 00:00:00',5.4,3,2),(11,'2013-02-01 00:00:00',441.4,3,3),(12,'2013-02-01 00:00:00',59.2,3,4);
/*!40000 ALTER TABLE `csirodatabaseline` ENABLE KEYS */;
UNLOCK TABLES;

--
-- Table structure for table `csirovariable`
--

DROP TABLE IF EXISTS `csirovariable`;
/*!40101 SET @saved_cs_client     = @@character_set_client */;
/*!40101 SET character_set_client = utf8 */;
CREATE TABLE `csirovariable` (
  `id` int(11) NOT NULL AUTO_INCREMENT,
  `description` varchar(255) DEFAULT NULL,
  `name` varchar(255) DEFAULT NULL,
  `shortName` varchar(255) DEFAULT NULL,
  `uom` varchar(255) DEFAULT NULL,
  `uomVariation` varchar(255) DEFAULT NULL,
  PRIMARY KEY (`id`)
) ENGINE=InnoDB AUTO_INCREMENT=6 DEFAULT CHARSET=latin1;
/*!40101 SET character_set_client = @saved_cs_client */;

--
-- Dumping data for table `csirovariable`
--

LOCK TABLES `csirovariable` WRITE;
/*!40000 ALTER TABLE `csirovariable` DISABLE KEYS */;
INSERT INTO `csirovariable` VALUES (1,'Forecasted hange of temperature from now','Temperature','T','&#8451;','&#8451;'),(2,'Forecasted wind speed','Wind speed','WS','km/h','%'),(3,'Forecasted rain fall','Rainfall','RF','mm/y','%'),(4,'Forecasted relative humidity','Relative humidity','RH','%','%'),(5,'Forecasted sea level rise','Sea Level Rise','SLR','mm','%');
/*!40000 ALTER TABLE `csirovariable` ENABLE KEYS */;
UNLOCK TABLES;

--
-- Table structure for table `dataelement`
--

DROP TABLE IF EXISTS `dataelement`;
/*!40101 SET @saved_cs_client     = @@character_set_client */;
/*!40101 SET character_set_client = utf8 */;
CREATE TABLE `dataelement` (
  `type` varchar(31) NOT NULL,
  `id` int(11) NOT NULL AUTO_INCREMENT,
  `creationDate` datetime DEFAULT NULL,
  `included` bit(1) DEFAULT NULL,
  `name` varchar(255) DEFAULT NULL,
  `position` int(11) DEFAULT NULL,
  `content` longblob,
  `filetype` varchar(255) DEFAULT NULL,
  `picturesIncluded` bit(1) DEFAULT NULL,
  `text` text,
  `user_story_id` int(11) DEFAULT NULL,
  PRIMARY KEY (`id`),
  KEY `FKA8035BD2994A1ED8` (`user_story_id`),
  CONSTRAINT `FKA8035BD2994A1ED8` FOREIGN KEY (`user_story_id`) REFERENCES `userstory` (`id`)
) ENGINE=InnoDB AUTO_INCREMENT=26 DEFAULT CHARSET=latin1;
/*!40101 SET character_set_client = @saved_cs_client */;

--
-- Dumping data for table `dataelement`
--

LOCK TABLES `dataelement` WRITE;
/*!40000 ALTER TABLE `dataelement` DISABLE KEYS */;
/*!40000 ALTER TABLE `dataelement` ENABLE KEYS */;
UNLOCK TABLES;

--
-- Table structure for table `dataelement_cmardata`
--

DROP TABLE IF EXISTS `dataelement_cmardata`;
/*!40101 SET @saved_cs_client     = @@character_set_client */;
/*!40101 SET character_set_client = utf8 */;
CREATE TABLE `dataelement_cmardata` (
  `DataElement_Id` int(11) NOT NULL,
  `CmarData_Id` int(11) NOT NULL,
  KEY `FK9219EA525C15E2A` (`DataElement_Id`),
  KEY `FK9219EA5251873CC5` (`CmarData_Id`),
  CONSTRAINT `FK9219EA5251873CC5` FOREIGN KEY (`CmarData_Id`) REFERENCES `cmardata` (`id`) ON DELETE CASCADE ON UPDATE CASCADE,
  CONSTRAINT `FK9219EA525C15E2A` FOREIGN KEY (`DataElement_Id`) REFERENCES `dataelement` (`id`) ON DELETE CASCADE ON UPDATE CASCADE
) ENGINE=InnoDB DEFAULT CHARSET=latin1;
/*!40101 SET character_set_client = @saved_cs_client */;

--
-- Dumping data for table `dataelement_cmardata`
--

LOCK TABLES `dataelement_cmardata` WRITE;
/*!40000 ALTER TABLE `dataelement_cmardata` DISABLE KEYS */;
/*!40000 ALTER TABLE `dataelement_cmardata` ENABLE KEYS */;
UNLOCK TABLES;

--
-- Table structure for table `dataelement_csirodata`
--

DROP TABLE IF EXISTS `dataelement_csirodata`;
/*!40101 SET @saved_cs_client     = @@character_set_client */;
/*!40101 SET character_set_client = utf8 */;
CREATE TABLE `dataelement_csirodata` (
  `DataElement_Id` int(11) NOT NULL,
  `CsiroData_Id` int(11) NOT NULL,
  KEY `FKC9ECC6738192BB97` (`DataElement_Id`),
  KEY `FKC9ECC673DD18A2F` (`CsiroData_Id`),
  CONSTRAINT `FKC9ECC6738192BB97` FOREIGN KEY (`DataElement_Id`) REFERENCES `dataelement` (`id`) ON DELETE CASCADE ON UPDATE CASCADE,
  CONSTRAINT `FKC9ECC673DD18A2F` FOREIGN KEY (`CsiroData_Id`) REFERENCES `csirodata` (`id`) ON DELETE CASCADE ON UPDATE CASCADE
) ENGINE=InnoDB DEFAULT CHARSET=latin1;
/*!40101 SET character_set_client = @saved_cs_client */;

--
-- Dumping data for table `dataelement_csirodata`
--

LOCK TABLES `dataelement_csirodata` WRITE;
/*!40000 ALTER TABLE `dataelement_csirodata` DISABLE KEYS */;
/*!40000 ALTER TABLE `dataelement_csirodata` ENABLE KEYS */;
UNLOCK TABLES;

--
-- Table structure for table `dataelement_engineeringmodeldata`
--

DROP TABLE IF EXISTS `dataelement_engineeringmodeldata`;
/*!40101 SET @saved_cs_client     = @@character_set_client */;
/*!40101 SET character_set_client = utf8 */;
CREATE TABLE `dataelement_engineeringmodeldata` (
  `DataElement_Id` int(11) NOT NULL,
  `EngineeringModelData_Id` int(11) NOT NULL,
  KEY `FK3035230DC9652565` (`DataElement_Id`),
  KEY `FK3035230D907E0245` (`EngineeringModelData_Id`),
  CONSTRAINT `FK3035230DC9652565` FOREIGN KEY (`DataElement_Id`) REFERENCES `dataelement` (`id`) ON DELETE CASCADE ON UPDATE CASCADE,
  CONSTRAINT `FK3035230D907E0245` FOREIGN KEY (`EngineeringModelData_Id`) REFERENCES `engineeringmodeldata` (`id`) ON DELETE CASCADE ON UPDATE CASCADE
) ENGINE=InnoDB DEFAULT CHARSET=latin1;
/*!40101 SET character_set_client = @saved_cs_client */;

--
-- Dumping data for table `dataelement_engineeringmodeldata`
--

LOCK TABLES `dataelement_engineeringmodeldata` WRITE;
/*!40000 ALTER TABLE `dataelement_engineeringmodeldata` DISABLE KEYS */;
/*!40000 ALTER TABLE `dataelement_engineeringmodeldata` ENABLE KEYS */;
UNLOCK TABLES;

--
-- Table structure for table `engineeringmodelasset`
--

DROP TABLE IF EXISTS `engineeringmodelasset`;
/*!40101 SET @saved_cs_client     = @@character_set_client */;
/*!40101 SET character_set_client = utf8 */;
CREATE TABLE `engineeringmodelasset` (
  `id` int(11) NOT NULL AUTO_INCREMENT,
  `assetCode` varchar(255) DEFAULT NULL,
  `carbonationClass` varchar(255) DEFAULT NULL,
  `ce` double DEFAULT NULL,
  `chlorideClass` varchar(255) DEFAULT NULL,
  `cover` double DEFAULT NULL,
  `dbar` double DEFAULT NULL,
  `description` varchar(255) DEFAULT NULL,
  `distanceFromCoast` double DEFAULT NULL,
  `dmember` double DEFAULT NULL,
  `exposureClass` varchar(255) DEFAULT NULL,
  `fprimec` double DEFAULT NULL,
  `wc` double DEFAULT NULL,
  `yearBuilt` int(11) NOT NULL,
  `zone` varchar(255) DEFAULT NULL,
  PRIMARY KEY (`id`)
) ENGINE=InnoDB AUTO_INCREMENT=3 DEFAULT CHARSET=latin1;
/*!40101 SET character_set_client = @saved_cs_client */;

--
-- Dumping data for table `engineeringmodelasset`
--

LOCK TABLES `engineeringmodelasset` WRITE;
/*!40000 ALTER TABLE `engineeringmodelasset` DISABLE KEYS */;
INSERT INTO `engineeringmodelasset` VALUES (1,'042D','CB2',290,'CL3',70,14,'Pile No 2 @ Berth 09',0.4,1400,'C1',80,0.33,1902,'tidal'),(2,'054F','CB4',270,'CL2',60,16,'Pile No 78 @ Berth 42',2,1600,'B2',60,0.6,2000,'atmospheric');
/*!40000 ALTER TABLE `engineeringmodelasset` ENABLE KEYS */;
UNLOCK TABLES;

--
-- Table structure for table `engineeringmodeldata`
--

DROP TABLE IF EXISTS `engineeringmodeldata`;
/*!40101 SET @saved_cs_client     = @@character_set_client */;
/*!40101 SET character_set_client = utf8 */;
CREATE TABLE `engineeringmodeldata` (
  `id` int(11) NOT NULL AUTO_INCREMENT,
  `data` text,
  `engineering_model_asset_id` int(11) DEFAULT NULL,
  `climate_params_id` int(11) DEFAULT NULL,
  `engineering_model_variable_id` int(11) DEFAULT NULL,
  PRIMARY KEY (`id`),
  KEY `FK188B6CC0201EEBA` (`climate_params_id`),
  KEY `FK188B6CC088AF3821` (`engineering_model_variable_id`),
  KEY `FK188B6CC02AA35D5B` (`engineering_model_asset_id`),
  CONSTRAINT `FK188B6CC088AF3821` FOREIGN KEY (`engineering_model_variable_id`) REFERENCES `engineeringmodelvariable` (`id`),
  CONSTRAINT `FK188B6CC0201EEBA` FOREIGN KEY (`climate_params_id`) REFERENCES `climateparams` (`id`),
  CONSTRAINT `FK188B6CC02AA35D5B` FOREIGN KEY (`engineering_model_asset_id`) REFERENCES `engineeringmodelasset` (`id`)
) ENGINE=InnoDB AUTO_INCREMENT=225 DEFAULT CHARSET=latin1;
/*!40101 SET character_set_client = @saved_cs_client */;

--
-- Dumping data for table `engineeringmodeldata`
--

LOCK TABLES `engineeringmodeldata` WRITE;
/*!40000 ALTER TABLE `engineeringmodeldata` DISABLE KEYS */;
INSERT INTO `engineeringmodeldata` VALUES (1,'2065,0.58034945;2032,0.5635755;2064,0.57995474;2033,0.56426835;2067,0.5811257;2034,0.56494176;2066,0.58073974;2035,0.56559706;2069,0.5818852;2036,0.56623554;2068,0.5815075;2037,0.5668583;2038,0.5674663;2070,0.582259;2039,0.56806046;2040,0.5686416;2041,0.56921047;2042,0.5697678;2043,0.570314;2044,0.5708498;2045,0.57137567;2046,0.5718921;2047,0.5723995;2048,0.5728983;2017,0.5486281;2049,0.5733889;2016,0.54690844;2050,0.5738716;2019,0.5515309;2051,0.5743468;2018,0.55015224;2052,0.57481474;2021,0.55396986;2053,0.5752757;2020,0.5527961;2054,0.57573;2023,0.5561021;2055,0.57617795;2022,0.55506796;2056,0.5766196;2025,0.5580131;2057,0.5770554;2024,0.55708146;2058,0.5774853;2027,0.5597552;2059,0.57790977;2026,0.55890274;2060,0.57832885;2029,0.5613632;2061,0.5787427;2028,0.56057423;2062,0.5791515;2031,0.5628616;2063,0.5795555;2030,0.56212485;2002,0.0;2003,0.0;2000,0.0;2001,0.0;2006,0.0;2007,0.0;2004,0.0;2005,0.0;2010,0.0;2011,0.0;2008,0.0;2009,0.0;2014,0.5424517;2015,0.5449071;2012,0.0;2013,0.5390782',1,19,1),(2,'2065,0.5943125;2032,0.56808805;2064,0.59355104;2033,0.568988;2067,0.59583616;2034,0.5698735;2066,0.5950742;2035,0.57074565;2069,0.5973611;2036,0.5716055;2068,0.59659845;2037,0.572454;2038,0.57329184;2070,0.5981241;2039,0.5741199;2040,0.57493883;2041,0.5757518;2042,0.5765591;2043,0.5773612;2044,0.57815844;2045,0.578951;2046,0.5797393;2047,0.5805235;2048,0.5813039;2017,0.5503608;2049,0.5820807;2016,0.54844564;2050,0.5828541;2019,0.5536318;2051,0.58362573;2018,0.5520718;2052,0.5843956;2021,0.55642664;2053,0.58516383;2020,0.5550747;2054,0.58593065;2023,0.55891776;2055,0.58669597;2022,0.5577036;2056,0.5874602;2025,0.5611924;2057,0.5882234;2024,0.56007826;2058,0.5889856;2027,0.5633039;2059,0.5897469;2026,0.56226605;2060,0.5905074;2029,0.56528753;2061,0.59126806;2028,0.56430995;2062,0.59202886;2031,0.56717235;2063,0.5927898;2030,0.5662394;2002,0.0;2003,0.0;2000,0.0;2001,0.0;2006,0.0;2007,0.0;2004,0.0;2005,0.0;2010,0.0;2011,0.0;2008,0.0;2009,0.0;2014,0.54354423;2015,0.5462347;2012,0.0;2013,0.53987825',1,4,1),(3,'2065,0.59442705;2032,0.5680889;2064,0.5936593;2033,0.56898963;2067,0.5959641;2034,0.5698761;2066,0.59519535;2035,0.57074946;2069,0.5975032;2036,0.57161075;2068,0.59673333;2037,0.5724608;2038,0.5733005;2070,0.5982735;2039,0.5741305;2040,0.5749515;2041,0.57576674;2042,0.5765765;2043,0.57738113;2044,0.578181;2045,0.5789765;2046,0.57976776;2047,0.5805551;2048,0.5813387;2017,0.5503608;2049,0.58211887;2016,0.54844564;2050,0.5828958;2019,0.5536318;2051,0.583671;2018,0.5520718;2052,0.58444464;2021,0.55642664;2053,0.58521676;2020,0.5550747;2054,0.5859875;2023,0.55891776;2055,0.58675694;2022,0.5577036;2056,0.58752555;2025,0.5611924;2057,0.58829325;2024,0.56007826;2058,0.5890603;2027,0.5633039;2059,0.58982664;2026,0.56226605;2060,0.5905924;2029,0.56528753;2061,0.59135854;2028,0.56430995;2062,0.59212506;2031,0.56717265;2063,0.59289193;2030,0.5662394;2002,0.0;2003,0.0;2000,0.0;2001,0.0;2006,0.0;2007,0.0;2004,0.0;2005,0.0;2010,0.0;2011,0.0;2008,0.0;2009,0.0;2014,0.54354423;2015,0.5462347;2012,0.0;2013,0.53987825',1,2,1),(4,'2065,0.5929444;2032,0.56767565;2064,0.5922224;2033,0.5685557;2067,0.59438694;2034,0.56942064;2066,0.5936659;2035,0.57027173;2069,0.59582776;2036,0.5711099;2068,0.59510756;2037,0.5719361;2038,0.57275116;2070,0.59654754;2039,0.57355595;2040,0.574351;2041,0.5751395;2042,0.5759219;2043,0.57669854;2044,0.57746977;2045,0.5782358;2046,0.578997;2047,0.5797537;2048,0.580506;2017,0.5502092;2049,0.5812543;2016,0.54831195;2050,0.58199865;2019,0.5534459;2051,0.58274066;2018,0.5519029;2052,0.5834805;2021,0.5562072;2053,0.58421814;2020,0.55487204;2054,0.5849538;2023,0.55866474;2055,0.5856875;2022,0.55746746;2056,0.58641934;2025,0.56090546;2057,0.58714926;2024,0.5598084;2058,0.58787745;2027,0.5629824;2059,0.588604;2026,0.5619619;2060,0.5893289;2029,0.5649308;2061,0.59005314;2028,0.5639709;2062,0.5907768;2031,0.5667792;2063,0.59149987;2030,0.5658648;2002,0.0;2003,0.0;2000,0.0;2001,0.0;2006,0.0;2007,0.0;2004,0.0;2005,0.0;2010,0.0;2011,0.0;2008,0.0;2009,0.0;2014,0.5434504;2015,0.54612005;2012,0.0;2013,0.53981',1,6,1),(5,'2065,0.59232193;2032,0.5681306;2064,0.5916734;2033,0.56901443;2067,0.59361;2034,0.569881;2066,0.59296745;2035,0.5707317;2069,0.59488666;2036,0.5715676;2068,0.5942497;2037,0.5723899;2038,0.57319945;2070,0.595521;2039,0.57399714;2040,0.57478374;2041,0.5755606;2042,0.5763284;2043,0.5770875;2044,0.5778386;2045,0.578582;2046,0.5793182;2047,0.5800476;2048,0.58077055;2017,0.5504285;2049,0.58148736;2016,0.5485064;2050,0.5821983;2019,0.5537122;2051,0.58290386;2018,0.552146;2052,0.5836042;2021,0.55651665;2053,0.5842996;2020,0.55516106;2054,0.5849903;2023,0.55900997;2055,0.58567655;2022,0.5577955;2056,0.5863584;2025,0.56128156;2057,0.587036;2024,0.5601695;2058,0.5877096;2027,0.5633859;2059,0.5883794;2026,0.56235206;2060,0.58904546;2029,0.5653592;2061,0.58970773;2028,0.56438714;2062,0.59036636;2031,0.56722796;2063,0.59102154;2030,0.5663048;2002,0.0;2003,0.0;2000,0.0;2001,0.0;2006,0.0;2007,0.0;2004,0.0;2005,0.0;2010,0.0;2011,0.0;2008,0.0;2009,0.0;2014,0.54358846;2015,0.54628783;2012,0.0;2013,0.53991103',1,3,1),(6,'2065,0.59253734;2032,0.5682333;2064,0.59188366;2033,0.5691212;2067,0.59383625;2034,0.5699916;2066,0.59318817;2035,0.570846;2069,0.59512454;2036,0.5716856;2068,0.59448165;2037,0.5725114;2038,0.5733244;2070,0.59576494;2039,0.57412547;2040,0.5749154;2041,0.5756955;2042,0.5764664;2043,0.57722867;2044,0.5779828;2045,0.57872915;2046,0.5794683;2047,0.5802006;2048,0.5809264;2017,0.55046666;2049,0.581646;2016,0.54854;2050,0.58235985;2019,0.553759;2051,0.58306813;2018,0.5521885;2052,0.58377117;2021,0.5565719;2053,0.5844693;2020,0.5552121;2054,0.5851627;2023,0.5590737;2055,0.58585155;2022,0.557855;2056,0.5865363;2025,0.5613538;2057,0.5872171;2024,0.56023747;2058,0.58789414;2027,0.56346685;2059,0.5885676;2026,0.5624286;2060,0.58923763;2029,0.56544894;2061,0.58990407;2028,0.5644725;2062,0.5905672;2031,0.56732655;2063,0.59122694;2030,0.5663991;2002,0.0;2003,0.0;2000,0.0;2001,0.0;2006,0.0;2007,0.0;2004,0.0;2005,0.0;2010,0.0;2011,0.0;2008,0.0;2009,0.0;2014,0.543612;2015,0.5463167;2012,0.0;2013,0.5399282',1,1,1),(7,'2065,0.5912121;2032,0.5677194;2064,0.5905883;2033,0.56858504;2067,0.5924499;2034,0.5694333;2066,0.59183264;2035,0.5702655;2069,0.5936753;2036,0.5710828;2068,0.5930641;2037,0.57188624;2038,0.57267684;2070,0.59428364;2039,0.5734554;2040,0.57422274;2041,0.57498014;2042,0.5757282;2043,0.5764675;2044,0.5771985;2045,0.5779217;2046,0.5786375;2047,0.57934624;2048,0.5800484;2017,0.55027646;2049,0.58074415;2016,0.54837227;2050,0.5814339;2019,0.5535257;2051,0.58211803;2018,0.55197656;2052,0.5827968;2021,0.5562965;2053,0.5834704;2020,0.5549577;2054,0.5841391;2023,0.55875623;2055,0.5848031;2022,0.5575586;2056,0.58546245;2025,0.5609938;2057,0.5861173;2024,0.5598988;2058,0.5867679;2027,0.5630637;2059,0.5874144;2026,0.5620471;2060,0.588057;2029,0.5650018;2061,0.58869547;2028,0.5640474;2062,0.5893301;2031,0.5668348;2063,0.589961;2030,0.5659296;2002,0.0;2003,0.0;2000,0.0;2001,0.0;2006,0.0;2007,0.0;2004,0.0;2005,0.0;2010,0.0;2011,0.0;2008,0.0;2009,0.0;2014,0.54349434;2015,0.54617274;2012,0.0;2013,0.5398426',1,5,1),(8,'2065,0.33004755;2032,0.047091953;2064,0.32068795;2033,0.053371828;2067,0.34873897;2034,0.059944246;2066,0.33939868;2035,0.06678815;2069,0.36737818;2036,0.07388341;2068,0.35806614;2037,0.08121083;2038,0.08875226;2070,0.3766731;2039,0.09649056;2040,0.10440958;2041,0.11249418;2042,0.12073014;2043,0.12910417;2044,0.13760385;2045,0.14621754;2046,0.15493444;2047,0.16374442;2048,0.17263807;2017,1.8039909E-4;2049,0.18160659;2016,4.4145036E-5;2050,0.19064182;2019,0.0010866161;2051,0.19973613;2018,4.991671E-4;2052,0.20888244;2021,0.0033453268;2053,0.2180741;2020,0.00201662;2054,0.227305;2023,0.007334974;2055,0.2365694;2022,0.005110778;2056,0.24586196;2025,0.013184845;2057,0.25517774;2024,0.010026779;2058,0.2645121;2027,0.020858461;2059,0.27386075;2026,0.016800214;2060,0.28321972;2029,0.030228496;2061,0.29258525;2028,0.025341416;2062,0.3019539;2031,0.04112644;2063,0.31132248;2030,0.035497714;2002,0.0;2003,0.0;2000,0.0;2001,0.0;2006,0.0;2007,0.0;2004,0.0;2005,0.0;2010,0.0;2011,0.0;2008,0.0;2009,0.0;2014,1.3198445E-7;2015,5.302803E-6;2012,0.0;2013,1.8211798E-11',1,19,2),(9,'2065,0.4234422;2032,0.058219228;2064,0.41079727;2033,0.06594331;2067,0.44881022;2034,0.07404485;2066,0.43611437;2035,0.082501024;2069,0.47425982;2036,0.091289766;2068,0.4615264;2037,0.10038994;2038,0.10978136;2070,0.48700756;2039,0.11944482;2040,0.12936209;2041,0.13951597;2042,0.14989017;2043,0.16046932;2044,0.171239;2045,0.18218558;2046,0.19329624;2047,0.204559;2048,0.2159625;2017,2.488008E-4;2049,0.22749618;2016,6.300536E-5;2050,0.23915002;2019,0.0014377302;2051,0.25091466;2018,6.7218434E-4;2052,0.26278135;2021,0.0043210676;2053,0.2747418;2020,0.0026325597;2054,0.28678828;2023,0.009328847;2055,0.29891348;2022,0.00654546;2056,0.31111535;2025,0.01659223;2057,0.32338753;2024,0.01267905;2058,0.33572397;2027,0.02605203;2059,0.34811902;2026,0.021056019;2060,0.36056736;2029,0.037548576;2061,0.37306392;2028,0.031557858;2062,0.38560405;2031,0.050896116;2063,0.39818323;2030,0.043997888;2002,0.0;2003,0.0;2000,0.0;2001,0.0;2006,0.0;2007,0.0;2004,0.0;2005,0.0;2010,0.0;2011,0.0;2008,0.0;2009,0.0;2014,2.1884321E-7;2015,7.98382E-6;2012,0.0;2013,3.8419566E-11',1,4,2),(10,'2065,0.42664713;2032,0.058228802;2064,0.4138046;2033,0.065963365;2067,0.45243025;2034,0.07407971;2066,0.43952355;2035,0.082555264;2069,0.47832084;2036,0.09136825;2068,0.46536377;2037,0.10049772;2038,0.109923646;2070,0.49129838;2039,0.11962695;2040,0.12958948;2041,0.1397941;2042,0.15022454;2043,0.16086547;2044,0.17170241;2045,0.18272175;2046,0.19391063;2047,0.20525697;2048,0.2167494;2017,2.488008E-4;2049,0.22837725;2016,6.300536E-5;2050,0.24013044;2019,0.0014377302;2051,0.25199956;2018,6.7218434E-4;2052,0.26397568;2021,0.0043210676;2053,0.2760505;2020,0.0026325597;2054,0.28821614;2023,0.009328847;2055,0.30046523;2022,0.00654546;2056,0.3127988;2025,0.01659223;2057,0.32521042;2024,0.01267905;2058,0.33769396;2027,0.02605203;2059,0.3502437;2026,0.021056019;2060,0.3628541;2029,0.037548576;2061,0.3755201;2028,0.031557858;2062,0.38823688;2031,0.050899144;2063,0.4009998;2030,0.043997888;2002,0.0;2003,0.0;2000,0.0;2001,0.0;2006,0.0;2007,0.0;2004,0.0;2005,0.0;2010,0.0;2011,0.0;2008,0.0;2009,0.0;2014,2.1884321E-7;2015,7.98382E-6;2012,0.0;2013,3.8419566E-11',1,2,2),(11,'2065,0.38588884;2032,0.05356114;2064,0.37457517;2033,0.060688764;2067,0.40854043;2034,0.0681609;2066,0.3972116;2035,0.075955614;2069,0.43120497;2036,0.08405179;2068,0.4198724;2037,0.092429206;2038,0.101068616;2070,0.4425356;2039,0.109951735;2040,0.11906127;2041,0.1283809;2042,0.13789521;2043,0.14758973;2044,0.15745085;2045,0.16746579;2046,0.17762256;2047,0.1879099;2048,0.19831726;2017,2.1908937E-4;2049,0.20883477;2016,5.4732074E-5;2050,0.21945317;2019,0.0012870784;2051,0.23016378;2018,5.97556E-4;2052,0.2409585;2021,0.003905512;2053,0.2518297;2020,0.0023693666;2054,0.26277027;2023,0.008483947;2055,0.27377352;2022,0.0059361174;2056,0.28483018;2025,0.015153628;2057,0.29593438;2024,0.011557357;2058,0.30708063;2027,0.023865398;2059,0.3182638;2026,0.019261869;2060,0.32947904;2029,0.03447341;2061,0.34072188;2028,0.028943608;2062,0.3519881;2031,0.04680064;2063,0.36327377;2030,0.040430322;2002,0.0;2003,0.0;2000,0.0;2001,0.0;2006,0.0;2007,0.0;2004,0.0;2005,0.0;2010,0.0;2011,0.0;2008,0.0;2009,0.0;2014,1.7913338E-7;2015,6.789982E-6;2012,0.0;2013,2.8585783E-11',1,6,2),(12,'2065,0.40804964;2032,0.058171365;2064,0.39629772;2033,0.06584305;2067,0.43155658;2034,0.07387078;2066,0.4198036;2035,0.0822302;2069,0.45504898;2036,0.090898074;2068,0.4433059;2037,0.09985227;2038,0.109071866;2070,0.4667834;2039,0.118537076;2040,0.12822929;2041,0.13813102;2042,0.14822587;2043,0.15849847;2044,0.1689344;2045,0.17952026;2046,0.19024344;2047,0.2010922;2048,0.21205558;2017,2.488008E-4;2049,0.2231233;2016,6.300536E-5;2050,0.23428582;2019,0.0014377302;2051,0.2455342;2018,6.7218434E-4;2052,0.25686008;2021,0.0043210676;2053,0.2682557;2020,0.0026325597;2054,0.27971384;2023,0.009328847;2055,0.29122764;2022,0.00654546;2056,0.30278763;2025,0.01659223;2057,0.31438795;2024,0.01267905;2058,0.326023;2027,0.02605203;2059,0.3376877;2026,0.021056019;2060,0.34937716;2029,0.037548576;2061,0.36108693;2028,0.031557858;2062,0.37281287;2031,0.050880972;2063,0.384551;2030,0.043997888;2002,0.0;2003,0.0;2000,0.0;2001,0.0;2006,0.0;2007,0.0;2004,0.0;2005,0.0;2010,0.0;2011,0.0;2008,0.0;2009,0.0;2014,2.1884321E-7;2015,7.98382E-6;2012,0.0;2013,3.8419566E-11',1,3,2),(13,'2065,0.414133;2032,0.059368636;2064,0.40219286;2033,0.0671805;2067,0.4380334;2034,0.07535115;2066,0.42608085;2035,0.08385566;2069,0.46194142;2036,0.09267022;2068,0.4499878;2037,0.10177223;2038,0.11114032;2070,0.47389174;2039,0.12075434;2040,0.13059534;2041,0.14064556;2042,0.15088834;2043,0.1613081;2044,0.17189023;2045,0.18262114;2046,0.1934881;2047,0.20447926;2048,0.21558352;2017,2.5676322E-4;2049,0.22679056;2016,6.524172E-5;2050,0.23809074;2019,0.0014776754;2051,0.24947506;2018,6.9206266E-4;2052,0.26093516;2021,0.004430545;2053,0.27246317;2020,0.0027020965;2054,0.28405184;2023,0.009550467;2055,0.29569432;2022,0.0067056105;2056,0.30738902;2025,0.016968394;2057,0.3191301;2024,0.012972776;2058,0.33091193;2027,0.026622407;2059,0.3427294;2026,0.021524547;2060,0.3545777;2029,0.038349193;2061,0.36645228;2028,0.032239087;2062,0.37834892;2031,0.051941525;2063,0.39026368;2030,0.044925943;2002,0.0;2003,0.0;2000,0.0;2001,0.0;2006,0.0;2007,0.0;2004,0.0;2005,0.0;2010,0.0;2011,0.0;2008,0.0;2009,0.0;2014,2.2997988E-7;2015,8.310828E-6;2012,0.0;2013,4.134253E-11',1,1,2),(14,'2065,0.3772551;2032,0.05353415;2064,0.3664236;2033,0.06063218;2067,0.3989076;2034,0.06806256;2066,0.38808402;2035,0.0758025;2069,0.42052865;2036,0.08383018;2068,0.40972325;2037,0.09212481;2038,0.100666694;2070,0.43132153;2039,0.10943721;2040,0.118418835;2041,0.12759507;2042,0.13695043;2043,0.14647041;2044,0.15614145;2045,0.16595082;2046,0.17588665;2047,0.18593784;2048,0.19609402;2017,2.1908937E-4;2049,0.20634551;2016,5.4732074E-5;2050,0.2166833;2019,0.0012870784;2051,0.22709891;2018,5.97556E-4;2052,0.2375845;2021,0.003905512;2053,0.2481327;2020,0.0023693666;2054,0.2587367;2023,0.008483947;2055,0.26939002;2022,0.0059361174;2056,0.2800823;2025,0.015153628;2057,0.29080784;2024,0.011557357;2058,0.3015615;2027,0.023865398;2059,0.3123384;2026,0.019261869;2060,0.32313403;2029,0.03447341;2061,0.33394414;2028,0.028943608;2062,0.34476486;2031,0.04679211;2063,0.3555925;2030,0.040430322;2002,0.0;2003,0.0;2000,0.0;2001,0.0;2006,0.0;2007,0.0;2004,0.0;2005,0.0;2010,0.0;2011,0.0;2008,0.0;2009,0.0;2014,1.7913338E-7;2015,6.789982E-6;2012,0.0;2013,2.8585783E-11',1,5,2),(15,'2065,0.2829;2032,0.2829;2064,0.2829;2033,0.2829;2067,0.2829;2034,0.2829;2066,0.2829;2035,0.2829;2069,0.2829;2036,0.2829;2068,0.2829;2037,0.2829;2038,0.2829;2070,0.2829;2039,0.2829;2040,0.2829;2041,0.2829;2042,0.2829;2043,0.2829;2044,0.2829;2045,0.2829;2046,0.2829;2047,0.2829;2048,0.2829;2017,0.2829;2049,0.2829;2016,0.2829;2050,0.2829;2019,0.2829;2051,0.2829;2018,0.2829;2052,0.2829;2021,0.2829;2053,0.2829;2020,0.2829;2054,0.2829;2023,0.2829;2055,0.2829;2022,0.2829;2056,0.2829;2025,0.2829;2057,0.2829;2024,0.2829;2058,0.2829;2027,0.2829;2059,0.2829;2026,0.2829;2060,0.2829;2029,0.2829;2061,0.2829;2028,0.2829;2062,0.2829;2031,0.2829;2063,0.2829;2030,0.2829;2002,0.0;2003,0.0;2000,0.0;2001,0.0;2006,0.0;2007,0.0;2004,0.0;2005,0.0;2010,0.0;2011,0.0;2008,0.0;2009,0.0;2014,0.2829;2015,0.2829;2012,0.0;2013,0.2829',1,19,3),(16,'2065,0.29647216;2032,0.28939807;2064,0.2962356;2033,0.28956836;2067,0.29694778;2034,0.28974512;2066,0.2967096;2035,0.2899275;2069,0.2974263;2036,0.29011482;2068,0.2971867;2037,0.29030645;2038,0.29050195;2070,0.2976666;2039,0.29070082;2040,0.29090276;2041,0.29110742;2042,0.29131454;2043,0.29152387;2044,0.29173523;2045,0.2919484;2046,0.29216325;2047,0.29237962;2048,0.29259738;2017,0.2872125;2049,0.29281643;2016,0.28706875;2050,0.29303664;2019,0.2875;2051,0.29325795;2018,0.28735626;2052,0.29348028;2021,0.2877875;2053,0.29370356;2020,0.28764376;2054,0.29392767;2023,0.288075;2055,0.29415262;2022,0.28793126;2056,0.2943791;2025,0.2883625;2057,0.294607;2024,0.28821874;2058,0.29483625;2027,0.28865;2059,0.29506674;2026,0.28850624;2060,0.29529843;2029,0.2889375;2061,0.2955312;2028,0.28879374;2062,0.29576504;2031,0.2892353;2063,0.29599985;2030,0.28908125;2002,0.0;2003,0.0;2000,0.0;2001,0.0;2006,0.0;2007,0.0;2004,0.0;2005,0.0;2010,0.0;2011,0.0;2008,0.0;2009,0.0;2014,0.28678125;2015,0.286925;2012,0.0;2013,0.2866375',1,4,3),(17,'2065,0.29690614;2032,0.28940326;2064,0.29665023;2033,0.2895782;2067,0.29742137;2034,0.2897608;2066,0.2971632;2035,0.28995;2069,0.2979408;2036,0.290145;2068,0.2976806;2037,0.2903451;2038,0.29054973;2070,0.29820195;2039,0.29075834;2040,0.29097053;2041,0.29118595;2042,0.29140425;2043,0.29162517;2044,0.29184845;2045,0.29207388;2046,0.29230124;2047,0.29253042;2048,0.29276124;2017,0.2872125;2049,0.29299358;2016,0.28706875;2050,0.29322731;2019,0.2875;2051,0.2934623;2018,0.28735626;2052,0.2936985;2021,0.2877875;2053,0.2939358;2020,0.28764376;2054,0.2941741;2023,0.288075;2055,0.29441336;2022,0.28793126;2056,0.29465482;2025,0.2883625;2057,0.29489833;2024,0.28821874;2058,0.29514375;2027,0.28865;2059,0.29539096;2026,0.28850624;2060,0.29563984;2029,0.2889375;2061,0.2958903;2028,0.28879374;2062,0.29614225;2031,0.2892371;2063,0.2963956;2030,0.28908125;2002,0.0;2003,0.0;2000,0.0;2001,0.0;2006,0.0;2007,0.0;2004,0.0;2005,0.0;2010,0.0;2011,0.0;2008,0.0;2009,0.0;2014,0.28678125;2015,0.286925;2012,0.0;2013,0.2866375',1,2,3),(18,'2065,0.291244;2032,0.28680196;2064,0.29110038;2033,0.28690693;2067,0.29153126;2034,0.28701648;2066,0.29138765;2035,0.28713;2069,0.29181856;2036,0.287247;2068,0.2916749;2037,0.28736705;2038,0.28748983;2070,0.2919622;2039,0.287615;2040,0.28774232;2041,0.28787157;2042,0.28800255;2043,0.2881351;2044,0.28826907;2045,0.28840432;2046,0.28854075;2047,0.28867826;2048,0.28881675;2017,0.2854875;2049,0.28895614;2016,0.28540125;2050,0.2890964;2019,0.28566;2051,0.28923738;2018,0.28557375;2052,0.2893791;2021,0.2858325;2053,0.2895215;2020,0.28574625;2054,0.28966448;2023,0.286005;2055,0.28980803;2022,0.28591874;2056,0.2899516;2025,0.2861775;2057,0.29009518;2024,0.28609124;2058,0.29023874;2027,0.28635;2059,0.29038233;2026,0.28626376;2060,0.29052594;2029,0.2865225;2061,0.29066953;2028,0.28643626;2062,0.29081315;2031,0.28670228;2063,0.29095677;2030,0.28660876;2002,0.0;2003,0.0;2000,0.0;2001,0.0;2006,0.0;2007,0.0;2004,0.0;2005,0.0;2010,0.0;2011,0.0;2008,0.0;2009,0.0;2014,0.28522876;2015,0.285315;2012,0.0;2013,0.2851425',1,6,3),(19,'2065,0.29436204;2032,0.2893722;2064,0.294212;2033,0.28951907;2067,0.29466137;2034,0.2896667;2066,0.2945118;2035,0.289815;2069,0.29495987;2036,0.28996387;2068,0.2948107;2037,0.29011327;2038,0.2902631;2070,0.29510882;2039,0.29041332;2040,0.29056394;2041,0.29071483;2042,0.29086605;2043,0.2910175;2044,0.29116923;2045,0.29132113;2046,0.29147324;2047,0.29162553;2048,0.291778;2017,0.2872125;2049,0.29193062;2016,0.28706875;2050,0.29208335;2019,0.2875;2051,0.29223624;2018,0.28735626;2052,0.2923892;2021,0.2877875;2053,0.29254234;2020,0.28764376;2054,0.29269552;2023,0.288075;2055,0.29284883;2022,0.28793126;2056,0.2930017;2025,0.2883625;2057,0.29315418;2024,0.28821874;2058,0.29330626;2027,0.28865;2059,0.29345798;2026,0.28850624;2060,0.29360938;2029,0.2889375;2061,0.29376045;2028,0.28879374;2062,0.29391125;2031,0.2892262;2063,0.29406175;2030,0.28908125;2002,0.0;2003,0.0;2000,0.0;2001,0.0;2006,0.0;2007,0.0;2004,0.0;2005,0.0;2010,0.0;2011,0.0;2008,0.0;2009,0.0;2014,0.28678125;2015,0.286925;2012,0.0;2013,0.2866375',1,3,3),(20,'2065,0.2952012;2032,0.29001477;2064,0.29503968;2033,0.2901721;2067,0.29552543;2034,0.29032925;2066,0.29536313;2035,0.29048625;2069,0.2958511;2036,0.2906431;2068,0.2956881;2037,0.2907998;2038,0.2909564;2070,0.29601446;2039,0.29111293;2040,0.29126933;2041,0.29142568;2042,0.29158193;2043,0.29173812;2044,0.29189426;2045,0.29205033;2046,0.29220638;2047,0.29236236;2048,0.29251832;2017,0.28764376;2049,0.2926742;2016,0.28748563;2050,0.2928301;2019,0.28796;2051,0.29298595;2018,0.28780186;2052,0.29314175;2021,0.28827626;2053,0.29329753;2020,0.28811812;2054,0.2934533;2023,0.2885925;2055,0.29360905;2022,0.2884344;2056,0.29376554;2025,0.28890875;2057,0.29392275;2024,0.28875062;2058,0.29408062;2027,0.289225;2059,0.29423913;2026,0.28906688;2060,0.2943982;2029,0.28954124;2061,0.29455784;2028,0.2893831;2062,0.29471797;2031,0.2898572;2063,0.2948786;2030,0.28969938;2002,0.0;2003,0.0;2000,0.0;2001,0.0;2006,0.0;2007,0.0;2004,0.0;2005,0.0;2010,0.0;2011,0.0;2008,0.0;2009,0.0;2014,0.28716937;2015,0.2873275;2012,0.0;2013,0.28701124',1,1,3),(21,'2065,0.29000178;2032,0.28678644;2064,0.28990614;2033,0.28687736;2067,0.29019204;2034,0.28696942;2066,0.2900971;2035,0.2870625;2069,0.29038104;2036,0.28715643;2068,0.2902867;2037,0.28725114;2038,0.2873465;2070,0.29047513;2039,0.2874425;2040,0.287539;2041,0.287636;2042,0.28773344;2043,0.28783128;2044,0.28792945;2045,0.28802794;2046,0.28812674;2047,0.2882258;2048,0.28832513;2017,0.2854875;2049,0.28842467;2016,0.28540125;2050,0.28852442;2019,0.28566;2051,0.28862435;2018,0.28557375;2052,0.28872445;2021,0.2858325;2053,0.28882474;2020,0.28574625;2054,0.28892517;2023,0.286005;2055,0.28902575;2022,0.28591874;2056,0.28912568;2025,0.2861775;2057,0.289225;2024,0.28609124;2058,0.28932375;2027,0.28635;2059,0.28942198;2026,0.28626376;2060,0.2895197;2029,0.2865225;2061,0.28961694;2028,0.28643626;2062,0.28971374;2031,0.28669682;2063,0.28981015;2030,0.28660876;2002,0.0;2003,0.0;2000,0.0;2001,0.0;2006,0.0;2007,0.0;2004,0.0;2005,0.0;2010,0.0;2011,0.0;2008,0.0;2009,0.0;2014,0.28522876;2015,0.285315;2012,0.0;2013,0.2851425',1,5,3),(22,'2065,3.6504557;2032,3.6506674;2064,3.650458;2033,3.6506512;2067,3.650451;2034,3.6506364;2066,3.6504533;2035,3.650623;2069,3.6504467;2036,3.6506107;2068,3.6504488;2037,3.6505995;2038,3.650589;2070,3.6504447;2039,3.6505792;2040,3.6505702;2041,3.6505618;2042,3.650554;2043,3.6505468;2044,3.6505399;2045,3.6505334;2046,3.6505275;2047,3.6505218;2048,3.6505163;2017,3.6516864;2049,3.6505113;2016,3.6520257;2050,3.6505063;2019,3.6512983;2051,3.6505017;2018,3.6514602;2052,3.6504974;2021,3.6510828;2053,3.6504931;2020,3.651177;2054,3.6504893;2023,3.6509454;2055,3.6504855;2022,3.6510072;2056,3.650482;2025,3.6508503;2057,3.6504786;2024,3.650894;2058,3.6504753;2027,3.6507807;2059,3.6504722;2026,3.650813;2060,3.650469;2029,3.6507273;2061,3.6504662;2028,3.6507523;2062,3.6504633;2031,3.6506853;2063,3.6504607;2030,3.650705;2002,0.0;2003,0.0;2000,0.0;2001,0.0;2006,0.0;2007,0.0;2004,0.0;2005,0.0;2010,0.0;2011,0.0;2008,0.0;2009,0.0;2014,3.6537206;2015,3.652591;2012,0.0;2013,3.6570992',1,19,4),(23,'2065,3.483342;2032,3.5686963;2064,3.4861262;2033,3.5665817;2067,3.4777584;2034,3.5643916;2066,3.4805524;2035,3.5621362;2069,3.4721587;2036,3.5598242;2068,3.4749603;2037,3.5574632;2038,3.5550592;2070,3.469354;2039,3.5526175;2040,3.5501428;2041,3.5476387;2042,3.5451088;2043,3.542556;2044,3.5399828;2045,3.537392;2046,3.5347848;2047,3.5321634;2048,3.5295296;2017,3.5968564;2049,3.5268843;2016,3.5989919;2050,3.524229;2019,3.5928776;2051,3.521565;2018,3.594834;2052,3.518893;2021,3.5890763;2053,3.5162141;2020,3.5909626;2054,3.513529;2023,3.5853596;2055,3.5108385;2022,3.5872102;2056,3.5081341;2025,3.5816917;2057,3.5054169;2024,3.583521;2058,3.5026882;2027,3.5780559;2059,3.4999487;2026,3.5798705;2060,3.4972;2029,3.5744436;2061,3.4944425;2028,3.5762472;2062,3.4916773;2031,3.570722;2063,3.488905;2030,3.5726442;2002,0.0;2003,0.0;2000,0.0;2001,0.0;2006,0.0;2007,0.0;2004,0.0;2005,0.0;2010,0.0;2011,0.0;2008,0.0;2009,0.0;2014,3.6042717;2015,3.6013525;2012,0.0;2013,3.6094139',1,4,4),(24,'2065,3.4782505;2032,3.5686324;2064,3.4812531;2033,3.5664604;2067,3.4722207;2034,3.5641987;2066,3.4752395;2035,3.5618598;2069,3.4661632;2036,3.559454;2068,3.469195;2037,3.55699;2038,3.5544748;2070,3.4631257;2039,3.551915;2040,3.549316;2041,3.546682;2042,3.5440176;2043,3.5413258;2044,3.5386097;2045,3.5358725;2046,3.5331159;2047,3.5303423;2048,3.5275538;2017,3.5968564;2049,3.5247517;2016,3.5989919;2050,3.5219376;2019,3.5928776;2051,3.5191128;2018,3.594834;2052,3.5162785;2021,3.5890763;2053,3.5134358;2020,3.5909626;2054,3.5105858;2023,3.5853596;2055,3.507729;2022,3.5872102;2056,3.5048513;2025,3.5816917;2057,3.5019538;2024,3.583521;2058,3.499039;2027,3.5780559;2059,3.4961076;2026,3.5798705;2060,3.4931614;2029,3.5744436;2061,3.4902017;2028,3.5762472;2062,3.4872298;2031,3.5706997;2063,3.4842467;2030,3.5726442;2002,0.0;2003,0.0;2000,0.0;2001,0.0;2006,0.0;2007,0.0;2004,0.0;2005,0.0;2010,0.0;2011,0.0;2008,0.0;2009,0.0;2014,3.6042717;2015,3.6013525;2012,0.0;2013,3.6094139',1,2,4),(25,'2065,3.5458717;2032,3.6009998;2064,3.5476236;2033,3.5996664;2067,3.5423734;2034,3.598278;2066,3.5441217;2035,3.596842;2069,3.5388818;2036,3.5953648;2068,3.5406268;2037,3.5938516;2038,3.5923066;2070,3.5371387;2039,3.5907338;2040,3.589136;2041,3.5875163;2042,3.5858772;2043,3.5842204;2044,3.582548;2045,3.5808616;2046,3.5791624;2047,3.577452;2048,3.5757313;2017,3.6185896;2049,3.574001;2016,3.6200194;2050,3.5722628;2019,3.6160202;2051,3.5705168;2018,3.6172724;2052,3.568764;2021,3.6136243;2053,3.567005;2020,3.6148086;2054,3.5652404;2023,3.611309;2055,3.5634706;2022,3.6124597;2056,3.5617027;2025,3.6090384;2057,3.5599365;2024,3.6101694;2058,3.5581722;2027,3.6067953;2059,3.5564096;2026,3.607914;2060,3.5546489;2029,3.6045713;2061,3.5528898;2028,3.6056814;2062,3.5511327;2031,3.6022696;2063,3.5493772;2030,3.6034646;2002,0.0;2003,0.0;2000,0.0;2001,0.0;2006,0.0;2007,0.0;2004,0.0;2005,0.0;2010,0.0;2011,0.0;2008,0.0;2009,0.0;2014,3.6238897;2015,3.6216743;2012,0.0;2013,3.6283379',1,6,4),(26,'2065,3.5083122;2032,3.5690153;2064,3.5101035;2033,3.567189;2067,3.5047438;2034,3.5653565;2066,3.5065258;2035,3.563519;2069,3.5011928;2036,3.5616775;2068,3.5029662;2037,3.5598323;2038,3.5579846;2070,3.4994235;2039,3.5561345;2040,3.5542827;2041,3.5524294;2042,3.550575;2043,3.54872;2044,3.5468645;2045,3.5450084;2046,3.5431526;2047,3.5412967;2048,3.539441;2017,3.5968564;2049,3.537586;2016,3.5989919;2050,3.5357313;2019,3.5928776;2051,3.5338771;2018,3.594834;2052,3.532024;2021,3.5890763;2053,3.5301714;2020,3.5909626;2054,3.5283196;2023,3.5853596;2055,3.526469;2022,3.5872102;2056,3.5246258;2025,3.5816917;2057,3.5227892;2024,3.583521;2058,3.5209596;2027,3.5780559;2059,3.519136;2026,3.5798705;2060,3.5173185;2029,3.5744436;2061,3.5155067;2028,3.5762472;2062,3.5137005;2031,3.5708342;2063,3.5118995;2030,3.5726442;2002,0.0;2003,0.0;2000,0.0;2001,0.0;2006,0.0;2007,0.0;2004,0.0;2005,0.0;2010,0.0;2011,0.0;2008,0.0;2009,0.0;2014,3.6042717;2015,3.6013525;2012,0.0;2013,3.6094139',1,3,4),(27,'2065,3.4983392;2032,3.5611076;2064,3.5002565;2033,3.559161;2067,3.4944966;2034,3.55722;2066,3.496419;2035,3.5552845;2069,3.4906454;2036,3.5533538;2068,3.492572;2037,3.5514278;2038,3.5495062;2070,3.4887173;2039,3.5475886;2040,3.5456748;2041,3.5437646;2042,3.541858;2043,3.5399544;2044,3.5380542;2045,3.5361571;2046,3.5342631;2047,3.5323718;2048,3.5304835;2017,3.5914636;2049,3.5285978;2016,3.5937731;2050,3.5267148;2019,3.5871382;2051,3.5248344;2018,3.589268;2052,3.5229566;2021,3.5829914;2053,3.5210814;2020,3.5850503;2054,3.5192087;2023,3.5789304;2055,3.5173385;2022,3.580953;2056,3.5154612;2025,3.5749197;2057,3.5135775;2024,3.57692;2058,3.5116882;2027,3.5709424;2059,3.5097935;2026,3.5729275;2060,3.507894;2029,3.5669901;2061,3.5059903;2028,3.5689635;2062,3.5040824;2031,3.563061;2063,3.5021713;2030,3.5650215;2002,0.0;2003,0.0;2000,0.0;2001,0.0;2006,0.0;2007,0.0;2004,0.0;2005,0.0;2010,0.0;2011,0.0;2008,0.0;2009,0.0;2014,3.5994003;2015,3.5963075;2012,0.0;2013,3.6047137',1,1,4),(28,'2065,3.5610604;2032,3.6011949;2064,3.5622377;2033,3.6000373;2067,3.5587213;2034,3.598868;2066,3.5598884;2035,3.5976877;2069,3.5564008;2036,3.5964987;2068,3.5575588;2037,3.5953019;2038,3.594098;2070,3.5552468;2039,3.5928886;2040,3.5916736;2041,3.5904543;2042,3.5892308;2043,3.5880036;2044,3.5867734;2045,3.5855405;2046,3.5843053;2047,3.5830677;2048,3.581828;2017,3.6185896;2049,3.5805871;2016,3.6200194;2050,3.5793445;2019,3.6160202;2051,3.5781007;2018,3.6172724;2052,3.5768557;2021,3.6136243;2053,3.5756097;2020,3.6148086;2054,3.5743628;2023,3.611309;2055,3.5731153;2022,3.6124597;2056,3.571877;2025,3.6090384;2057,3.570647;2024,3.6101694;2058,3.569425;2027,3.6067953;2059,3.5682106;2026,3.607914;2060,3.5670033;2029,3.6045713;2061,3.5658028;2028,3.6056814;2062,3.5646086;2031,3.602338;2063,3.5634203;2030,3.6034646;2002,0.0;2003,0.0;2000,0.0;2001,0.0;2006,0.0;2007,0.0;2004,0.0;2005,0.0;2010,0.0;2011,0.0;2008,0.0;2009,0.0;2014,3.6238897;2015,3.6216743;2012,0.0;2013,3.6283379',1,5,4),(29,'2065,39.834473;2032,39.834473;2064,39.834473;2033,39.834473;2067,39.834473;2034,39.834473;2066,39.834473;2035,39.834473;2069,39.834473;2036,39.834473;2068,39.834473;2037,39.834473;2038,39.834473;2070,39.834473;2039,39.834473;2040,39.834473;2041,39.834473;2042,39.834473;2043,39.834473;2044,39.834473;2045,39.834473;2046,39.834473;2047,39.834473;2048,39.834473;2017,39.834473;2049,39.834473;2016,39.834473;2050,39.834473;2019,39.834473;2051,39.834473;2018,39.834473;2052,39.834473;2021,39.834473;2053,39.834473;2020,39.834473;2054,39.834473;2023,39.834473;2055,39.834473;2022,39.834473;2056,39.834473;2025,39.834473;2057,39.834473;2024,39.834473;2058,39.834473;2027,39.834473;2059,39.834473;2026,39.834473;2060,39.834473;2029,39.834473;2061,39.834473;2028,39.834473;2062,39.834473;2031,39.834473;2063,39.834473;2030,39.834473;2002,0.0;2003,0.0;2000,0.0;2001,0.0;2006,0.0;2007,0.0;2004,0.0;2005,0.0;2010,0.0;2011,0.0;2008,0.0;2009,0.0;2014,39.834473;2015,39.834473;2012,0.0;2013,39.834473',1,19,5),(30,'2065,39.56213;2032,39.71949;2064,39.56788;2033,39.716076;2067,39.55047;2034,39.712513;2066,39.556324;2035,39.708813;2069,39.53861;2036,39.70499;2068,39.544563;2037,39.701057;2038,39.697018;2070,39.532604;2039,39.692883;2040,39.68866;2041,39.68435;2042,39.679962;2043,39.6755;2044,39.670967;2045,39.666363;2046,39.661697;2047,39.656967;2048,39.652176;2017,39.76155;2049,39.647327;2016,39.7642;2050,39.642426;2019,39.756207;2051,39.637466;2018,39.758884;2052,39.632454;2021,39.750805;2053,39.62739;2020,39.753513;2054,39.622276;2023,39.745346;2055,39.617115;2022,39.74808;2056,39.611885;2025,39.73983;2057,39.606594;2024,39.742596;2058,39.60124;2027,39.734257;2059,39.59582;2026,39.73705;2060,39.590347;2029,39.728626;2061,39.584812;2028,39.73145;2062,39.579224;2031,39.722736;2063,39.573578;2030,39.725792;2002,0.0;2003,0.0;2000,0.0;2001,0.0;2006,0.0;2007,0.0;2004,0.0;2005,0.0;2010,0.0;2011,0.0;2008,0.0;2009,0.0;2014,39.769455;2015,39.766834;2012,0.0;2013,39.77206',1,4,5),(31,'2065,39.551495;2032,39.719387;2064,39.557777;2033,39.715878;2067,39.53873;2034,39.712196;2066,39.545147;2035,39.708355;2069,39.525715;2036,39.704372;2068,39.532253;2037,39.70026;2038,39.696026;2070,39.51911;2039,39.691685;2040,39.687237;2041,39.68269;2042,39.678055;2043,39.673332;2044,39.668526;2045,39.663643;2046,39.658684;2047,39.653652;2048,39.648552;2017,39.76155;2049,39.643387;2016,39.7642;2050,39.638153;2019,39.756207;2051,39.632862;2018,39.758884;2052,39.627506;2021,39.750805;2053,39.622093;2020,39.753513;2054,39.61662;2023,39.745346;2055,39.61109;2022,39.74808;2056,39.60548;2025,39.73983;2057,39.59978;2024,39.742596;2058,39.594006;2027,39.734257;2059,39.58815;2026,39.73705;2060,39.582222;2029,39.728626;2061,39.576218;2028,39.73145;2062,39.57014;2031,39.7227;2063,39.563995;2030,39.725792;2002,0.0;2003,0.0;2000,0.0;2001,0.0;2006,0.0;2007,0.0;2004,0.0;2005,0.0;2010,0.0;2011,0.0;2008,0.0;2009,0.0;2014,39.769455;2015,39.766834;2012,0.0;2013,39.77206',1,2,5),(32,'2065,39.68146;2032,39.769077;2064,39.684498;2033,39.767166;2067,39.675343;2034,39.76516;2066,39.678406;2035,39.763073;2069,39.66917;2036,39.76091;2068,39.672264;2037,39.758686;2038,39.756397;2070,39.666065;2039,39.75405;2040,39.75166;2041,39.749214;2042,39.746727;2043,39.744198;2044,39.741627;2045,39.73902;2046,39.73638;2047,39.733707;2048,39.731;2017,39.79237;2049,39.72826;2016,39.793854;2050,39.72549;2019,39.789387;2051,39.722694;2018,39.790882;2052,39.71987;2021,39.786377;2053,39.71702;2020,39.787884;2054,39.71414;2023,39.783348;2055,39.71124;2022,39.784866;2056,39.708324;2025,39.7803;2057,39.705395;2024,39.781826;2058,39.70245;2027,39.77723;2059,39.699493;2026,39.778767;2060,39.69652;2029,39.774136;2061,39.693535;2028,39.775684;2062,39.690536;2031,39.77089;2063,39.687523;2030,39.77258;2002,0.0;2003,0.0;2000,0.0;2001,0.0;2006,0.0;2007,0.0;2004,0.0;2005,0.0;2010,0.0;2011,0.0;2008,0.0;2009,0.0;2014,39.796806;2015,39.795334;2012,0.0;2013,39.798275',1,6,5),(33,'2065,39.61228;2032,39.72001;2064,39.615746;2033,39.717068;2067,39.605328;2034,39.714096;2066,39.608807;2035,39.711098;2069,39.59834;2036,39.708073;2068,39.601837;2037,39.705025;2038,39.70195;2070,39.59483;2039,39.698853;2040,39.695732;2041,39.692593;2042,39.68943;2043,39.686245;2044,39.683044;2045,39.67982;2046,39.676582;2047,39.67332;2048,39.670044;2017,39.76155;2049,39.666748;2016,39.7642;2050,39.663437;2019,39.756207;2051,39.660103;2018,39.758884;2052,39.656757;2021,39.750805;2053,39.65339;2020,39.753513;2054,39.65001;2023,39.745346;2055,39.64661;2022,39.74808;2056,39.643204;2025,39.73983;2057,39.639793;2024,39.742596;2058,39.63638;2027,39.734257;2059,39.632957;2026,39.73705;2060,39.62953;2029,39.728626;2061,39.626095;2028,39.73145;2062,39.622654;2031,39.722916;2063,39.6192;2030,39.725792;2002,0.0;2003,0.0;2000,0.0;2001,0.0;2006,0.0;2007,0.0;2004,0.0;2005,0.0;2010,0.0;2011,0.0;2008,0.0;2009,0.0;2014,39.769455;2015,39.766834;2012,0.0;2013,39.77206',1,3,5),(34,'2065,39.592648;2032,39.707035;2064,39.59646;2033,39.703815;2067,39.584953;2034,39.70059;2066,39.588814;2035,39.697342;2069,39.57716;2036,39.694084;2068,39.581066;2037,39.690815;2038,39.68753;2070,39.573227;2039,39.684235;2040,39.680923;2041,39.677597;2042,39.67426;2043,39.670902;2044,39.667534;2045,39.664154;2046,39.660755;2047,39.657345;2048,39.65392;2017,39.753513;2049,39.65048;2016,39.756474;2050,39.647026;2019,39.747536;2051,39.643555;2018,39.750534;2052,39.64007;2021,39.74149;2053,39.636574;2020,39.744522;2054,39.633064;2023,39.735374;2055,39.62954;2022,39.73844;2056,39.62598;2025,39.72919;2057,39.62239;2024,39.732292;2058,39.61877;2027,39.722942;2059,39.61512;2026,39.726074;2060,39.611443;2029,39.71662;2061,39.60774;2028,39.71979;2062,39.604004;2031,39.710243;2063,39.600246;2030,39.713436;2002,0.0;2003,0.0;2000,0.0;2001,0.0;2006,0.0;2007,0.0;2004,0.0;2005,0.0;2010,0.0;2011,0.0;2008,0.0;2009,0.0;2014,39.762344;2015,39.75942;2012,0.0;2013,39.765255',1,1,5),(35,'2065,39.707302;2032,39.76936;2064,39.709248;2033,39.767704;2067,39.703407;2034,39.76602;2066,39.705353;2035,39.764313;2069,39.699516;2036,39.762585;2068,39.70146;2037,39.760834;2038,39.759068;2070,39.697575;2039,39.75728;2040,39.755478;2041,39.75366;2042,39.751823;2043,39.749977;2044,39.748116;2045,39.746243;2046,39.744358;2047,39.74246;2048,39.74055;2017,39.79237;2049,39.73863;2016,39.793854;2050,39.7367;2019,39.789387;2051,39.734756;2018,39.790882;2052,39.732803;2021,39.786377;2053,39.730843;2020,39.787884;2054,39.72887;2023,39.783348;2055,39.726887;2022,39.784866;2056,39.72491;2025,39.7803;2057,39.722942;2024,39.781826;2058,39.720974;2027,39.77723;2059,39.719013;2026,39.778767;2060,39.717056;2029,39.774136;2061,39.7151;2028,39.775684;2062,39.713146;2031,39.77099;2063,39.711197;2030,39.77258;2002,0.0;2003,0.0;2000,0.0;2001,0.0;2006,0.0;2007,0.0;2004,0.0;2005,0.0;2010,0.0;2011,0.0;2008,0.0;2009,0.0;2014,39.796806;2015,39.795334;2012,0.0;2013,39.798275',1,5,5),(36,'2065,43.48493;2032,43.48514;2064,43.484932;2033,43.485123;2067,43.484924;2034,43.485107;2066,43.484924;2035,43.485096;2069,43.48492;2036,43.485085;2068,43.48492;2037,43.485073;2038,43.48506;2070,43.484917;2039,43.48505;2040,43.485043;2041,43.485035;2042,43.485027;2043,43.48502;2044,43.485012;2045,43.485004;2046,43.485;2047,43.484993;2048,43.48499;2017,43.48616;2049,43.484985;2016,43.4865;2050,43.484978;2019,43.48577;2051,43.484974;2018,43.48593;2052,43.48497;2021,43.485554;2053,43.484966;2020,43.48565;2054,43.484962;2023,43.485416;2055,43.48496;2022,43.48548;2056,43.484955;2025,43.485325;2057,43.48495;2024,43.485367;2058,43.484947;2027,43.485252;2059,43.484943;2026,43.485287;2060,43.484943;2029,43.4852;2061,43.48494;2028,43.485226;2062,43.484936;2031,43.485157;2063,43.484932;2030,43.485176;2002,0.0;2003,0.0;2000,0.0;2001,0.0;2006,0.0;2007,0.0;2004,0.0;2005,0.0;2010,0.0;2011,0.0;2008,0.0;2009,0.0;2014,43.488194;2015,43.487064;2012,0.0;2013,43.491573',1,19,6),(37,'2065,43.04547;2032,43.28819;2064,43.05401;2033,43.282658;2067,43.02823;2034,43.276905;2066,43.036877;2035,43.27095;2069,43.010765;2036,43.264816;2068,43.019524;2037,43.25852;2038,43.252075;2070,43.001957;2039,43.2455;2040,43.2388;2041,43.231987;2042,43.22507;2043,43.218056;2044,43.21095;2045,43.203754;2046,43.19648;2047,43.18913;2048,43.181705;2017,43.358406;2049,43.174213;2016,43.36319;2050,43.166653;2019,43.349083;2051,43.15903;2018,43.353718;2052,43.15135;2021,43.33988;2053,43.143604;2020,43.344475;2054,43.135807;2023,43.330704;2055,43.127953;2022,43.335293;2056,43.12002;2025,43.32152;2057,43.11201;2024,43.326115;2058,43.103928;2027,43.312313;2059,43.09577;2026,43.31692;2060,43.087547;2029,43.30307;2061,43.079258;2028,43.307697;2062,43.0709;2031,43.293457;2063,43.062485;2030,43.298435;2002,0.0;2003,0.0;2000,0.0;2001,0.0;2006,0.0;2007,0.0;2004,0.0;2005,0.0;2010,0.0;2011,0.0;2008,0.0;2009,0.0;2014,43.373726;2015,43.368187;2012,0.0;2013,43.381474',1,4,6),(38,'2065,43.029747;2032,43.28802;2064,43.039032;2033,43.28234;2067,43.010952;2034,43.276394;2066,43.020386;2035,43.270214;2069,42.99188;2036,43.26383;2068,43.00145;2037,43.257248;2038,43.250504;2070,42.98224;2039,43.2436;2040,43.23655;2041,43.229374;2042,43.222073;2043,43.214657;2044,43.207134;2045,43.199512;2046,43.1918;2047,43.183994;2048,43.176105;2017,43.358406;2049,43.168137;2016,43.36319;2050,43.16009;2019,43.349083;2051,43.151974;2018,43.353718;2052,43.143784;2021,43.33988;2053,43.13553;2020,43.344475;2054,43.127205;2023,43.330704;2055,43.11882;2022,43.335293;2056,43.11033;2025,43.32152;2057,43.101738;2024,43.326115;2058,43.093044;2027,43.312313;2059,43.08426;2026,43.31692;2060,43.075382;2029,43.30307;2061,43.066418;2028,43.307697;2062,43.05737;2031,43.2934;2063,43.04824;2030,43.298435;2002,0.0;2003,0.0;2000,0.0;2001,0.0;2006,0.0;2007,0.0;2004,0.0;2005,0.0;2010,0.0;2011,0.0;2008,0.0;2009,0.0;2014,43.373726;2015,43.368187;2012,0.0;2013,43.381474',1,2,6),(39,'2065,43.227333;2032,43.37008;2064,43.232124;2033,43.366833;2067,43.217716;2034,43.363438;2066,43.22253;2035,43.359913;2069,43.208054;2036,43.356277;2068,43.21289;2037,43.352535;2038,43.3487;2070,43.203205;2039,43.344788;2040,43.340794;2041,43.33673;2042,43.332603;2043,43.32842;2044,43.324177;2045,43.319885;2046,43.315544;2047,43.311157;2048,43.30673;2017,43.41096;2049,43.30226;2016,43.413876;2050,43.297752;2019,43.405407;2051,43.293213;2018,43.408154;2052,43.288635;2021,43.4;2053,43.284023;2020,43.402695;2054,43.27938;2023,43.394657;2055,43.27471;2022,43.397327;2056,43.270027;2025,43.38934;2057,43.26533;2024,43.392;2058,43.26062;2027,43.38402;2059,43.2559;2026,43.38668;2060,43.251167;2029,43.378708;2061,43.246426;2028,43.381367;2062,43.24167;2031,43.373158;2063,43.2369;2030,43.376045;2002,0.0;2003,0.0;2000,0.0;2001,0.0;2006,0.0;2007,0.0;2004,0.0;2005,0.0;2010,0.0;2011,0.0;2008,0.0;2009,0.0;2014,43.420696;2015,43.417007;2012,0.0;2013,43.426613',1,6,6),(40,'2065,43.120594;2032,43.289024;2064,43.12585;2033,43.284256;2067,43.11007;2034,43.279453;2066,43.115334;2035,43.274616;2069,43.09953;2036,43.26975;2068,43.1048;2037,43.264854;2038,43.259933;2070,43.094254;2039,43.254986;2040,43.250015;2041,43.24502;2042,43.240005;2043,43.234966;2044,43.229908;2045,43.22483;2046,43.219734;2047,43.21462;2048,43.209484;2017,43.358406;2049,43.204334;2016,43.36319;2050,43.199165;2019,43.349083;2051,43.19398;2018,43.353718;2052,43.188778;2021,43.33988;2053,43.183563;2020,43.344475;2054,43.17833;2023,43.330704;2055,43.173077;2022,43.335293;2056,43.16783;2025,43.32152;2057,43.162586;2024,43.326115;2058,43.15734;2027,43.312313;2059,43.152096;2026,43.31692;2060,43.146847;2029,43.30307;2061,43.1416;2028,43.307697;2062,43.136353;2031,43.29375;2063,43.131104;2030,43.298435;2002,0.0;2003,0.0;2000,0.0;2001,0.0;2006,0.0;2007,0.0;2004,0.0;2005,0.0;2010,0.0;2011,0.0;2008,0.0;2009,0.0;2014,43.373726;2015,43.368187;2012,0.0;2013,43.381474',1,3,6),(41,'2065,43.09099;2032,43.268143;2064,43.096718;2033,43.262978;2067,43.07945;2034,43.257805;2066,43.08523;2035,43.25263;2069,43.067806;2036,43.24744;2068,43.07364;2037,43.242245;2038,43.237038;2070,43.061943;2039,43.231823;2040,43.226597;2041,43.221363;2042,43.216114;2043,43.210857;2044,43.20559;2045,43.20031;2046,43.19502;2047,43.189716;2048,43.184402;2017,43.34498;2049,43.179077;2016,43.350246;2050,43.17374;2019,43.334675;2051,43.168392;2018,43.3398;2052,43.16303;2021,43.324482;2053,43.157658;2020,43.32957;2054,43.15227;2023,43.314304;2055,43.146877;2022,43.319393;2056,43.14144;2025,43.30411;2057,43.135967;2024,43.30921;2058,43.13046;2027,43.293884;2059,43.124916;2026,43.299004;2060,43.11934;2029,43.28361;2061,43.113728;2028,43.288754;2062,43.108086;2031,43.273304;2063,43.102417;2030,43.278458;2002,0.0;2003,0.0;2000,0.0;2001,0.0;2006,0.0;2007,0.0;2004,0.0;2005,0.0;2010,0.0;2011,0.0;2008,0.0;2009,0.0;2014,43.361748;2015,43.35573;2012,0.0;2013,43.36997',1,1,6),(42,'2065,43.26836;2032,43.370556;2064,43.271484;2033,43.36774;2067,43.26213;2034,43.36489;2066,43.265244;2035,43.362003;2069,43.25592;2036,43.359085;2068,43.25902;2037,43.356136;2038,43.353165;2070,43.25282;2039,43.35017;2040,43.34715;2041,43.344112;2042,43.341057;2043,43.337982;2044,43.33489;2045,43.331783;2046,43.328663;2047,43.325527;2048,43.322376;2017,43.41096;2049,43.319218;2016,43.413876;2050,43.316044;2019,43.405407;2051,43.312855;2018,43.408154;2052,43.309658;2021,43.4;2053,43.30645;2020,43.402695;2054,43.30323;2023,43.394657;2055,43.300003;2022,43.397327;2056,43.296787;2025,43.38934;2057,43.293587;2024,43.392;2058,43.2904;2027,43.38402;2059,43.287224;2026,43.38668;2060,43.284058;2029,43.378708;2061,43.280903;2028,43.381367;2062,43.277756;2031,43.373325;2063,43.274616;2030,43.376045;2002,0.0;2003,0.0;2000,0.0;2001,0.0;2006,0.0;2007,0.0;2004,0.0;2005,0.0;2010,0.0;2011,0.0;2008,0.0;2009,0.0;2014,43.420696;2015,43.417007;2012,0.0;2013,43.426613',1,5,6),(43,'2065,0.90007406;2032,0.0484619;2064,0.85804844;2033,0.05767071;2067,0.98693615;2034,0.06785694;2066,0.9430393;2035,0.079040825;2069,1.0774922;2036,0.09123941;2068,1.0317565;2037,0.104466826;2038,0.118734606;2070,1.1241353;2039,0.13405198;2040,0.15042607;2041,0.16786218;2042,0.18636392;2043,0.20593347;2044,0.22657165;2045,0.24827816;2046,0.27105165;2047,0.2948898;2048,0.3197896;2017,4.6410678E-5;2049,0.34574717;2016,9.085567E-6;2050,0.37275815;2019,3.9137367E-4;2051,0.40081748;2018,1.5410368E-4;2052,0.42991972;2021,0.0015491756;2053,0.4600589;2020,8.301044E-4;2054,0.4912288;2023,0.0041515687;2055,0.5234227;2022,0.002629707;2056,0.5566339;2025,0.008819426;2057,0.590855;2024,0.006191048;2058,0.62607884;2027,0.016098898;2059,0.6622979;2026,0.012102223;2060,0.69950444;2029,0.026441652;2061,0.7376906;2028,0.020862855;2062,0.77684873;2031,0.04020669;2063,0.81697065;2030,0.03287731;2002,0.0;2003,0.0;2000,0.0;2001,0.0;2006,0.0;2007,0.0;2004,0.0;2005,0.0;2010,0.0;2011,0.0;2008,0.0;2009,0.0;2014,1.3581446E-8;2015,8.1852374E-7;2012,0.0;2013,9.369413E-13',1,19,7),(44,'2065,1.1665603;2032,0.06018547;2064,1.1101507;2033,0.07158808;2067,1.2836204;2034,0.084222086;2066,1.2243851;2035,0.098119505;2069,1.4063021;2036,0.11330866;2068,1.344261;2037,0.12981449;2038,0.1476589;2070,1.4697386;2039,0.16686097;2040,0.18743731;2041,0.20940225;2042,0.23276801;2043,0.257545;2044,0.2837419;2045,0.3113659;2046,0.34042275;2047,0.37091702;2048,0.40285215;2017,6.419675E-5;2049,0.43623048;2016,1.3004118E-5;2050,0.4710535;2019,5.194696E-4;2051,0.5073219;2018,2.0815071E-4;2052,0.54503554;2021,0.0020077538;2053,0.5841936;2020,0.001087174;2054,0.6247948;2023,0.005298946;2055,0.66683704;2022,0.0033795824;2056,0.7103294;2025,0.011140613;2057,0.7552698;2024,0.007857472;2058,0.8016559;2027,0.020187665;2059,0.84948474;2026,0.015226895;2060,0.8987533;2029,0.03298286;2061,0.949458;2028,0.026087172;2062,1.0015953;2031,0.049978197;2063,1.0551609;2030,0.04092576;2002,0.0;2003,0.0;2000,0.0;2001,0.0;2006,0.0;2007,0.0;2004,0.0;2005,0.0;2010,0.0;2011,0.0;2008,0.0;2009,0.0;2014,2.2578805E-8;2015,1.235735E-6;2012,0.0;2013,1.9815853E-12',1,4,7),(45,'2065,1.1758192;2032,0.060195602;2064,1.1186669;2033,0.07161038;2067,1.2944936;2034,0.08426272;2066,1.2344294;2035,0.09818568;2069,1.4189672;2036,0.11340867;2068,1.3560076;2037,0.12995768;2038,0.14785565;2070,1.483368;2039,0.16712275;2040,0.18777655;2041,0.20983239;2042,0.23330346;2043,0.2582011;2044,0.2845349;2045,0.3123129;2046,0.3415418;2047,0.3722269;2048,0.40437245;2017,6.419675E-5;2049,0.4379816;2016,1.3004118E-5;2050,0.47305658;2019,5.194696E-4;2051,0.50959873;2018,2.0815071E-4;2052,0.5476087;2021,0.0020077538;2053,0.5870862;2020,0.001087174;2054,0.6280307;2023,0.005298946;2055,0.67044073;2022,0.0033795824;2056,0.71433353;2025,0.011140613;2057,0.7597082;2024,0.007857472;2058,0.8065635;2027,0.020187665;2059,0.8548977;2026,0.015226895;2060,0.9047087;2029,0.03298286;2061,0.95599395;2028,0.026087172;2062,1.0087508;2031,0.049981236;2063,1.0629762;2030,0.04092576;2002,0.0;2003,0.0;2000,0.0;2001,0.0;2006,0.0;2007,0.0;2004,0.0;2005,0.0;2010,0.0;2011,0.0;2008,0.0;2009,0.0;2014,2.2578805E-8;2015,1.235735E-6;2012,0.0;2013,1.9815853E-12',1,2,7),(46,'2065,1.0586302;2032,0.055265516;2064,1.0080925;2033,0.06575587;2067,1.1633235;2034,0.07737469;2066,1.1103762;2035,0.090149626;2069,1.2727953;2036,0.10410482;2068,1.2174655;2037,0.11926124;2038,0.135637;2070,1.3293058;2039,0.15324757;2040,0.17210612;2041,0.19222367;2042,0.21360935;2043,0.23627056;2044,0.2602132;2045,0.2854417;2046,0.31195927;2047,0.33976805;2048,0.36886907;2017,5.6462035E-5;2049,0.39926255;2016,1.1283349E-5;2050,0.43094784;2019,4.644338E-4;2051,0.46392354;2018,1.8480903E-4;2052,0.49818766;2021,0.001812155;2053,0.5337376;2020,9.771701E-4;2054,0.5705702;2023,0.0048119267;2055,0.6086818;2022,0.0030605826;2056,0.6480614;2025,0.01015878;2057,0.6887039;2024,0.0071514607;2058,0.7306041;2027,0.01846268;2059,0.77375656;2026,0.013907039;2060,0.8181554;2029,0.030228822;2061,0.8637946;2028,0.023885485;2062,0.91066813;2031,0.045872133;2063,0.9587696;2030,0.03754001;2002,0.0;2003,0.0;2000,0.0;2001,0.0;2006,0.0;2007,0.0;2004,0.0;2005,0.0;2010,0.0;2011,0.0;2008,0.0;2009,0.0;2014,1.8461813E-8;2015,1.0497711E-6;2012,0.0;2013,1.4728508E-12',1,6,7),(47,'2065,1.1221961;2032,0.060134828;2064,1.0691825;2033,0.07147661;2067,1.2319309;2034,0.08401913;2066,1.1764481;2035,0.09778912;2069,1.3465581;2036,0.11280962;2068,1.2886368;2037,0.12910032;2038,0.14667796;2070,1.4056871;2039,0.16555656;2040,0.18574777;2041,0.20726107;2042,0.23010398;2043,0.25428236;2044,0.27980044;2045,0.30666113;2046,0.33486608;2047,0.3644158;2048,0.39530993;2017,6.419675E-5;2049,0.42754707;2016,1.3004118E-5;2050,0.46112517;2019,5.194696E-4;2051,0.49604145;2018,2.0815071E-4;2052,0.5322924;2021,0.0020077538;2053,0.5698742;2020,0.001087174;2054,0.60878235;2023,0.005298946;2055,0.64901185;2022,0.0033795824;2056,0.69055015;2025,0.011140613;2057,0.733391;2024,0.007857472;2058,0.77752805;2027,0.020187665;2059,0.82295454;2026,0.015226895;2060,0.8696636;2029,0.03298286;2061,0.9176482;2028,0.026087172;2062,0.9669011;2031,0.049962986;2063,1.017415;2030,0.04092576;2002,0.0;2003,0.0;2000,0.0;2001,0.0;2006,0.0;2007,0.0;2004,0.0;2005,0.0;2010,0.0;2011,0.0;2008,0.0;2009,0.0;2014,2.2578805E-8;2015,1.235735E-6;2012,0.0;2013,1.9815853E-12',1,3,7),(48,'2065,1.1397088;2032,0.061402127;2064,1.0858208;2033,0.07296435;2067,1.2513086;2034,0.08574577;2066,1.1948736;2035,0.09977284;2069,1.3679607;2036,0.11506829;2068,1.3090066;2037,0.13165146;2038,0.14953873;2070,1.4281641;2039,0.1687437;2040,0.18927763;2041,0.21114957;2042,0.23436667;2043,0.2589343;2044,0.28485632;2045,0.3121352;2046,0.34077218;2047,0.3707674;2048,0.40212008;2017,6.627179E-5;2049,0.43482846;2016,1.3469716E-5;2050,0.46889007;2019,5.340798E-4;2051,0.5043018;2018,2.1437512E-4;2052,0.5410598;2021,0.0020593535;2053,0.5791598;2020,0.0011162746;2054,0.61859703;2023,0.005426884;2055,0.6593662;2022,0.0034635428;2056,0.7014731;2025,0.011397761;2057,0.7449126;2024,0.008042637;2058,0.78967935;2027,0.020638429;2059,0.83576775;2026,0.015572158;2060,0.8831718;2029,0.03370127;2061,0.9318855;2028,0.026661973;2062,0.98190254;2031,0.05102851;2063,1.0332165;2030,0.041808303;2002,0.0;2003,0.0;2000,0.0;2001,0.0;2006,0.0;2007,0.0;2004,0.0;2005,0.0;2010,0.0;2011,0.0;2008,0.0;2009,0.0;2014,2.3734367E-8;2015,1.286719E-6;2012,0.0;2013,2.1329102E-12',1,1,7),(49,'2065,1.0339634;2032,0.05523706;2064,0.9852572;2033,0.06569318;2067,1.1347278;2034,0.077260464;2066,1.0837897;2035,0.08996356;2069,1.2399081;2036,0.10382362;2068,1.18677;2037,0.11885861;2038,0.1350837;2070,1.2941343;2039,0.1525115;2040,0.17115235;2041,0.19101451;2042,0.21210445;2043,0.23442696;2044,0.25798538;2045,0.28278175;2046,0.30881694;2047,0.33609077;2048,0.36460212;2017,5.6462035E-5;2049,0.39434904;2016,1.1283349E-5;2050,0.42532888;2019,4.644338E-4;2051,0.4575383;2018,1.8480903E-4;2052,0.49097338;2021,0.001812155;2053,0.5256297;2020,9.771701E-4;2054,0.5615024;2023,0.0048119267;2055,0.59858614;2022,0.0030605826;2056,0.63686484;2025,0.01015878;2057,0.6763316;2024,0.0071514607;2058,0.71697956;2027,0.01846268;2059,0.75880146;2026,0.013907039;2060,0.8017899;2029,0.030228822;2061,0.84593743;2028,0.023885485;2062,0.8912363;2031,0.0458636;2063,0.9376789;2030,0.03754001;2002,0.0;2003,0.0;2000,0.0;2001,0.0;2006,0.0;2007,0.0;2004,0.0;2005,0.0;2010,0.0;2011,0.0;2008,0.0;2009,0.0;2014,1.8461813E-8;2015,1.0497711E-6;2012,0.0;2013,1.4728508E-12',1,5,7),(50,'2065,0.0065067;2032,0.0065067;2064,0.0065067;2033,0.0065067;2067,0.0065067;2034,0.0065067;2066,0.0065067;2035,0.0065067;2069,0.0065067;2036,0.0065067;2068,0.0065067;2037,0.0065067;2038,0.0065067;2070,0.0065067;2039,0.0065067;2040,0.0065067;2041,0.0065067;2042,0.0065067;2043,0.0065067;2044,0.0065067;2045,0.0065067;2046,0.0065067;2047,0.0065067;2048,0.0065067;2017,0.0065067;2049,0.0065067;2016,0.0065067;2050,0.0065067;2019,0.0065067;2051,0.0065067;2018,0.0065067;2052,0.0065067;2021,0.0065067;2053,0.0065067;2020,0.0065067;2054,0.0065067;2023,0.0065067;2055,0.0065067;2022,0.0065067;2056,0.0065067;2025,0.0065067;2057,0.0065067;2024,0.0065067;2058,0.0065067;2027,0.0065067;2059,0.0065067;2026,0.0065067;2060,0.0065067;2029,0.0065067;2061,0.0065067;2028,0.0065067;2062,0.0065067;2031,0.0065067;2063,0.0065067;2030,0.0065067;2002,0.0;2003,0.0;2000,0.0;2001,0.0;2006,0.0;2007,0.0;2004,0.0;2005,0.0;2010,0.0;2011,0.0;2008,0.0;2009,0.0;2014,0.0065067;2015,0.0065067;2012,0.0;2013,0.0065067',1,19,8),(51,'2065,0.00681886;2032,0.006656156;2064,0.006813418;2033,0.006660072;2067,0.0068297987;2034,0.006664138;2066,0.0068243206;2035,0.0066683325;2069,0.006840805;2036,0.006672641;2068,0.006835294;2037,0.0066770487;2038,0.0066815447;2070,0.0068463315;2039,0.0066861194;2040,0.006690764;2041,0.006695471;2042,0.0067002345;2043,0.0067050494;2044,0.0067099105;2045,0.0067148134;2046,0.0067197545;2047,0.006724731;2048,0.0067297397;2017,0.0066058873;2049,0.0067347777;2016,0.006602581;2050,0.0067398427;2019,0.0066125;2051,0.0067449333;2018,0.006609194;2052,0.0067500467;2021,0.0066191126;2053,0.0067551816;2020,0.0066158064;2054,0.0067603365;2023,0.006625725;2055,0.00676551;2022,0.0066224188;2056,0.0067707193;2025,0.0066323373;2057,0.006775961;2024,0.006629031;2058,0.006781234;2027,0.00663895;2059,0.0067865355;2026,0.0066356435;2060,0.006791864;2029,0.0066455626;2061,0.006797218;2028,0.0066422564;2062,0.006802596;2031,0.0066524115;2063,0.0068079964;2030,0.006648869;2002,0.0;2003,0.0;2000,0.0;2001,0.0;2006,0.0;2007,0.0;2004,0.0;2005,0.0;2010,0.0;2011,0.0;2008,0.0;2009,0.0;2014,0.0065959687;2015,0.006599275;2012,0.0;2013,0.0065926625',1,4,8),(52,'2065,0.006828841;2032,0.0066562747;2064,0.0068229553;2033,0.006660299;2067,0.0068406914;2034,0.0066644982;2066,0.0068347533;2035,0.00666885;2069,0.006852638;2036,0.006673335;2068,0.0068466533;2037,0.006677937;2038,0.006682643;2070,0.0068586445;2039,0.006687442;2040,0.0066923224;2041,0.0066972766;2042,0.006702298;2043,0.0067073787;2044,0.006712514;2045,0.0067176986;2046,0.006722929;2047,0.0067282;2048,0.006733509;2017,0.0066058873;2049,0.0067388522;2016,0.006602581;2050,0.006744228;2019,0.0066125;2051,0.0067496332;2018,0.006609194;2052,0.0067550656;2021,0.0066191126;2053,0.006760523;2020,0.0066158064;2054,0.0067660045;2023,0.006625725;2055,0.0067715077;2022,0.0066224188;2056,0.006777061;2025,0.0066323373;2057,0.0067826617;2024,0.006629031;2058,0.0067883064;2027,0.00663895;2059,0.006793992;2026,0.0066356435;2060,0.0067997165;2029,0.0066455626;2061,0.006805477;2028,0.0066422564;2062,0.006811272;2031,0.0066524534;2063,0.0068170987;2030,0.006648869;2002,0.0;2003,0.0;2000,0.0;2001,0.0;2006,0.0;2007,0.0;2004,0.0;2005,0.0;2010,0.0;2011,0.0;2008,0.0;2009,0.0;2014,0.0065959687;2015,0.006599275;2012,0.0;2013,0.0065926625',1,2,8),(53,'2065,0.006698612;2032,0.0065964446;2064,0.0066953087;2033,0.0065988596;2067,0.0067052194;2034,0.006601379;2066,0.0067019155;2035,0.00660399;2069,0.0067118267;2036,0.006606681;2068,0.006708523;2037,0.006609442;2038,0.006612266;2070,0.0067151305;2039,0.006615145;2040,0.006618073;2041,0.006621046;2042,0.006624059;2043,0.006627107;2044,0.0066301883;2045,0.0066332994;2046,0.006636437;2047,0.0066396;2048,0.0066427854;2017,0.0065662125;2049,0.0066459915;2016,0.006564229;2050,0.0066492166;2019,0.00657018;2051,0.00665246;2018,0.006568196;2052,0.006655719;2021,0.0065741474;2053,0.006658994;2020,0.0065721637;2054,0.0066622826;2023,0.006578115;2055,0.0066655846;2022,0.006576131;2056,0.0066688866;2025,0.0065820827;2057,0.0066721886;2024,0.0065800985;2058,0.006675491;2027,0.00658605;2059,0.006678794;2026,0.0065840664;2060,0.0066820965;2029,0.0065900176;2061,0.0066853995;2028,0.006588034;2062,0.0066887024;2031,0.006594152;2063,0.006692006;2030,0.0065920013;2002,0.0;2003,0.0;2000,0.0;2001,0.0;2006,0.0;2007,0.0;2004,0.0;2005,0.0;2010,0.0;2011,0.0;2008,0.0;2009,0.0;2014,0.0065602614;2015,0.006562245;2012,0.0;2013,0.0065582776',1,6,8),(54,'2065,0.0067703268;2032,0.006655561;2064,0.0067668767;2033,0.0066589387;2067,0.0067772116;2034,0.0066623343;2066,0.0067737717;2035,0.006665745;2069,0.006784077;2036,0.0066691693;2068,0.0067806463;2037,0.006672605;2038,0.0066760513;2070,0.006787503;2039,0.0066795065;2040,0.0066829706;2041,0.0066864416;2042,0.006689919;2043,0.006693403;2044,0.006696892;2045,0.0067003863;2046,0.006703885;2047,0.0067073875;2048,0.006710894;2017,0.0066058873;2049,0.006714404;2016,0.006602581;2050,0.006717917;2019,0.0066125;2051,0.0067214333;2018,0.006609194;2052,0.0067249523;2021,0.0066191126;2053,0.0067284736;2020,0.0066158064;2054,0.0067319972;2023,0.006625725;2055,0.006735523;2022,0.0066224188;2056,0.006739039;2025,0.0066323373;2057,0.006742546;2024,0.006629031;2058,0.006746044;2027,0.00663895;2059,0.0067495336;2026,0.0066356435;2060,0.006753016;2029,0.0066455626;2061,0.0067564906;2028,0.0066422564;2062,0.006759959;2031,0.006652203;2063,0.0067634205;2030,0.006648869;2002,0.0;2003,0.0;2000,0.0;2001,0.0;2006,0.0;2007,0.0;2004,0.0;2005,0.0;2010,0.0;2011,0.0;2008,0.0;2009,0.0;2014,0.0065959687;2015,0.006599275;2012,0.0;2013,0.0065926625',1,3,8),(55,'2065,0.0067896275;2032,0.0066703395;2064,0.006785913;2033,0.0066739586;2067,0.006797085;2034,0.006677573;2066,0.006793352;2035,0.006681184;2069,0.0068045757;2036,0.0066847913;2068,0.006800826;2037,0.0066883955;2038,0.0066919974;2070,0.0068083326;2039,0.006695597;2040,0.0066991947;2041,0.00670279;2042,0.0067063845;2043,0.0067099766;2044,0.006713568;2045,0.006717158;2046,0.0067207464;2047,0.0067243343;2048,0.0067279213;2017,0.0066158064;2049,0.006731507;2016,0.0066121696;2050,0.0067350925;2019,0.00662308;2051,0.0067386767;2018,0.006619443;2052,0.0067422604;2021,0.0066303536;2053,0.0067458437;2020,0.006626717;2054,0.006749426;2023,0.0066376277;2055,0.006753008;2022,0.0066339904;2056,0.0067566074;2025,0.0066449014;2057,0.0067602233;2024,0.0066412645;2058,0.0067638545;2027,0.006652175;2059,0.0067674997;2026,0.006648538;2060,0.006771159;2029,0.0066594486;2061,0.00677483;2028,0.006655812;2062,0.0067785135;2031,0.0066667157;2063,0.0067822076;2030,0.0066630854;2002,0.0;2003,0.0;2000,0.0;2001,0.0;2006,0.0;2007,0.0;2004,0.0;2005,0.0;2010,0.0;2011,0.0;2008,0.0;2009,0.0;2014,0.0066048955;2015,0.0066085323;2012,0.0;2013,0.0066012586',1,1,8),(56,'2065,0.006670041;2032,0.006596088;2064,0.0066678417;2033,0.006598179;2067,0.006674417;2034,0.006600297;2066,0.006672233;2035,0.0066024377;2069,0.0066787642;2036,0.006604598;2068,0.006676594;2037,0.0066067763;2038,0.00660897;2070,0.006680928;2039,0.0066111777;2040,0.0066133975;2041,0.0066156285;2042,0.0066178693;2043,0.0066201193;2044,0.0066223773;2045,0.0066246428;2046,0.006626915;2047,0.0066291937;2048,0.0066314777;2017,0.0065662125;2049,0.0066337674;2016,0.006564229;2050,0.0066360612;2019,0.00657018;2051,0.0066383597;2018,0.006568196;2052,0.0066406624;2021,0.0065741474;2053,0.0066429693;2020,0.0065721637;2054,0.006645279;2023,0.006578115;2055,0.0066475924;2022,0.006576131;2056,0.006649891;2025,0.0065820827;2057,0.006652175;2024,0.0065800985;2058,0.0066544465;2027,0.00658605;2059,0.0066567054;2026,0.0065840664;2060,0.0066589527;2029,0.0065900176;2061,0.0066611897;2028,0.006588034;2062,0.006663416;2031,0.006594027;2063,0.0066656335;2030,0.0065920013;2002,0.0;2003,0.0;2000,0.0;2001,0.0;2006,0.0;2007,0.0;2004,0.0;2005,0.0;2010,0.0;2011,0.0;2008,0.0;2009,0.0;2014,0.0065602614;2015,0.006562245;2012,0.0;2013,0.0065582776',1,5,8),(57,'2065,0.58034945;2032,0.5635755;2064,0.57995474;2033,0.56426835;2067,0.5811257;2034,0.56494176;2066,0.58073974;2035,0.56559706;2069,0.5818852;2036,0.56623554;2068,0.5815075;2037,0.5668583;2038,0.5674663;2070,0.582259;2039,0.56806046;2040,0.5686416;2041,0.56921047;2042,0.5697678;2043,0.570314;2044,0.5708498;2045,0.57137567;2046,0.5718921;2047,0.5723995;2048,0.5728983;2017,0.5486281;2049,0.5733889;2016,0.54690844;2050,0.5738716;2019,0.5515309;2051,0.5743468;2018,0.55015224;2052,0.57481474;2021,0.55396986;2053,0.5752757;2020,0.5527961;2054,0.57573;2023,0.5561021;2055,0.57617795;2022,0.55506796;2056,0.5766196;2025,0.5580131;2057,0.5770554;2024,0.55708146;2058,0.5774853;2027,0.5597552;2059,0.57790977;2026,0.55890274;2060,0.57832885;2029,0.5613632;2061,0.5787427;2028,0.56057423;2062,0.5791515;2031,0.5628616;2063,0.5795555;2030,0.56212485;2002,0.0;2003,0.0;2000,0.0;2001,0.0;2006,0.0;2007,0.0;2004,0.0;2005,0.0;2010,0.0;2011,0.0;2008,0.0;2009,0.0;2014,0.5424517;2015,0.5449071;2012,0.0;2013,0.5390782',1,19,9),(58,'2065,0.5943125;2032,0.56808805;2064,0.59355104;2033,0.568988;2067,0.59583616;2034,0.5698735;2066,0.5950742;2035,0.57074565;2069,0.5973611;2036,0.5716055;2068,0.59659845;2037,0.572454;2038,0.57329184;2070,0.5981241;2039,0.5741199;2040,0.57493883;2041,0.5757518;2042,0.5765591;2043,0.5773612;2044,0.57815844;2045,0.578951;2046,0.5797393;2047,0.5805235;2048,0.5813039;2017,0.5503608;2049,0.5820807;2016,0.54844564;2050,0.5828541;2019,0.5536318;2051,0.58362573;2018,0.5520718;2052,0.5843956;2021,0.55642664;2053,0.58516383;2020,0.5550747;2054,0.58593065;2023,0.55891776;2055,0.58669597;2022,0.5577036;2056,0.5874602;2025,0.5611924;2057,0.5882234;2024,0.56007826;2058,0.5889856;2027,0.5633039;2059,0.5897469;2026,0.56226605;2060,0.5905074;2029,0.56528753;2061,0.59126806;2028,0.56430995;2062,0.59202886;2031,0.56717235;2063,0.5927898;2030,0.5662394;2002,0.0;2003,0.0;2000,0.0;2001,0.0;2006,0.0;2007,0.0;2004,0.0;2005,0.0;2010,0.0;2011,0.0;2008,0.0;2009,0.0;2014,0.54354423;2015,0.5462347;2012,0.0;2013,0.53987825',1,4,9),(59,'2065,0.59442705;2032,0.5680889;2064,0.5936593;2033,0.56898963;2067,0.5959641;2034,0.5698761;2066,0.59519535;2035,0.57074946;2069,0.5975032;2036,0.57161075;2068,0.59673333;2037,0.5724608;2038,0.5733005;2070,0.5982735;2039,0.5741305;2040,0.5749515;2041,0.57576674;2042,0.5765765;2043,0.57738113;2044,0.578181;2045,0.5789765;2046,0.57976776;2047,0.5805551;2048,0.5813387;2017,0.5503608;2049,0.58211887;2016,0.54844564;2050,0.5828958;2019,0.5536318;2051,0.583671;2018,0.5520718;2052,0.58444464;2021,0.55642664;2053,0.58521676;2020,0.5550747;2054,0.5859875;2023,0.55891776;2055,0.58675694;2022,0.5577036;2056,0.58752555;2025,0.5611924;2057,0.58829325;2024,0.56007826;2058,0.5890603;2027,0.5633039;2059,0.58982664;2026,0.56226605;2060,0.5905924;2029,0.56528753;2061,0.59135854;2028,0.56430995;2062,0.59212506;2031,0.56717265;2063,0.59289193;2030,0.5662394;2002,0.0;2003,0.0;2000,0.0;2001,0.0;2006,0.0;2007,0.0;2004,0.0;2005,0.0;2010,0.0;2011,0.0;2008,0.0;2009,0.0;2014,0.54354423;2015,0.5462347;2012,0.0;2013,0.53987825',1,2,9),(60,'2065,0.5929444;2032,0.56767565;2064,0.5922224;2033,0.5685557;2067,0.59438694;2034,0.56942064;2066,0.5936659;2035,0.57027173;2069,0.59582776;2036,0.5711099;2068,0.59510756;2037,0.5719361;2038,0.57275116;2070,0.59654754;2039,0.57355595;2040,0.574351;2041,0.5751395;2042,0.5759219;2043,0.57669854;2044,0.57746977;2045,0.5782358;2046,0.578997;2047,0.5797537;2048,0.580506;2017,0.5502092;2049,0.5812543;2016,0.54831195;2050,0.58199865;2019,0.5534459;2051,0.58274066;2018,0.5519029;2052,0.5834805;2021,0.5562072;2053,0.58421814;2020,0.55487204;2054,0.5849538;2023,0.55866474;2055,0.5856875;2022,0.55746746;2056,0.58641934;2025,0.56090546;2057,0.58714926;2024,0.5598084;2058,0.58787745;2027,0.5629824;2059,0.588604;2026,0.5619619;2060,0.5893289;2029,0.5649308;2061,0.59005314;2028,0.5639709;2062,0.5907768;2031,0.5667792;2063,0.59149987;2030,0.5658648;2002,0.0;2003,0.0;2000,0.0;2001,0.0;2006,0.0;2007,0.0;2004,0.0;2005,0.0;2010,0.0;2011,0.0;2008,0.0;2009,0.0;2014,0.5434504;2015,0.54612005;2012,0.0;2013,0.53981',1,6,9),(61,'2065,0.59232193;2032,0.5681306;2064,0.5916734;2033,0.56901443;2067,0.59361;2034,0.569881;2066,0.59296745;2035,0.5707317;2069,0.59488666;2036,0.5715676;2068,0.5942497;2037,0.5723899;2038,0.57319945;2070,0.595521;2039,0.57399714;2040,0.57478374;2041,0.5755606;2042,0.5763284;2043,0.5770875;2044,0.5778386;2045,0.578582;2046,0.5793182;2047,0.5800476;2048,0.58077055;2017,0.5504285;2049,0.58148736;2016,0.5485064;2050,0.5821983;2019,0.5537122;2051,0.58290386;2018,0.552146;2052,0.5836042;2021,0.55651665;2053,0.5842996;2020,0.55516106;2054,0.5849903;2023,0.55900997;2055,0.58567655;2022,0.5577955;2056,0.5863584;2025,0.56128156;2057,0.587036;2024,0.5601695;2058,0.5877096;2027,0.5633859;2059,0.5883794;2026,0.56235206;2060,0.58904546;2029,0.5653592;2061,0.58970773;2028,0.56438714;2062,0.59036636;2031,0.56722796;2063,0.59102154;2030,0.5663048;2002,0.0;2003,0.0;2000,0.0;2001,0.0;2006,0.0;2007,0.0;2004,0.0;2005,0.0;2010,0.0;2011,0.0;2008,0.0;2009,0.0;2014,0.54358846;2015,0.54628783;2012,0.0;2013,0.53991103',1,3,9),(62,'2065,0.59253734;2032,0.5682333;2064,0.59188366;2033,0.5691212;2067,0.59383625;2034,0.5699916;2066,0.59318817;2035,0.570846;2069,0.59512454;2036,0.5716856;2068,0.59448165;2037,0.5725114;2038,0.5733244;2070,0.59576494;2039,0.57412547;2040,0.5749154;2041,0.5756955;2042,0.5764664;2043,0.57722867;2044,0.5779828;2045,0.57872915;2046,0.5794683;2047,0.5802006;2048,0.5809264;2017,0.55046666;2049,0.581646;2016,0.54854;2050,0.58235985;2019,0.553759;2051,0.58306813;2018,0.5521885;2052,0.58377117;2021,0.5565719;2053,0.5844693;2020,0.5552121;2054,0.5851627;2023,0.5590737;2055,0.58585155;2022,0.557855;2056,0.5865363;2025,0.5613538;2057,0.5872171;2024,0.56023747;2058,0.58789414;2027,0.56346685;2059,0.5885676;2026,0.5624286;2060,0.58923763;2029,0.56544894;2061,0.58990407;2028,0.5644725;2062,0.5905672;2031,0.56732655;2063,0.59122694;2030,0.5663991;2002,0.0;2003,0.0;2000,0.0;2001,0.0;2006,0.0;2007,0.0;2004,0.0;2005,0.0;2010,0.0;2011,0.0;2008,0.0;2009,0.0;2014,0.543612;2015,0.5463167;2012,0.0;2013,0.5399282',1,1,9),(63,'2065,0.5912121;2032,0.5677194;2064,0.5905883;2033,0.56858504;2067,0.5924499;2034,0.5694333;2066,0.59183264;2035,0.5702655;2069,0.5936753;2036,0.5710828;2068,0.5930641;2037,0.57188624;2038,0.57267684;2070,0.59428364;2039,0.5734554;2040,0.57422274;2041,0.57498014;2042,0.5757282;2043,0.5764675;2044,0.5771985;2045,0.5779217;2046,0.5786375;2047,0.57934624;2048,0.5800484;2017,0.55027646;2049,0.58074415;2016,0.54837227;2050,0.5814339;2019,0.5535257;2051,0.58211803;2018,0.55197656;2052,0.5827968;2021,0.5562965;2053,0.5834704;2020,0.5549577;2054,0.5841391;2023,0.55875623;2055,0.5848031;2022,0.5575586;2056,0.58546245;2025,0.5609938;2057,0.5861173;2024,0.5598988;2058,0.5867679;2027,0.5630637;2059,0.5874144;2026,0.5620471;2060,0.588057;2029,0.5650018;2061,0.58869547;2028,0.5640474;2062,0.5893301;2031,0.5668348;2063,0.589961;2030,0.5659296;2002,0.0;2003,0.0;2000,0.0;2001,0.0;2006,0.0;2007,0.0;2004,0.0;2005,0.0;2010,0.0;2011,0.0;2008,0.0;2009,0.0;2014,0.54349434;2015,0.54617274;2012,0.0;2013,0.5398426',1,5,9),(64,'2065,3.6244621;2032,2.4502866;2064,3.5968335;2033,2.4987862;2067,3.6787984;2034,2.5459225;2066,3.6517808;2035,2.591794;2069,3.7319648;2036,2.636487;2068,3.7055235;2037,2.6800795;2038,2.7226405;2070,3.75813;2039,2.7642334;2040,2.8049142;2041,2.8447347;2042,2.883742;2043,2.9219792;2044,2.959485;2045,2.9962962;2046,3.0324457;2047,3.0679646;2048,3.1028814;2017,1.4039669;2049,3.1372225;2016,1.2835894;2050,3.1710129;2019,1.6071616;2051,3.2042754;2018,1.5106561;2052,3.2370315;2021,1.777891;2053,3.269301;2020,1.6957277;2054,3.301103;2023,1.9271486;2055,3.3324554;2022,1.8547565;2056,3.3633745;2025,2.060916;2057,3.3938758;2024,1.9957018;2058,3.4239743;2027,2.1828628;2059,3.4536839;2026,2.1231935;2060,3.4830177;2029,2.2954245;2061,3.511988;2028,2.2401965;2062,3.5406067;2031,2.4003136;2063,3.5688848;2030,2.3487413;2002,0.0;2003,0.0;2000,0.0;2001,0.0;2006,0.0;2007,0.0;2004,0.0;2005,0.0;2010,0.0;2011,0.0;2008,0.0;2009,0.0;2014,0.9716192;2015,1.1434985;2012,0.0;2013,0.7354719',1,19,10),(65,'2065,4.6018734;2032,2.7661645;2064,4.5485725;2033,2.829161;2067,4.7085323;2034,2.891144;2066,4.655193;2035,2.9521947;2069,4.8152766;2036,3.012384;2068,4.7618933;2037,3.0717764;2038,3.1304293;2070,4.868685;2039,3.1883943;2040,3.2457187;2041,3.3026245;2042,3.3591385;2043,3.4152858;2044,3.4710896;2045,3.5265713;2046,3.5817504;2047,3.636645;2048,3.6912727;2017,1.5252556;2049,3.7456489;2016,1.3911942;2050,3.7997882;2019,1.7542244;2051,3.8537996;2018,1.6450256;2052,3.9076908;2021,1.9498632;2053,3.9614697;2020,1.8552291;2054,4.0151434;2023,2.1242442;2055,4.0687184;2022,2.0392544;2056,4.1222143;2025,2.2834692;2057,4.1756372;2024,2.2054794;2058,4.228992;2027,2.4312725;2059,4.2822843;2026,2.3586223;2060,4.335519;2029,2.5701258;2061,4.388763;2028,2.5016963;2062,4.442019;2031,2.7020645;2063,4.495288;2030,2.6367576;2002,0.0;2003,0.0;2000,0.0;2001,0.0;2006,0.0;2007,0.0;2004,0.0;2005,0.0;2010,0.0;2011,0.0;2008,0.0;2009,0.0;2014,1.0480964;2015,1.2364326;2012,0.0;2013,0.79147786',1,4,10),(66,'2065,4.609895;2032,2.7662225;2064,4.5561495;2033,2.8292735;2067,4.7174864;2034,2.8913271;2066,4.6636734;2035,2.9524627;2069,4.825221;2036,3.0127509;2068,4.771335;2037,3.0722551;2038,3.1310325;2070,4.8791456;2039,3.1891336;2040,3.2466056;2041,3.30367;2042,3.360353;2043,3.4166799;2044,3.4726732;2045,3.528354;2046,3.5837417;2047,3.6388545;2048,3.693709;2017,1.5252556;2049,3.748321;2016,1.3911942;2050,3.802705;2019,1.7542244;2051,3.8569698;2018,1.6450256;2052,3.9111228;2021,1.9498632;2053,3.965172;2020,1.8552291;2054,4.0191245;2023,2.1242442;2055,4.0729866;2022,2.0392544;2056,4.1267867;2025,2.2834692;2057,4.18053;2024,2.2054794;2058,4.2342215;2027,2.4312725;2059,4.287866;2026,2.3586223;2060,4.341469;2029,2.5701258;2061,4.395097;2028,2.5016963;2062,4.448752;2031,2.7020843;2063,4.5024357;2030,2.6367576;2002,0.0;2003,0.0;2000,0.0;2001,0.0;2006,0.0;2007,0.0;2004,0.0;2005,0.0;2010,0.0;2011,0.0;2008,0.0;2009,0.0;2014,1.0480964;2015,1.2364326;2012,0.0;2013,0.79147786',1,2,10),(67,'2065,4.5061083;2032,2.7372956;2064,4.455568;2033,2.798899;2067,4.6070867;2034,2.8594463;2066,4.556614;2035,2.919019;2069,4.707942;2036,2.9776905;2068,4.657529;2037,3.0355253;2038,3.0925825;2070,4.7583275;2039,3.1489146;2040,3.204569;2041,3.2597663;2042,3.3145342;2043,3.3688982;2044,3.4228816;2045,3.4765065;2046,3.5297928;2047,3.5827591;2048,3.6354227;2017,1.514645;2049,3.6878;2016,1.3818369;2050,3.7399054;2019,1.741213;2051,3.7918465;2018,1.6332029;2052,3.8436315;2021,1.9345032;2053,3.8952684;2020,1.8410414;2054,3.9467645;2023,2.1065333;2055,3.9981265;2022,2.022721;2056,4.0493526;2025,2.2633817;2057,4.1004496;2024,2.1865845;2058,4.1514225;2027,2.4087684;2059,4.202278;2026,2.337332;2060,4.2530217;2029,2.5451577;2061,4.3037205;2028,2.4779665;2062,4.3543763;2031,2.6745434;2063,4.404991;2030,2.6105375;2002,0.0;2003,0.0;2000,0.0;2001,0.0;2006,0.0;2007,0.0;2004,0.0;2005,0.0;2010,0.0;2011,0.0;2008,0.0;2009,0.0;2014,1.0415303;2015,1.2284013;2012,0.0;2013,0.78670204',1,6,10),(68,'2065,4.462537;2032,2.7691429;2064,4.417135;2033,2.8310118;2067,4.552701;2034,2.8916724;2066,4.507723;2035,2.9512184;2069,4.642066;2036,3.0097334;2068,4.59748;2037,3.0672922;2038,3.123961;2070,4.6864676;2039,3.1798;2040,3.2348633;2041,3.2892451;2042,3.342987;2043,3.3961275;2044,3.4487014;2045,3.5007408;2046,3.5522754;2047,3.6033325;2048,3.6539373;2017,1.5299938;2049,3.7041135;2016,1.3954448;2050,3.7538824;2019,1.7598518;2051,3.80327;2018,1.6502197;2052,3.8522947;2021,1.956166;2053,3.900974;2020,1.8612736;2054,3.9493241;2023,2.1306994;2055,3.9973602;2022,2.045687;2056,4.0450883;2025,2.289708;2057,4.092522;2024,2.2118661;2058,4.139674;2027,2.437013;2059,4.186557;2026,2.364643;2060,4.233182;2029,2.5751414;2061,4.2795415;2028,2.5071;2062,4.3256464;2031,2.7059586;2063,4.3715076;2030,2.641338;2002,0.0;2003,0.0;2000,0.0;2001,0.0;2006,0.0;2007,0.0;2004,0.0;2005,0.0;2010,0.0;2011,0.0;2008,0.0;2009,0.0;2014,1.0511903;2015,1.2401465;2012,0.0;2013,0.7937727',1,3,10),(69,'2065,4.4776144;2032,2.7763333;2064,4.4318557;2033,2.8384821;2067,4.5685363;2034,2.899413;2066,4.523172;2035,2.9592216;2069,4.6587167;2036,3.0179913;2068,4.6137156;2037,3.0757978;2038,3.132708;2070,4.7035465;2039,3.188783;2040,3.244077;2041,3.2986844;2042,3.3526478;2043,3.4060054;2044,3.4587927;2045,3.511042;2046,3.5627832;2047,3.614044;2048,3.6648493;2017,1.532664;2049,3.7152233;2016,1.3977991;2050,3.7651877;2019,1.7631273;2051,3.814768;2018,1.6531954;2052,3.8639834;2021,1.9600337;2053,3.9128513;2020,1.8648458;2054,3.9613879;2023,2.1351593;2055,4.0096083;2022,2.0498502;2056,4.0575404;2025,2.2947657;2057,4.105197;2024,2.2166238;2058,4.1525903;2027,2.4426785;2059,4.199732;2026,2.3700035;2060,4.246633;2029,2.5814264;2061,4.293286;2028,2.5130737;2062,4.3397007;2031,2.7128594;2063,4.385887;2030,2.6479373;2002,0.0;2003,0.0;2000,0.0;2001,0.0;2006,0.0;2007,0.0;2004,0.0;2005,0.0;2010,0.0;2011,0.0;2008,0.0;2009,0.0;2014,1.0528418;2015,1.2421669;2012,0.0;2013,0.79497373',1,1,10),(70,'2065,4.3848486;2032,2.7403567;2064,4.34118;2033,2.8009522;2067,4.471494;2034,2.8603294;2066,4.4282837;2035,2.918582;2069,4.5572715;2036,2.975793;2068,4.5144877;2037,3.032036;2038,3.0873778;2070,4.5998535;2039,3.1418781;2040,3.1955907;2041,3.248609;2042,3.3009744;2043,3.3527253;2044,3.403896;2045,3.4545193;2046,3.504624;2047,3.5542376;2048,3.6033852;2017,1.5193503;2049,3.6520903;2016,1.3860589;2050,3.7003744;2019,1.7467985;2051,3.7482631;2018,1.6383595;2052,3.7957747;2021,1.9407562;2053,3.842927;2020,1.8470397;2054,3.889736;2023,2.1129348;2055,3.9362166;2022,2.0291016;2056,3.9823709;2025,2.2695656;2057,4.028212;2024,2.1929166;2058,4.0737543;2027,2.4144557;2059,4.1190085;2026,2.3432984;2060,4.163987;2029,2.5501244;2061,4.208683;2028,2.483319;2062,4.2531066;2031,2.678437;2063,4.2972693;2030,2.6150725;2002,0.0;2003,0.0;2000,0.0;2001,0.0;2006,0.0;2007,0.0;2004,0.0;2005,0.0;2010,0.0;2011,0.0;2008,0.0;2009,0.0;2014,1.0446047;2015,1.2320911;2012,0.0;2013,0.78898305',1,5,10),(71,'2065,0.2829;2032,0.2829;2064,0.2829;2033,0.2829;2067,0.2829;2034,0.2829;2066,0.2829;2035,0.2829;2069,0.2829;2036,0.2829;2068,0.2829;2037,0.2829;2038,0.2829;2070,0.2829;2039,0.2829;2040,0.2829;2041,0.2829;2042,0.2829;2043,0.2829;2044,0.2829;2045,0.2829;2046,0.2829;2047,0.2829;2048,0.2829;2017,0.2829;2049,0.2829;2016,0.2829;2050,0.2829;2019,0.2829;2051,0.2829;2018,0.2829;2052,0.2829;2021,0.2829;2053,0.2829;2020,0.2829;2054,0.2829;2023,0.2829;2055,0.2829;2022,0.2829;2056,0.2829;2025,0.2829;2057,0.2829;2024,0.2829;2058,0.2829;2027,0.2829;2059,0.2829;2026,0.2829;2060,0.2829;2029,0.2829;2061,0.2829;2028,0.2829;2062,0.2829;2031,0.2829;2063,0.2829;2030,0.2829;2002,0.0;2003,0.0;2000,0.0;2001,0.0;2006,0.0;2007,0.0;2004,0.0;2005,0.0;2010,0.0;2011,0.0;2008,0.0;2009,0.0;2014,0.2829;2015,0.2829;2012,0.0;2013,0.2829',1,19,11),(72,'2065,0.29647216;2032,0.28939807;2064,0.2962356;2033,0.28956836;2067,0.29694778;2034,0.28974512;2066,0.2967096;2035,0.2899275;2069,0.2974263;2036,0.29011482;2068,0.2971867;2037,0.29030645;2038,0.29050195;2070,0.2976666;2039,0.29070082;2040,0.29090276;2041,0.29110742;2042,0.29131454;2043,0.29152387;2044,0.29173523;2045,0.2919484;2046,0.29216325;2047,0.29237962;2048,0.29259738;2017,0.2872125;2049,0.29281643;2016,0.28706875;2050,0.29303664;2019,0.2875;2051,0.29325795;2018,0.28735626;2052,0.29348028;2021,0.2877875;2053,0.29370356;2020,0.28764376;2054,0.29392767;2023,0.288075;2055,0.29415262;2022,0.28793126;2056,0.2943791;2025,0.2883625;2057,0.294607;2024,0.28821874;2058,0.29483625;2027,0.28865;2059,0.29506674;2026,0.28850624;2060,0.29529843;2029,0.2889375;2061,0.2955312;2028,0.28879374;2062,0.29576504;2031,0.2892353;2063,0.29599985;2030,0.28908125;2002,0.0;2003,0.0;2000,0.0;2001,0.0;2006,0.0;2007,0.0;2004,0.0;2005,0.0;2010,0.0;2011,0.0;2008,0.0;2009,0.0;2014,0.28678125;2015,0.286925;2012,0.0;2013,0.2866375',1,4,11),(73,'2065,0.29690614;2032,0.28940326;2064,0.29665023;2033,0.2895782;2067,0.29742137;2034,0.2897608;2066,0.2971632;2035,0.28995;2069,0.2979408;2036,0.290145;2068,0.2976806;2037,0.2903451;2038,0.29054973;2070,0.29820195;2039,0.29075834;2040,0.29097053;2041,0.29118595;2042,0.29140425;2043,0.29162517;2044,0.29184845;2045,0.29207388;2046,0.29230124;2047,0.29253042;2048,0.29276124;2017,0.2872125;2049,0.29299358;2016,0.28706875;2050,0.29322731;2019,0.2875;2051,0.2934623;2018,0.28735626;2052,0.2936985;2021,0.2877875;2053,0.2939358;2020,0.28764376;2054,0.2941741;2023,0.288075;2055,0.29441336;2022,0.28793126;2056,0.29465482;2025,0.2883625;2057,0.29489833;2024,0.28821874;2058,0.29514375;2027,0.28865;2059,0.29539096;2026,0.28850624;2060,0.29563984;2029,0.2889375;2061,0.2958903;2028,0.28879374;2062,0.29614225;2031,0.2892371;2063,0.2963956;2030,0.28908125;2002,0.0;2003,0.0;2000,0.0;2001,0.0;2006,0.0;2007,0.0;2004,0.0;2005,0.0;2010,0.0;2011,0.0;2008,0.0;2009,0.0;2014,0.28678125;2015,0.286925;2012,0.0;2013,0.2866375',1,2,11),(74,'2065,0.291244;2032,0.28680196;2064,0.29110038;2033,0.28690693;2067,0.29153126;2034,0.28701648;2066,0.29138765;2035,0.28713;2069,0.29181856;2036,0.287247;2068,0.2916749;2037,0.28736705;2038,0.28748983;2070,0.2919622;2039,0.287615;2040,0.28774232;2041,0.28787157;2042,0.28800255;2043,0.2881351;2044,0.28826907;2045,0.28840432;2046,0.28854075;2047,0.28867826;2048,0.28881675;2017,0.2854875;2049,0.28895614;2016,0.28540125;2050,0.2890964;2019,0.28566;2051,0.28923738;2018,0.28557375;2052,0.2893791;2021,0.2858325;2053,0.2895215;2020,0.28574625;2054,0.28966448;2023,0.286005;2055,0.28980803;2022,0.28591874;2056,0.2899516;2025,0.2861775;2057,0.29009518;2024,0.28609124;2058,0.29023874;2027,0.28635;2059,0.29038233;2026,0.28626376;2060,0.29052594;2029,0.2865225;2061,0.29066953;2028,0.28643626;2062,0.29081315;2031,0.28670228;2063,0.29095677;2030,0.28660876;2002,0.0;2003,0.0;2000,0.0;2001,0.0;2006,0.0;2007,0.0;2004,0.0;2005,0.0;2010,0.0;2011,0.0;2008,0.0;2009,0.0;2014,0.28522876;2015,0.285315;2012,0.0;2013,0.2851425',1,6,11),(75,'2065,0.29436204;2032,0.2893722;2064,0.294212;2033,0.28951907;2067,0.29466137;2034,0.2896667;2066,0.2945118;2035,0.289815;2069,0.29495987;2036,0.28996387;2068,0.2948107;2037,0.29011327;2038,0.2902631;2070,0.29510882;2039,0.29041332;2040,0.29056394;2041,0.29071483;2042,0.29086605;2043,0.2910175;2044,0.29116923;2045,0.29132113;2046,0.29147324;2047,0.29162553;2048,0.291778;2017,0.2872125;2049,0.29193062;2016,0.28706875;2050,0.29208335;2019,0.2875;2051,0.29223624;2018,0.28735626;2052,0.2923892;2021,0.2877875;2053,0.29254234;2020,0.28764376;2054,0.29269552;2023,0.288075;2055,0.29284883;2022,0.28793126;2056,0.2930017;2025,0.2883625;2057,0.29315418;2024,0.28821874;2058,0.29330626;2027,0.28865;2059,0.29345798;2026,0.28850624;2060,0.29360938;2029,0.2889375;2061,0.29376045;2028,0.28879374;2062,0.29391125;2031,0.2892262;2063,0.29406175;2030,0.28908125;2002,0.0;2003,0.0;2000,0.0;2001,0.0;2006,0.0;2007,0.0;2004,0.0;2005,0.0;2010,0.0;2011,0.0;2008,0.0;2009,0.0;2014,0.28678125;2015,0.286925;2012,0.0;2013,0.2866375',1,3,11),(76,'2065,0.2952012;2032,0.29001477;2064,0.29503968;2033,0.2901721;2067,0.29552543;2034,0.29032925;2066,0.29536313;2035,0.29048625;2069,0.2958511;2036,0.2906431;2068,0.2956881;2037,0.2907998;2038,0.2909564;2070,0.29601446;2039,0.29111293;2040,0.29126933;2041,0.29142568;2042,0.29158193;2043,0.29173812;2044,0.29189426;2045,0.29205033;2046,0.29220638;2047,0.29236236;2048,0.29251832;2017,0.28764376;2049,0.2926742;2016,0.28748563;2050,0.2928301;2019,0.28796;2051,0.29298595;2018,0.28780186;2052,0.29314175;2021,0.28827626;2053,0.29329753;2020,0.28811812;2054,0.2934533;2023,0.2885925;2055,0.29360905;2022,0.2884344;2056,0.29376554;2025,0.28890875;2057,0.29392275;2024,0.28875062;2058,0.29408062;2027,0.289225;2059,0.29423913;2026,0.28906688;2060,0.2943982;2029,0.28954124;2061,0.29455784;2028,0.2893831;2062,0.29471797;2031,0.2898572;2063,0.2948786;2030,0.28969938;2002,0.0;2003,0.0;2000,0.0;2001,0.0;2006,0.0;2007,0.0;2004,0.0;2005,0.0;2010,0.0;2011,0.0;2008,0.0;2009,0.0;2014,0.28716937;2015,0.2873275;2012,0.0;2013,0.28701124',1,1,11),(77,'2065,0.29000178;2032,0.28678644;2064,0.28990614;2033,0.28687736;2067,0.29019204;2034,0.28696942;2066,0.2900971;2035,0.2870625;2069,0.29038104;2036,0.28715643;2068,0.2902867;2037,0.28725114;2038,0.2873465;2070,0.29047513;2039,0.2874425;2040,0.287539;2041,0.287636;2042,0.28773344;2043,0.28783128;2044,0.28792945;2045,0.28802794;2046,0.28812674;2047,0.2882258;2048,0.28832513;2017,0.2854875;2049,0.28842467;2016,0.28540125;2050,0.28852442;2019,0.28566;2051,0.28862435;2018,0.28557375;2052,0.28872445;2021,0.2858325;2053,0.28882474;2020,0.28574625;2054,0.28892517;2023,0.286005;2055,0.28902575;2022,0.28591874;2056,0.28912568;2025,0.2861775;2057,0.289225;2024,0.28609124;2058,0.28932375;2027,0.28635;2059,0.28942198;2026,0.28626376;2060,0.2895197;2029,0.2865225;2061,0.28961694;2028,0.28643626;2062,0.28971374;2031,0.28669682;2063,0.28981015;2030,0.28660876;2002,0.0;2003,0.0;2000,0.0;2001,0.0;2006,0.0;2007,0.0;2004,0.0;2005,0.0;2010,0.0;2011,0.0;2008,0.0;2009,0.0;2014,0.28522876;2015,0.285315;2012,0.0;2013,0.2851425',1,5,11),(78,'2065,3.6504557;2032,3.6506674;2064,3.650458;2033,3.6506512;2067,3.650451;2034,3.6506364;2066,3.6504533;2035,3.650623;2069,3.6504467;2036,3.6506107;2068,3.6504488;2037,3.6505995;2038,3.650589;2070,3.6504447;2039,3.6505792;2040,3.6505702;2041,3.6505618;2042,3.650554;2043,3.6505468;2044,3.6505399;2045,3.6505334;2046,3.6505275;2047,3.6505218;2048,3.6505163;2017,3.6516864;2049,3.6505113;2016,3.6520257;2050,3.6505063;2019,3.6512983;2051,3.6505017;2018,3.6514602;2052,3.6504974;2021,3.6510828;2053,3.6504931;2020,3.651177;2054,3.6504893;2023,3.6509454;2055,3.6504855;2022,3.6510072;2056,3.650482;2025,3.6508503;2057,3.6504786;2024,3.650894;2058,3.6504753;2027,3.6507807;2059,3.6504722;2026,3.650813;2060,3.650469;2029,3.6507273;2061,3.6504662;2028,3.6507523;2062,3.6504633;2031,3.6506853;2063,3.6504607;2030,3.650705;2002,0.0;2003,0.0;2000,0.0;2001,0.0;2006,0.0;2007,0.0;2004,0.0;2005,0.0;2010,0.0;2011,0.0;2008,0.0;2009,0.0;2014,3.6537206;2015,3.652591;2012,0.0;2013,3.6570992',1,19,12),(79,'2065,3.483342;2032,3.5686963;2064,3.4861262;2033,3.5665817;2067,3.4777584;2034,3.5643916;2066,3.4805524;2035,3.5621362;2069,3.4721587;2036,3.5598242;2068,3.4749603;2037,3.5574632;2038,3.5550592;2070,3.469354;2039,3.5526175;2040,3.5501428;2041,3.5476387;2042,3.5451088;2043,3.542556;2044,3.5399828;2045,3.537392;2046,3.5347848;2047,3.5321634;2048,3.5295296;2017,3.5968564;2049,3.5268843;2016,3.5989919;2050,3.524229;2019,3.5928776;2051,3.521565;2018,3.594834;2052,3.518893;2021,3.5890763;2053,3.5162141;2020,3.5909626;2054,3.513529;2023,3.5853596;2055,3.5108385;2022,3.5872102;2056,3.5081341;2025,3.5816917;2057,3.5054169;2024,3.583521;2058,3.5026882;2027,3.5780559;2059,3.4999487;2026,3.5798705;2060,3.4972;2029,3.5744436;2061,3.4944425;2028,3.5762472;2062,3.4916773;2031,3.570722;2063,3.488905;2030,3.5726442;2002,0.0;2003,0.0;2000,0.0;2001,0.0;2006,0.0;2007,0.0;2004,0.0;2005,0.0;2010,0.0;2011,0.0;2008,0.0;2009,0.0;2014,3.6042717;2015,3.6013525;2012,0.0;2013,3.6094139',1,4,12),(80,'2065,3.4782505;2032,3.5686324;2064,3.4812531;2033,3.5664604;2067,3.4722207;2034,3.5641987;2066,3.4752395;2035,3.5618598;2069,3.4661632;2036,3.559454;2068,3.469195;2037,3.55699;2038,3.5544748;2070,3.4631257;2039,3.551915;2040,3.549316;2041,3.546682;2042,3.5440176;2043,3.5413258;2044,3.5386097;2045,3.5358725;2046,3.5331159;2047,3.5303423;2048,3.5275538;2017,3.5968564;2049,3.5247517;2016,3.5989919;2050,3.5219376;2019,3.5928776;2051,3.5191128;2018,3.594834;2052,3.5162785;2021,3.5890763;2053,3.5134358;2020,3.5909626;2054,3.5105858;2023,3.5853596;2055,3.507729;2022,3.5872102;2056,3.5048513;2025,3.5816917;2057,3.5019538;2024,3.583521;2058,3.499039;2027,3.5780559;2059,3.4961076;2026,3.5798705;2060,3.4931614;2029,3.5744436;2061,3.4902017;2028,3.5762472;2062,3.4872298;2031,3.5706997;2063,3.4842467;2030,3.5726442;2002,0.0;2003,0.0;2000,0.0;2001,0.0;2006,0.0;2007,0.0;2004,0.0;2005,0.0;2010,0.0;2011,0.0;2008,0.0;2009,0.0;2014,3.6042717;2015,3.6013525;2012,0.0;2013,3.6094139',1,2,12),(81,'2065,3.5458717;2032,3.6009998;2064,3.5476236;2033,3.5996664;2067,3.5423734;2034,3.598278;2066,3.5441217;2035,3.596842;2069,3.5388818;2036,3.5953648;2068,3.5406268;2037,3.5938516;2038,3.5923066;2070,3.5371387;2039,3.5907338;2040,3.589136;2041,3.5875163;2042,3.5858772;2043,3.5842204;2044,3.582548;2045,3.5808616;2046,3.5791624;2047,3.577452;2048,3.5757313;2017,3.6185896;2049,3.574001;2016,3.6200194;2050,3.5722628;2019,3.6160202;2051,3.5705168;2018,3.6172724;2052,3.568764;2021,3.6136243;2053,3.567005;2020,3.6148086;2054,3.5652404;2023,3.611309;2055,3.5634706;2022,3.6124597;2056,3.5617027;2025,3.6090384;2057,3.5599365;2024,3.6101694;2058,3.5581722;2027,3.6067953;2059,3.5564096;2026,3.607914;2060,3.5546489;2029,3.6045713;2061,3.5528898;2028,3.6056814;2062,3.5511327;2031,3.6022696;2063,3.5493772;2030,3.6034646;2002,0.0;2003,0.0;2000,0.0;2001,0.0;2006,0.0;2007,0.0;2004,0.0;2005,0.0;2010,0.0;2011,0.0;2008,0.0;2009,0.0;2014,3.6238897;2015,3.6216743;2012,0.0;2013,3.6283379',1,6,12),(82,'2065,3.5083122;2032,3.5690153;2064,3.5101035;2033,3.567189;2067,3.5047438;2034,3.5653565;2066,3.5065258;2035,3.563519;2069,3.5011928;2036,3.5616775;2068,3.5029662;2037,3.5598323;2038,3.5579846;2070,3.4994235;2039,3.5561345;2040,3.5542827;2041,3.5524294;2042,3.550575;2043,3.54872;2044,3.5468645;2045,3.5450084;2046,3.5431526;2047,3.5412967;2048,3.539441;2017,3.5968564;2049,3.537586;2016,3.5989919;2050,3.5357313;2019,3.5928776;2051,3.5338771;2018,3.594834;2052,3.532024;2021,3.5890763;2053,3.5301714;2020,3.5909626;2054,3.5283196;2023,3.5853596;2055,3.526469;2022,3.5872102;2056,3.5246258;2025,3.5816917;2057,3.5227892;2024,3.583521;2058,3.5209596;2027,3.5780559;2059,3.519136;2026,3.5798705;2060,3.5173185;2029,3.5744436;2061,3.5155067;2028,3.5762472;2062,3.5137005;2031,3.5708342;2063,3.5118995;2030,3.5726442;2002,0.0;2003,0.0;2000,0.0;2001,0.0;2006,0.0;2007,0.0;2004,0.0;2005,0.0;2010,0.0;2011,0.0;2008,0.0;2009,0.0;2014,3.6042717;2015,3.6013525;2012,0.0;2013,3.6094139',1,3,12),(83,'2065,3.4983392;2032,3.5611076;2064,3.5002565;2033,3.559161;2067,3.4944966;2034,3.55722;2066,3.496419;2035,3.5552845;2069,3.4906454;2036,3.5533538;2068,3.492572;2037,3.5514278;2038,3.5495062;2070,3.4887173;2039,3.5475886;2040,3.5456748;2041,3.5437646;2042,3.541858;2043,3.5399544;2044,3.5380542;2045,3.5361571;2046,3.5342631;2047,3.5323718;2048,3.5304835;2017,3.5914636;2049,3.5285978;2016,3.5937731;2050,3.5267148;2019,3.5871382;2051,3.5248344;2018,3.589268;2052,3.5229566;2021,3.5829914;2053,3.5210814;2020,3.5850503;2054,3.5192087;2023,3.5789304;2055,3.5173385;2022,3.580953;2056,3.5154612;2025,3.5749197;2057,3.5135775;2024,3.57692;2058,3.5116882;2027,3.5709424;2059,3.5097935;2026,3.5729275;2060,3.507894;2029,3.5669901;2061,3.5059903;2028,3.5689635;2062,3.5040824;2031,3.563061;2063,3.5021713;2030,3.5650215;2002,0.0;2003,0.0;2000,0.0;2001,0.0;2006,0.0;2007,0.0;2004,0.0;2005,0.0;2010,0.0;2011,0.0;2008,0.0;2009,0.0;2014,3.5994003;2015,3.5963075;2012,0.0;2013,3.6047137',1,1,12),(84,'2065,3.5610604;2032,3.6011949;2064,3.5622377;2033,3.6000373;2067,3.5587213;2034,3.598868;2066,3.5598884;2035,3.5976877;2069,3.5564008;2036,3.5964987;2068,3.5575588;2037,3.5953019;2038,3.594098;2070,3.5552468;2039,3.5928886;2040,3.5916736;2041,3.5904543;2042,3.5892308;2043,3.5880036;2044,3.5867734;2045,3.5855405;2046,3.5843053;2047,3.5830677;2048,3.581828;2017,3.6185896;2049,3.5805871;2016,3.6200194;2050,3.5793445;2019,3.6160202;2051,3.5781007;2018,3.6172724;2052,3.5768557;2021,3.6136243;2053,3.5756097;2020,3.6148086;2054,3.5743628;2023,3.611309;2055,3.5731153;2022,3.6124597;2056,3.571877;2025,3.6090384;2057,3.570647;2024,3.6101694;2058,3.569425;2027,3.6067953;2059,3.5682106;2026,3.607914;2060,3.5670033;2029,3.6045713;2061,3.5658028;2028,3.6056814;2062,3.5646086;2031,3.602338;2063,3.5634203;2030,3.6034646;2002,0.0;2003,0.0;2000,0.0;2001,0.0;2006,0.0;2007,0.0;2004,0.0;2005,0.0;2010,0.0;2011,0.0;2008,0.0;2009,0.0;2014,3.6238897;2015,3.6216743;2012,0.0;2013,3.6283379',1,5,12),(85,'2065,39.834473;2032,39.834473;2064,39.834473;2033,39.834473;2067,39.834473;2034,39.834473;2066,39.834473;2035,39.834473;2069,39.834473;2036,39.834473;2068,39.834473;2037,39.834473;2038,39.834473;2070,39.834473;2039,39.834473;2040,39.834473;2041,39.834473;2042,39.834473;2043,39.834473;2044,39.834473;2045,39.834473;2046,39.834473;2047,39.834473;2048,39.834473;2017,39.834473;2049,39.834473;2016,39.834473;2050,39.834473;2019,39.834473;2051,39.834473;2018,39.834473;2052,39.834473;2021,39.834473;2053,39.834473;2020,39.834473;2054,39.834473;2023,39.834473;2055,39.834473;2022,39.834473;2056,39.834473;2025,39.834473;2057,39.834473;2024,39.834473;2058,39.834473;2027,39.834473;2059,39.834473;2026,39.834473;2060,39.834473;2029,39.834473;2061,39.834473;2028,39.834473;2062,39.834473;2031,39.834473;2063,39.834473;2030,39.834473;2002,0.0;2003,0.0;2000,0.0;2001,0.0;2006,0.0;2007,0.0;2004,0.0;2005,0.0;2010,0.0;2011,0.0;2008,0.0;2009,0.0;2014,39.834473;2015,39.834473;2012,0.0;2013,39.834473',1,19,13),(86,'2065,39.56213;2032,39.71949;2064,39.56788;2033,39.716076;2067,39.55047;2034,39.712513;2066,39.556324;2035,39.708813;2069,39.53861;2036,39.70499;2068,39.544563;2037,39.701057;2038,39.697018;2070,39.532604;2039,39.692883;2040,39.68866;2041,39.68435;2042,39.679962;2043,39.6755;2044,39.670967;2045,39.666363;2046,39.661697;2047,39.656967;2048,39.652176;2017,39.76155;2049,39.647327;2016,39.7642;2050,39.642426;2019,39.756207;2051,39.637466;2018,39.758884;2052,39.632454;2021,39.750805;2053,39.62739;2020,39.753513;2054,39.622276;2023,39.745346;2055,39.617115;2022,39.74808;2056,39.611885;2025,39.73983;2057,39.606594;2024,39.742596;2058,39.60124;2027,39.734257;2059,39.59582;2026,39.73705;2060,39.590347;2029,39.728626;2061,39.584812;2028,39.73145;2062,39.579224;2031,39.722736;2063,39.573578;2030,39.725792;2002,0.0;2003,0.0;2000,0.0;2001,0.0;2006,0.0;2007,0.0;2004,0.0;2005,0.0;2010,0.0;2011,0.0;2008,0.0;2009,0.0;2014,39.769455;2015,39.766834;2012,0.0;2013,39.77206',1,4,13),(87,'2065,39.551495;2032,39.719387;2064,39.557777;2033,39.715878;2067,39.53873;2034,39.712196;2066,39.545147;2035,39.708355;2069,39.525715;2036,39.704372;2068,39.532253;2037,39.70026;2038,39.696026;2070,39.51911;2039,39.691685;2040,39.687237;2041,39.68269;2042,39.678055;2043,39.673332;2044,39.668526;2045,39.663643;2046,39.658684;2047,39.653652;2048,39.648552;2017,39.76155;2049,39.643387;2016,39.7642;2050,39.638153;2019,39.756207;2051,39.632862;2018,39.758884;2052,39.627506;2021,39.750805;2053,39.622093;2020,39.753513;2054,39.61662;2023,39.745346;2055,39.61109;2022,39.74808;2056,39.60548;2025,39.73983;2057,39.59978;2024,39.742596;2058,39.594006;2027,39.734257;2059,39.58815;2026,39.73705;2060,39.582222;2029,39.728626;2061,39.576218;2028,39.73145;2062,39.57014;2031,39.7227;2063,39.563995;2030,39.725792;2002,0.0;2003,0.0;2000,0.0;2001,0.0;2006,0.0;2007,0.0;2004,0.0;2005,0.0;2010,0.0;2011,0.0;2008,0.0;2009,0.0;2014,39.769455;2015,39.766834;2012,0.0;2013,39.77206',1,2,13),(88,'2065,39.68146;2032,39.769077;2064,39.684498;2033,39.767166;2067,39.675343;2034,39.76516;2066,39.678406;2035,39.763073;2069,39.66917;2036,39.76091;2068,39.672264;2037,39.758686;2038,39.756397;2070,39.666065;2039,39.75405;2040,39.75166;2041,39.749214;2042,39.746727;2043,39.744198;2044,39.741627;2045,39.73902;2046,39.73638;2047,39.733707;2048,39.731;2017,39.79237;2049,39.72826;2016,39.793854;2050,39.72549;2019,39.789387;2051,39.722694;2018,39.790882;2052,39.71987;2021,39.786377;2053,39.71702;2020,39.787884;2054,39.71414;2023,39.783348;2055,39.71124;2022,39.784866;2056,39.708324;2025,39.7803;2057,39.705395;2024,39.781826;2058,39.70245;2027,39.77723;2059,39.699493;2026,39.778767;2060,39.69652;2029,39.774136;2061,39.693535;2028,39.775684;2062,39.690536;2031,39.77089;2063,39.687523;2030,39.77258;2002,0.0;2003,0.0;2000,0.0;2001,0.0;2006,0.0;2007,0.0;2004,0.0;2005,0.0;2010,0.0;2011,0.0;2008,0.0;2009,0.0;2014,39.796806;2015,39.795334;2012,0.0;2013,39.798275',1,6,13),(89,'2065,39.61228;2032,39.72001;2064,39.615746;2033,39.717068;2067,39.605328;2034,39.714096;2066,39.608807;2035,39.711098;2069,39.59834;2036,39.708073;2068,39.601837;2037,39.705025;2038,39.70195;2070,39.59483;2039,39.698853;2040,39.695732;2041,39.692593;2042,39.68943;2043,39.686245;2044,39.683044;2045,39.67982;2046,39.676582;2047,39.67332;2048,39.670044;2017,39.76155;2049,39.666748;2016,39.7642;2050,39.663437;2019,39.756207;2051,39.660103;2018,39.758884;2052,39.656757;2021,39.750805;2053,39.65339;2020,39.753513;2054,39.65001;2023,39.745346;2055,39.64661;2022,39.74808;2056,39.643204;2025,39.73983;2057,39.639793;2024,39.742596;2058,39.63638;2027,39.734257;2059,39.632957;2026,39.73705;2060,39.62953;2029,39.728626;2061,39.626095;2028,39.73145;2062,39.622654;2031,39.722916;2063,39.6192;2030,39.725792;2002,0.0;2003,0.0;2000,0.0;2001,0.0;2006,0.0;2007,0.0;2004,0.0;2005,0.0;2010,0.0;2011,0.0;2008,0.0;2009,0.0;2014,39.769455;2015,39.766834;2012,0.0;2013,39.77206',1,3,13),(90,'2065,39.592648;2032,39.707035;2064,39.59646;2033,39.703815;2067,39.584953;2034,39.70059;2066,39.588814;2035,39.697342;2069,39.57716;2036,39.694084;2068,39.581066;2037,39.690815;2038,39.68753;2070,39.573227;2039,39.684235;2040,39.680923;2041,39.677597;2042,39.67426;2043,39.670902;2044,39.667534;2045,39.664154;2046,39.660755;2047,39.657345;2048,39.65392;2017,39.753513;2049,39.65048;2016,39.756474;2050,39.647026;2019,39.747536;2051,39.643555;2018,39.750534;2052,39.64007;2021,39.74149;2053,39.636574;2020,39.744522;2054,39.633064;2023,39.735374;2055,39.62954;2022,39.73844;2056,39.62598;2025,39.72919;2057,39.62239;2024,39.732292;2058,39.61877;2027,39.722942;2059,39.61512;2026,39.726074;2060,39.611443;2029,39.71662;2061,39.60774;2028,39.71979;2062,39.604004;2031,39.710243;2063,39.600246;2030,39.713436;2002,0.0;2003,0.0;2000,0.0;2001,0.0;2006,0.0;2007,0.0;2004,0.0;2005,0.0;2010,0.0;2011,0.0;2008,0.0;2009,0.0;2014,39.762344;2015,39.75942;2012,0.0;2013,39.765255',1,1,13),(91,'2065,39.707302;2032,39.76936;2064,39.709248;2033,39.767704;2067,39.703407;2034,39.76602;2066,39.705353;2035,39.764313;2069,39.699516;2036,39.762585;2068,39.70146;2037,39.760834;2038,39.759068;2070,39.697575;2039,39.75728;2040,39.755478;2041,39.75366;2042,39.751823;2043,39.749977;2044,39.748116;2045,39.746243;2046,39.744358;2047,39.74246;2048,39.74055;2017,39.79237;2049,39.73863;2016,39.793854;2050,39.7367;2019,39.789387;2051,39.734756;2018,39.790882;2052,39.732803;2021,39.786377;2053,39.730843;2020,39.787884;2054,39.72887;2023,39.783348;2055,39.726887;2022,39.784866;2056,39.72491;2025,39.7803;2057,39.722942;2024,39.781826;2058,39.720974;2027,39.77723;2059,39.719013;2026,39.778767;2060,39.717056;2029,39.774136;2061,39.7151;2028,39.775684;2062,39.713146;2031,39.77099;2063,39.711197;2030,39.77258;2002,0.0;2003,0.0;2000,0.0;2001,0.0;2006,0.0;2007,0.0;2004,0.0;2005,0.0;2010,0.0;2011,0.0;2008,0.0;2009,0.0;2014,39.796806;2015,39.795334;2012,0.0;2013,39.798275',1,5,13),(92,'2065,43.48493;2032,43.48514;2064,43.484932;2033,43.485123;2067,43.484924;2034,43.485107;2066,43.484924;2035,43.485096;2069,43.48492;2036,43.485085;2068,43.48492;2037,43.485073;2038,43.48506;2070,43.484917;2039,43.48505;2040,43.485043;2041,43.485035;2042,43.485027;2043,43.48502;2044,43.485012;2045,43.485004;2046,43.485;2047,43.484993;2048,43.48499;2017,43.48616;2049,43.484985;2016,43.4865;2050,43.484978;2019,43.48577;2051,43.484974;2018,43.48593;2052,43.48497;2021,43.485554;2053,43.484966;2020,43.48565;2054,43.484962;2023,43.485416;2055,43.48496;2022,43.48548;2056,43.484955;2025,43.485325;2057,43.48495;2024,43.485367;2058,43.484947;2027,43.485252;2059,43.484943;2026,43.485287;2060,43.484943;2029,43.4852;2061,43.48494;2028,43.485226;2062,43.484936;2031,43.485157;2063,43.484932;2030,43.485176;2002,0.0;2003,0.0;2000,0.0;2001,0.0;2006,0.0;2007,0.0;2004,0.0;2005,0.0;2010,0.0;2011,0.0;2008,0.0;2009,0.0;2014,43.488194;2015,43.487064;2012,0.0;2013,43.491573',1,19,14),(93,'2065,43.04547;2032,43.28819;2064,43.05401;2033,43.282658;2067,43.02823;2034,43.276905;2066,43.036877;2035,43.27095;2069,43.010765;2036,43.264816;2068,43.019524;2037,43.25852;2038,43.252075;2070,43.001957;2039,43.2455;2040,43.2388;2041,43.231987;2042,43.22507;2043,43.218056;2044,43.21095;2045,43.203754;2046,43.19648;2047,43.18913;2048,43.181705;2017,43.358406;2049,43.174213;2016,43.36319;2050,43.166653;2019,43.349083;2051,43.15903;2018,43.353718;2052,43.15135;2021,43.33988;2053,43.143604;2020,43.344475;2054,43.135807;2023,43.330704;2055,43.127953;2022,43.335293;2056,43.12002;2025,43.32152;2057,43.11201;2024,43.326115;2058,43.103928;2027,43.312313;2059,43.09577;2026,43.31692;2060,43.087547;2029,43.30307;2061,43.079258;2028,43.307697;2062,43.0709;2031,43.293457;2063,43.062485;2030,43.298435;2002,0.0;2003,0.0;2000,0.0;2001,0.0;2006,0.0;2007,0.0;2004,0.0;2005,0.0;2010,0.0;2011,0.0;2008,0.0;2009,0.0;2014,43.373726;2015,43.368187;2012,0.0;2013,43.381474',1,4,14),(94,'2065,43.029747;2032,43.28802;2064,43.039032;2033,43.28234;2067,43.010952;2034,43.276394;2066,43.020386;2035,43.270214;2069,42.99188;2036,43.26383;2068,43.00145;2037,43.257248;2038,43.250504;2070,42.98224;2039,43.2436;2040,43.23655;2041,43.229374;2042,43.222073;2043,43.214657;2044,43.207134;2045,43.199512;2046,43.1918;2047,43.183994;2048,43.176105;2017,43.358406;2049,43.168137;2016,43.36319;2050,43.16009;2019,43.349083;2051,43.151974;2018,43.353718;2052,43.143784;2021,43.33988;2053,43.13553;2020,43.344475;2054,43.127205;2023,43.330704;2055,43.11882;2022,43.335293;2056,43.11033;2025,43.32152;2057,43.101738;2024,43.326115;2058,43.093044;2027,43.312313;2059,43.08426;2026,43.31692;2060,43.075382;2029,43.30307;2061,43.066418;2028,43.307697;2062,43.05737;2031,43.2934;2063,43.04824;2030,43.298435;2002,0.0;2003,0.0;2000,0.0;2001,0.0;2006,0.0;2007,0.0;2004,0.0;2005,0.0;2010,0.0;2011,0.0;2008,0.0;2009,0.0;2014,43.373726;2015,43.368187;2012,0.0;2013,43.381474',1,2,14),(95,'2065,43.227333;2032,43.37008;2064,43.232124;2033,43.366833;2067,43.217716;2034,43.363438;2066,43.22253;2035,43.359913;2069,43.208054;2036,43.356277;2068,43.21289;2037,43.352535;2038,43.3487;2070,43.203205;2039,43.344788;2040,43.340794;2041,43.33673;2042,43.332603;2043,43.32842;2044,43.324177;2045,43.319885;2046,43.315544;2047,43.311157;2048,43.30673;2017,43.41096;2049,43.30226;2016,43.413876;2050,43.297752;2019,43.405407;2051,43.293213;2018,43.408154;2052,43.288635;2021,43.4;2053,43.284023;2020,43.402695;2054,43.27938;2023,43.394657;2055,43.27471;2022,43.397327;2056,43.270027;2025,43.38934;2057,43.26533;2024,43.392;2058,43.26062;2027,43.38402;2059,43.2559;2026,43.38668;2060,43.251167;2029,43.378708;2061,43.246426;2028,43.381367;2062,43.24167;2031,43.373158;2063,43.2369;2030,43.376045;2002,0.0;2003,0.0;2000,0.0;2001,0.0;2006,0.0;2007,0.0;2004,0.0;2005,0.0;2010,0.0;2011,0.0;2008,0.0;2009,0.0;2014,43.420696;2015,43.417007;2012,0.0;2013,43.426613',1,6,14),(96,'2065,43.120594;2032,43.289024;2064,43.12585;2033,43.284256;2067,43.11007;2034,43.279453;2066,43.115334;2035,43.274616;2069,43.09953;2036,43.26975;2068,43.1048;2037,43.264854;2038,43.259933;2070,43.094254;2039,43.254986;2040,43.250015;2041,43.24502;2042,43.240005;2043,43.234966;2044,43.229908;2045,43.22483;2046,43.219734;2047,43.21462;2048,43.209484;2017,43.358406;2049,43.204334;2016,43.36319;2050,43.199165;2019,43.349083;2051,43.19398;2018,43.353718;2052,43.188778;2021,43.33988;2053,43.183563;2020,43.344475;2054,43.17833;2023,43.330704;2055,43.173077;2022,43.335293;2056,43.16783;2025,43.32152;2057,43.162586;2024,43.326115;2058,43.15734;2027,43.312313;2059,43.152096;2026,43.31692;2060,43.146847;2029,43.30307;2061,43.1416;2028,43.307697;2062,43.136353;2031,43.29375;2063,43.131104;2030,43.298435;2002,0.0;2003,0.0;2000,0.0;2001,0.0;2006,0.0;2007,0.0;2004,0.0;2005,0.0;2010,0.0;2011,0.0;2008,0.0;2009,0.0;2014,43.373726;2015,43.368187;2012,0.0;2013,43.381474',1,3,14),(97,'2065,43.09099;2032,43.268143;2064,43.096718;2033,43.262978;2067,43.07945;2034,43.257805;2066,43.08523;2035,43.25263;2069,43.067806;2036,43.24744;2068,43.07364;2037,43.242245;2038,43.237038;2070,43.061943;2039,43.231823;2040,43.226597;2041,43.221363;2042,43.216114;2043,43.210857;2044,43.20559;2045,43.20031;2046,43.19502;2047,43.189716;2048,43.184402;2017,43.34498;2049,43.179077;2016,43.350246;2050,43.17374;2019,43.334675;2051,43.168392;2018,43.3398;2052,43.16303;2021,43.324482;2053,43.157658;2020,43.32957;2054,43.15227;2023,43.314304;2055,43.146877;2022,43.319393;2056,43.14144;2025,43.30411;2057,43.135967;2024,43.30921;2058,43.13046;2027,43.293884;2059,43.124916;2026,43.299004;2060,43.11934;2029,43.28361;2061,43.113728;2028,43.288754;2062,43.108086;2031,43.273304;2063,43.102417;2030,43.278458;2002,0.0;2003,0.0;2000,0.0;2001,0.0;2006,0.0;2007,0.0;2004,0.0;2005,0.0;2010,0.0;2011,0.0;2008,0.0;2009,0.0;2014,43.361748;2015,43.35573;2012,0.0;2013,43.36997',1,1,14),(98,'2065,43.26836;2032,43.370556;2064,43.271484;2033,43.36774;2067,43.26213;2034,43.36489;2066,43.265244;2035,43.362003;2069,43.25592;2036,43.359085;2068,43.25902;2037,43.356136;2038,43.353165;2070,43.25282;2039,43.35017;2040,43.34715;2041,43.344112;2042,43.341057;2043,43.337982;2044,43.33489;2045,43.331783;2046,43.328663;2047,43.325527;2048,43.322376;2017,43.41096;2049,43.319218;2016,43.413876;2050,43.316044;2019,43.405407;2051,43.312855;2018,43.408154;2052,43.309658;2021,43.4;2053,43.30645;2020,43.402695;2054,43.30323;2023,43.394657;2055,43.300003;2022,43.397327;2056,43.296787;2025,43.38934;2057,43.293587;2024,43.392;2058,43.2904;2027,43.38402;2059,43.287224;2026,43.38668;2060,43.284058;2029,43.378708;2061,43.280903;2028,43.381367;2062,43.277756;2031,43.373325;2063,43.274616;2030,43.376045;2002,0.0;2003,0.0;2000,0.0;2001,0.0;2006,0.0;2007,0.0;2004,0.0;2005,0.0;2010,0.0;2011,0.0;2008,0.0;2009,0.0;2014,43.420696;2015,43.417007;2012,0.0;2013,43.426613',1,5,14),(99,'2065,0.7073375;2032,0.25920373;2064,0.69351953;2033,0.2724986;2067,0.73501134;2034,0.2858155;2066,0.72116816;2035,0.2991538;2069,0.7627347;2036,0.31251296;2068,0.7488669;2037,0.32589245;2038,0.33929178;2070,0.7766146;2039,0.35271046;2040,0.36614808;2041,0.37960425;2042,0.39307857;2043,0.40657067;2044,0.4200802;2045,0.43360686;2046,0.4471503;2047,0.46071026;2048,0.4742864;2017,0.06308077;2049,0.4878785;2016,0.050306045;2050,0.5014863;2019,0.08878113;2051,0.51510954;2018,0.07590761;2052,0.528748;2021,0.11465253;2053,0.5424014;2020,0.1016972;2054,0.5560695;2023,0.14067069;2055,0.5697522;2022,0.12764443;2056,0.58344924;2025,0.16681881;2057,0.5971604;2024,0.15372936;2058,0.61088556;2027,0.19308448;2059,0.62462443;2026,0.17993762;2060,0.63837695;2029,0.21945798;2061,0.6521428;2028,0.20625828;2062,0.665922;2031,0.24593152;2063,0.67971426;2030,0.23268268;2002,0.0;2003,0.0;2000,0.0;2001,0.0;2006,0.0;2007,0.0;2004,0.0;2005,0.0;2010,0.0;2011,0.0;2008,0.0;2009,0.0;2014,0.024947079;2015,0.03759098;2012,0.0;2013,0.012395003',1,19,15),(100,'2065,0.7317509;2032,0.26246795;2064,0.7168823;2033,0.27606317;2067,0.76161605;2034,0.28969762;2066,0.74666214;2035,0.30337095;2069,0.79165256;2036,0.31708285;2068,0.7766128;2037,0.33083308;2038,0.34462133;2070,0.8067353;2039,0.3584474;2040,0.37231115;2041,0.38621405;2042,0.40015605;2043,0.41413704;2044,0.428157;2045,0.4422158;2046,0.45631346;2047,0.47044992;2048,0.48462513;2017,0.063466445;2049,0.4988391;2016,0.05059089;2050,0.5130918;2019,0.08940033;2051,0.52738446;2018,0.076404765;2052,0.5417171;2021,0.11554807;2053,0.55608976;2020,0.102448985;2054,0.5705025;2023,0.14188772;2055,0.58495533;2022,0.12869503;2056,0.5994489;2025,0.16840363;2057,0.6139833;2024,0.15512444;2058,0.62855846;2027,0.19508444;2059,0.6431746;2026,0.18172401;2060,0.6578317;2029,0.22192162;2061,0.67253095;2028,0.20848395;2062,0.68727237;2031,0.2489123;2063,0.7020561;2030,0.23539671;2002,0.0;2003,0.0;2000,0.0;2001,0.0;2006,0.0;2007,0.0;2004,0.0;2005,0.0;2010,0.0;2011,0.0;2008,0.0;2009,0.0;2014,0.025063295;2015,0.03778586;2012,0.0;2013,0.012444903',1,4,15),(101,'2065,0.73215944;2032,0.26246935;2064,0.7172625;2033,0.276066;2067,0.76208556;2034,0.2897024;2066,0.7471004;2035,0.30337813;2069,0.7921887;2036,0.317093;2068,0.7771149;2037,0.33084673;2038,0.34463906;2070,0.807307;2039,0.35846978;2040,0.3723387;2041,0.38624746;2042,0.40019587;2043,0.4141839;2044,0.42821154;2045,0.44227868;2046,0.4563853;2047,0.47053143;2048,0.484717;2017,0.063466445;2049,0.49894205;2016,0.05059089;2050,0.5132065;2019,0.08940033;2051,0.52751166;2018,0.076404765;2052,0.54185754;2021,0.11554807;2053,0.5562442;2020,0.102448985;2054,0.5706717;2023,0.14188772;2055,0.58514005;2022,0.12869503;2056,0.5996503;2025,0.16840363;2057,0.61420256;2024,0.15512444;2058,0.62879694;2027,0.19508444;2059,0.64343345;2026,0.18172401;2060,0.6581122;2029,0.22192162;2061,0.6728344;2028,0.20848395;2062,0.6876001;2031,0.24891277;2063,0.7024094;2030,0.23539671;2002,0.0;2003,0.0;2000,0.0;2001,0.0;2006,0.0;2007,0.0;2004,0.0;2005,0.0;2010,0.0;2011,0.0;2008,0.0;2009,0.0;2014,0.025063295;2015,0.03778586;2012,0.0;2013,0.012444903',1,2,15),(102,'2065,0.726995;2032,0.26178217;2064,0.71233064;2033,0.275318;2067,0.7564325;2034,0.2888898;2066,0.7416956;2035,0.30249712;2069,0.7860151;2036,0.3161396;2068,0.7712056;2037,0.32981697;2038,0.34352887;2070,0.80086094;2039,0.35727504;2040,0.37105522;2041,0.3848709;2042,0.39872187;2043,0.41260806;2044,0.42652932;2045,0.4404855;2046,0.45447657;2047,0.46850237;2048,0.4825628;2017,0.06337216;2049,0.49665788;2016,0.050519515;2050,0.5107874;2019,0.08925435;2051,0.52495265;2018,0.07628561;2052,0.5391535;2021,0.1153425;2053,0.5533899;2020,0.10227421;2054,0.56766194;2023,0.14161448;2055,0.58196956;2022,0.12845664;2056,0.59631234;2025,0.16805445;2057,0.6106903;2024,0.15481427;2058,0.6251035;2027,0.19465083;2059,0.63955176;2026,0.18133368;2060,0.6540352;2029,0.2213949;2061,0.6685548;2028,0.20800486;2062,0.68311054;2031,0.2482827;2063,0.69770247;2030,0.2348201;2002,0.0;2003,0.0;2000,0.0;2001,0.0;2006,0.0;2007,0.0;2004,0.0;2005,0.0;2010,0.0;2011,0.0;2008,0.0;2009,0.0;2014,0.02503186;2015,0.037735444;2012,0.0;2013,0.012430397',1,6,15),(103,'2065,0.7280295;2032,0.26248252;2064,0.71342397;2033,0.27606583;2067,0.75733006;2034,0.2896844;2066,0.7426649;2035,0.30333784;2069,0.7867496;2036,0.3170257;2068,0.772025;2037,0.3307476;2038,0.3445032;2070,0.80150396;2039,0.35829216;2040,0.3721142;2041,0.3859695;2042,0.39985776;2043,0.4137788;2044,0.42773247;2045,0.44171846;2046,0.4557367;2047,0.469787;2048,0.4838692;2017,0.06347425;2049,0.49798316;2016,0.050596494;2050,0.5121288;2019,0.089413315;2051,0.526306;2018,0.07641503;2052,0.54051465;2021,0.11556677;2053,0.55475473;2020,0.10246492;2054,0.56902605;2023,0.14191115;2055,0.58332866;2022,0.12871623;2056,0.597662;2025,0.16843037;2057,0.6120259;2024,0.15514971;2058,0.6264205;2027,0.19511284;2059,0.64084566;2026,0.1817518;2060,0.6553012;2029,0.22194976;2061,0.6697869;2028,0.20851247;2062,0.6843026;2031,0.24893504;2063,0.6988483;2030,0.23542391;2002,0.0;2003,0.0;2000,0.0;2001,0.0;2006,0.0;2007,0.0;2004,0.0;2005,0.0;2010,0.0;2011,0.0;2008,0.0;2009,0.0;2014,0.025065333;2015,0.03778953;2012,0.0;2013,0.012445659',1,3,15),(104,'2065,0.7287946;2032,0.2626567;2064,0.71415997;2033,0.2762534;2067,0.7581572;2034,0.2898856;2066,0.74346036;2035,0.30355287;2069,0.787644;2036,0.31725472;2068,0.7728851;2037,0.3309908;2038,0.34476078;2070,0.80243397;2039,0.3585643;2040,0.37240106;2041,0.38627124;2042,0.40017462;2043,0.41411093;2044,0.42808;2045,0.4420816;2046,0.45611563;2047,0.47018188;2048,0.4842802;2017,0.06349832;2049,0.49841046;2016,0.050614703;2050,0.5125725;2019,0.089450605;2051,0.52676636;2018,0.07644546;2052,0.54099184;2021,0.115619324;2053,0.5552489;2020,0.10250959;2054,0.5695374;2023,0.14198105;2055,0.58385724;2022,0.12877719;2056,0.59820896;2025,0.16851978;2057,0.61259246;2024,0.15522909;2058,0.6270077;2027,0.19522394;2059,0.64145464;2026,0.18185177;2060,0.6559332;2029,0.22208479;2061,0.67044306;2028,0.20863524;2062,0.68498415;2031,0.24909595;2063,0.69955647;2030,0.23557179;2002,0.0;2003,0.0;2000,0.0;2001,0.0;2006,0.0;2007,0.0;2004,0.0;2005,0.0;2010,0.0;2011,0.0;2008,0.0;2009,0.0;2014,0.025073346;2015,0.037802387;2012,0.0;2013,0.012449357',1,1,15),(105,'2065,0.72418374;2032,0.26179945;2064,0.7097189;2033,0.27532643;2067,0.75319326;2034,0.28888652;2066,0.73867524;2035,0.30247924;2069,0.78230894;2036,0.31610414;2068,0.76773787;2037,0.32976082;2038,0.3434489;2070,0.7969064;2039,0.35716808;2040,0.37091795;2041,0.3846987;2042,0.39851004;2043,0.41235176;2044,0.4262236;2045,0.44012535;2046,0.45405683;2047,0.46801782;2048,0.4820082;2017,0.0633799;2049,0.49602774;2016,0.050525073;2050,0.51007634;2019,0.08926722;2051,0.52415395;2018,0.07629579;2052,0.53826034;2021,0.11536102;2053,0.55239546;2020,0.102290004;2054,0.56655914;2023,0.14163767;2055,0.5807513;2022,0.12847763;2056,0.5949713;2025,0.16808091;2057,0.6092191;2024,0.15483928;2058,0.62349445;2027,0.19467892;2059,0.63779736;2026,0.18136118;2060,0.65212774;2029,0.2214227;2061,0.66648513;2028,0.20803307;2062,0.6808695;2031,0.24830611;2063,0.6952808;2030,0.23484698;2002,0.0;2003,0.0;2000,0.0;2001,0.0;2006,0.0;2007,0.0;2004,0.0;2005,0.0;2010,0.0;2011,0.0;2008,0.0;2009,0.0;2014,0.025033886;2015,0.037739087;2012,0.0;2013,0.0124311475',1,5,15),(106,'2065,0.0065067;2032,0.0065067;2064,0.0065067;2033,0.0065067;2067,0.0065067;2034,0.0065067;2066,0.0065067;2035,0.0065067;2069,0.0065067;2036,0.0065067;2068,0.0065067;2037,0.0065067;2038,0.0065067;2070,0.0065067;2039,0.0065067;2040,0.0065067;2041,0.0065067;2042,0.0065067;2043,0.0065067;2044,0.0065067;2045,0.0065067;2046,0.0065067;2047,0.0065067;2048,0.0065067;2017,0.0065067;2049,0.0065067;2016,0.0065067;2050,0.0065067;2019,0.0065067;2051,0.0065067;2018,0.0065067;2052,0.0065067;2021,0.0065067;2053,0.0065067;2020,0.0065067;2054,0.0065067;2023,0.0065067;2055,0.0065067;2022,0.0065067;2056,0.0065067;2025,0.0065067;2057,0.0065067;2024,0.0065067;2058,0.0065067;2027,0.0065067;2059,0.0065067;2026,0.0065067;2060,0.0065067;2029,0.0065067;2061,0.0065067;2028,0.0065067;2062,0.0065067;2031,0.0065067;2063,0.0065067;2030,0.0065067;2002,0.0;2003,0.0;2000,0.0;2001,0.0;2006,0.0;2007,0.0;2004,0.0;2005,0.0;2010,0.0;2011,0.0;2008,0.0;2009,0.0;2014,0.0065067;2015,0.0065067;2012,0.0;2013,0.0065067',1,19,16),(107,'2065,0.00681886;2032,0.006656156;2064,0.006813418;2033,0.006660072;2067,0.0068297987;2034,0.006664138;2066,0.0068243206;2035,0.0066683325;2069,0.006840805;2036,0.006672641;2068,0.006835294;2037,0.0066770487;2038,0.0066815447;2070,0.0068463315;2039,0.0066861194;2040,0.006690764;2041,0.006695471;2042,0.0067002345;2043,0.0067050494;2044,0.0067099105;2045,0.0067148134;2046,0.0067197545;2047,0.006724731;2048,0.0067297397;2017,0.0066058873;2049,0.0067347777;2016,0.006602581;2050,0.0067398427;2019,0.0066125;2051,0.0067449333;2018,0.006609194;2052,0.0067500467;2021,0.0066191126;2053,0.0067551816;2020,0.0066158064;2054,0.0067603365;2023,0.006625725;2055,0.00676551;2022,0.0066224188;2056,0.0067707193;2025,0.0066323373;2057,0.006775961;2024,0.006629031;2058,0.006781234;2027,0.00663895;2059,0.0067865355;2026,0.0066356435;2060,0.006791864;2029,0.0066455626;2061,0.006797218;2028,0.0066422564;2062,0.006802596;2031,0.0066524115;2063,0.0068079964;2030,0.006648869;2002,0.0;2003,0.0;2000,0.0;2001,0.0;2006,0.0;2007,0.0;2004,0.0;2005,0.0;2010,0.0;2011,0.0;2008,0.0;2009,0.0;2014,0.0065959687;2015,0.006599275;2012,0.0;2013,0.0065926625',1,4,16),(108,'2065,0.006828841;2032,0.0066562747;2064,0.0068229553;2033,0.006660299;2067,0.0068406914;2034,0.0066644982;2066,0.0068347533;2035,0.00666885;2069,0.006852638;2036,0.006673335;2068,0.0068466533;2037,0.006677937;2038,0.006682643;2070,0.0068586445;2039,0.006687442;2040,0.0066923224;2041,0.0066972766;2042,0.006702298;2043,0.0067073787;2044,0.006712514;2045,0.0067176986;2046,0.006722929;2047,0.0067282;2048,0.006733509;2017,0.0066058873;2049,0.0067388522;2016,0.006602581;2050,0.006744228;2019,0.0066125;2051,0.0067496332;2018,0.006609194;2052,0.0067550656;2021,0.0066191126;2053,0.006760523;2020,0.0066158064;2054,0.0067660045;2023,0.006625725;2055,0.0067715077;2022,0.0066224188;2056,0.006777061;2025,0.0066323373;2057,0.0067826617;2024,0.006629031;2058,0.0067883064;2027,0.00663895;2059,0.006793992;2026,0.0066356435;2060,0.0067997165;2029,0.0066455626;2061,0.006805477;2028,0.0066422564;2062,0.006811272;2031,0.0066524534;2063,0.0068170987;2030,0.006648869;2002,0.0;2003,0.0;2000,0.0;2001,0.0;2006,0.0;2007,0.0;2004,0.0;2005,0.0;2010,0.0;2011,0.0;2008,0.0;2009,0.0;2014,0.0065959687;2015,0.006599275;2012,0.0;2013,0.0065926625',1,2,16),(109,'2065,0.006698612;2032,0.0065964446;2064,0.0066953087;2033,0.0065988596;2067,0.0067052194;2034,0.006601379;2066,0.0067019155;2035,0.00660399;2069,0.0067118267;2036,0.006606681;2068,0.006708523;2037,0.006609442;2038,0.006612266;2070,0.0067151305;2039,0.006615145;2040,0.006618073;2041,0.006621046;2042,0.006624059;2043,0.006627107;2044,0.0066301883;2045,0.0066332994;2046,0.006636437;2047,0.0066396;2048,0.0066427854;2017,0.0065662125;2049,0.0066459915;2016,0.006564229;2050,0.0066492166;2019,0.00657018;2051,0.00665246;2018,0.006568196;2052,0.006655719;2021,0.0065741474;2053,0.006658994;2020,0.0065721637;2054,0.0066622826;2023,0.006578115;2055,0.0066655846;2022,0.006576131;2056,0.0066688866;2025,0.0065820827;2057,0.0066721886;2024,0.0065800985;2058,0.006675491;2027,0.00658605;2059,0.006678794;2026,0.0065840664;2060,0.0066820965;2029,0.0065900176;2061,0.0066853995;2028,0.006588034;2062,0.0066887024;2031,0.006594152;2063,0.006692006;2030,0.0065920013;2002,0.0;2003,0.0;2000,0.0;2001,0.0;2006,0.0;2007,0.0;2004,0.0;2005,0.0;2010,0.0;2011,0.0;2008,0.0;2009,0.0;2014,0.0065602614;2015,0.006562245;2012,0.0;2013,0.0065582776',1,6,16),(110,'2065,0.0067703268;2032,0.006655561;2064,0.0067668767;2033,0.0066589387;2067,0.0067772116;2034,0.0066623343;2066,0.0067737717;2035,0.006665745;2069,0.006784077;2036,0.0066691693;2068,0.0067806463;2037,0.006672605;2038,0.0066760513;2070,0.006787503;2039,0.0066795065;2040,0.0066829706;2041,0.0066864416;2042,0.006689919;2043,0.006693403;2044,0.006696892;2045,0.0067003863;2046,0.006703885;2047,0.0067073875;2048,0.006710894;2017,0.0066058873;2049,0.006714404;2016,0.006602581;2050,0.006717917;2019,0.0066125;2051,0.0067214333;2018,0.006609194;2052,0.0067249523;2021,0.0066191126;2053,0.0067284736;2020,0.0066158064;2054,0.0067319972;2023,0.006625725;2055,0.006735523;2022,0.0066224188;2056,0.006739039;2025,0.0066323373;2057,0.006742546;2024,0.006629031;2058,0.006746044;2027,0.00663895;2059,0.0067495336;2026,0.0066356435;2060,0.006753016;2029,0.0066455626;2061,0.0067564906;2028,0.0066422564;2062,0.006759959;2031,0.006652203;2063,0.0067634205;2030,0.006648869;2002,0.0;2003,0.0;2000,0.0;2001,0.0;2006,0.0;2007,0.0;2004,0.0;2005,0.0;2010,0.0;2011,0.0;2008,0.0;2009,0.0;2014,0.0065959687;2015,0.006599275;2012,0.0;2013,0.0065926625',1,3,16),(111,'2065,0.0067896275;2032,0.0066703395;2064,0.006785913;2033,0.0066739586;2067,0.006797085;2034,0.006677573;2066,0.006793352;2035,0.006681184;2069,0.0068045757;2036,0.0066847913;2068,0.006800826;2037,0.0066883955;2038,0.0066919974;2070,0.0068083326;2039,0.006695597;2040,0.0066991947;2041,0.00670279;2042,0.0067063845;2043,0.0067099766;2044,0.006713568;2045,0.006717158;2046,0.0067207464;2047,0.0067243343;2048,0.0067279213;2017,0.0066158064;2049,0.006731507;2016,0.0066121696;2050,0.0067350925;2019,0.00662308;2051,0.0067386767;2018,0.006619443;2052,0.0067422604;2021,0.0066303536;2053,0.0067458437;2020,0.006626717;2054,0.006749426;2023,0.0066376277;2055,0.006753008;2022,0.0066339904;2056,0.0067566074;2025,0.0066449014;2057,0.0067602233;2024,0.0066412645;2058,0.0067638545;2027,0.006652175;2059,0.0067674997;2026,0.006648538;2060,0.006771159;2029,0.0066594486;2061,0.00677483;2028,0.006655812;2062,0.0067785135;2031,0.0066667157;2063,0.0067822076;2030,0.0066630854;2002,0.0;2003,0.0;2000,0.0;2001,0.0;2006,0.0;2007,0.0;2004,0.0;2005,0.0;2010,0.0;2011,0.0;2008,0.0;2009,0.0;2014,0.0066048955;2015,0.0066085323;2012,0.0;2013,0.0066012586',1,1,16),(112,'2065,0.006670041;2032,0.006596088;2064,0.0066678417;2033,0.006598179;2067,0.006674417;2034,0.006600297;2066,0.006672233;2035,0.0066024377;2069,0.0066787642;2036,0.006604598;2068,0.006676594;2037,0.0066067763;2038,0.00660897;2070,0.006680928;2039,0.0066111777;2040,0.0066133975;2041,0.0066156285;2042,0.0066178693;2043,0.0066201193;2044,0.0066223773;2045,0.0066246428;2046,0.006626915;2047,0.0066291937;2048,0.0066314777;2017,0.0065662125;2049,0.0066337674;2016,0.006564229;2050,0.0066360612;2019,0.00657018;2051,0.0066383597;2018,0.006568196;2052,0.0066406624;2021,0.0065741474;2053,0.0066429693;2020,0.0065721637;2054,0.006645279;2023,0.006578115;2055,0.0066475924;2022,0.006576131;2056,0.006649891;2025,0.0065820827;2057,0.006652175;2024,0.0065800985;2058,0.0066544465;2027,0.00658605;2059,0.0066567054;2026,0.0065840664;2060,0.0066589527;2029,0.0065900176;2061,0.0066611897;2028,0.006588034;2062,0.006663416;2031,0.006594027;2063,0.0066656335;2030,0.0065920013;2002,0.0;2003,0.0;2000,0.0;2001,0.0;2006,0.0;2007,0.0;2004,0.0;2005,0.0;2010,0.0;2011,0.0;2008,0.0;2009,0.0;2014,0.0065602614;2015,0.006562245;2012,0.0;2013,0.0065582776',1,5,16),(113,'2065,0.7207952;2032,0.68342906;2064,0.71997297;2033,0.6850886;2067,0.7224055;2034,0.68669003;2066,0.7216059;2035,0.6882381;2069,0.7239726;2036,0.6897366;2068,0.7231943;2037,0.6911893;2038,0.6925991;2070,0.72474086;2039,0.6939691;2040,0.69530165;2041,0.6965991;2042,0.69786364;2043,0.6990971;2044,0.7003011;2045,0.7014774;2046,0.70262736;2047,0.70375234;2048,0.7048536;2017,0.64391273;2049,0.7059322;2016,0.63875103;2050,0.7069893;2019,0.6522691;2051,0.70802575;2018,0.64835227;2052,0.7090426;2021,0.6589922;2053,0.7100406;2020,0.655788;2054,0.71102065;2023,0.66467637;2055,0.7119834;2022,0.6619406;2056,0.71292955;2025,0.6696338;2057,0.7138598;2024,0.6672323;2058,0.7147747;2027,0.6740505;2059,0.71567494;2026,0.6719011;2060,0.71656096;2029,0.678047;2061,0.71743333;2028,0.6760954;2062,0.7182925;2031,0.6817064;2063,0.71913886;2030,0.6799147;2002,0.0;2003,0.0;2000,0.0;2001,0.0;2006,0.0;2007,0.0;2004,0.0;2005,0.0;2010,0.0;2011,0.0;2008,0.0;2009,0.0;2014,0.62445784;2015,0.6325128;2012,0.0;2013,0.6124665',2,20,1),(114,'2065,0.8930074;2032,0.7639446;2064,0.8893232;2033,0.7684651;2067,0.90036994;2034,0.7729048;2066,0.8966896;2035,0.77727014;2069,0.9077254;2036,0.78156656;2068,0.9040485;2037,0.78579915;2038,0.7899723;2070,0.91140074;2039,0.79409015;2040,0.79815626;2041,0.8021877;2042,0.8061865;2043,0.81015456;2044,0.81409365;2045,0.81800544;2046,0.82189137;2047,0.82575285;2048,0.8295912;2017,0.673057;2049,0.83340764;2016,0.66297555;2050,0.83720326;2019,0.69013184;2051,0.84098625;2018,0.68201;2052,0.84475726;2021,0.7045942;2053,0.84851676;2020,0.69761175;2054,0.8522654;2023,0.7173999;2055,0.85600364;2022,0.71116817;2056,0.85973257;2025,0.7290284;2057,0.86345273;2024,0.72334;2058,0.8671644;2027,0.7397718;2059,0.870868;2026,0.73449695;2060,0.874564;2029,0.74982274;2061,0.8782574;2028,0.7448744;2062,0.8819483;2031,0.75933635;2063,0.88563687;2030,0.7546321;2002,0.0;2003,0.0;2000,0.0;2001,0.0;2006,0.0;2007,0.0;2004,0.0;2005,0.0;2010,0.0;2011,0.0;2008,0.0;2009,0.0;2014,0.63683736;2015,0.6512501;2012,0.0;2013,0.6168914',2,10,1),(115,'2065,0.8934097;2032,0.76394767;2064,0.8897036;2033,0.76847094;2067,0.9008183;2034,0.77291435;2066,0.89711463;2035,0.777284;2069,0.9082225;2036,0.7815855;2068,0.90452087;2037,0.7858239;2038,0.7900034;2070,0.9119232;2039,0.79412824;2040,0.7982019;2041,0.80224144;2042,0.80624884;2043,0.810226;2044,0.8141748;2045,0.81809664;2046,0.8219931;2047,0.8258656;2048,0.82971543;2017,0.673057;2049,0.8335437;2016,0.66297555;2050,0.8373516;2019,0.69013184;2051,0.84114736;2018,0.68201;2052,0.8449315;2021,0.7045942;2053,0.8487046;2020,0.69761175;2054,0.8524671;2023,0.7173999;2055,0.8562197;2022,0.71116817;2056,0.8599638;2025,0.7290284;2057,0.86369985;2024,0.72334;2058,0.8674283;2027,0.7397718;2059,0.8711495;2026,0.73449695;2060,0.8748638;2029,0.74982274;2061,0.8785762;2028,0.7448744;2062,0.8822869;2031,0.75933737;2063,0.885996;2030,0.7546321;2002,0.0;2003,0.0;2000,0.0;2001,0.0;2006,0.0;2007,0.0;2004,0.0;2005,0.0;2010,0.0;2011,0.0;2008,0.0;2009,0.0;2014,0.63683736;2015,0.6512501;2012,0.0;2013,0.6168914',2,8,1),(116,'2065,0.88818616;2032,0.7624391;2064,0.88463724;2033,0.7668894;2067,0.8952707;2034,0.77125686;2066,0.8917306;2035,0.7755478;2069,0.9023383;2036,0.779768;2068,0.8988066;2037,0.7839224;2038,0.78801554;2070,0.905866;2039,0.79205155;2040,0.7960341;2041,0.7999801;2042,0.8038917;2043,0.8077708;2044,0.81161916;2045,0.81543845;2046,0.8192302;2047,0.82299584;2048,0.8267367;2017,0.67248017;2049,0.83045393;2016,0.66246355;2050,0.8341487;2019,0.68943137;2051,0.8378292;2018,0.6813706;2052,0.841496;2021,0.7037734;2053,0.84514964;2020,0.6968509;2054,0.8487907;2023,0.71645916;2055,0.8524198;2022,0.71028745;2056,0.8560368;2025,0.7279668;2057,0.85964227;2024,0.722339;2058,0.86323667;2027,0.7385877;2059,0.8668204;2026,0.73337436;2060,0.87039393;2029,0.748514;2061,0.87396216;2028,0.7436282;2062,0.8775254;2031,0.75789875;2063,0.8810837;2030,0.75326014;2002,0.0;2003,0.0;2000,0.0;2001,0.0;2006,0.0;2007,0.0;2004,0.0;2005,0.0;2010,0.0;2011,0.0;2008,0.0;2009,0.0;2014,0.6364708;2015,0.65080696;2012,0.0;2013,0.6166194',2,12,1),(117,'2065,0.88354474;2032,0.76418227;2064,0.8803949;2033,0.7686222;2067,0.8897927;2034,0.77296865;2066,0.8866771;2035,0.7772287;2069,0.8959757;2036,0.78140885;2068,0.892892;2037,0.7855149;2038,0.7895519;2070,0.8990443;2039,0.79352444;2040,0.7974368;2041,0.80129606;2042,0.80510545;2043,0.8088679;2044,0.812586;2045,0.81626236;2046,0.8198991;2047,0.82349837;2048,0.8270621;2017,0.6734393;2049,0.830592;2016,0.6633208;2050,0.83408976;2019,0.6905814;2051,0.8375574;2018,0.6824268;2052,0.8409962;2021,0.7050939;2053,0.84440756;2020,0.69809264;2054,0.84779274;2023,0.71790856;2055,0.85115284;2022,0.7116766;2056,0.85448855;2025,0.7295175;2057,0.8578009;2024,0.72384197;2058,0.86109084;2027,0.7402199;2059,0.8643593;2026,0.73496795;2060,0.8676071;2029,0.75021267;2061,0.8708338;2028,0.7452953;2062,0.8740401;2031,0.7596405;2063,0.87722695;2030,0.7549876;2002,0.0;2003,0.0;2000,0.0;2001,0.0;2006,0.0;2007,0.0;2004,0.0;2005,0.0;2010,0.0;2011,0.0;2008,0.0;2009,0.0;2014,0.63709366;2015,0.6515543;2012,0.0;2013,0.61708534',2,9,1),(118,'2065,0.88430285;2032,0.76455647;2064,0.88113564;2033,0.76901037;2067,0.89058775;2034,0.7733702;2066,0.8874534;2035,0.77764326;2069,0.89681053;2036,0.78183603;2068,0.8937066;2037,0.7859543;2038,0.7900032;2070,0.8999;2039,0.79398733;2040,0.7979109;2041,0.80178124;2042,0.8056014;2043,0.80937445;2044,0.81310296;2045,0.81678945;2046,0.82043624;2047,0.82404536;2048,0.8276187;2017,0.6735843;2049,0.83115816;2016,0.6634494;2050,0.83466536;2019,0.69075745;2051,0.8381422;2018,0.6825875;2052,0.8415902;2021,0.7053003;2053,0.84501064;2020,0.6982839;2054,0.8484047;2023,0.7181451;2055,0.8517737;2022,0.71189797;2056,0.85511917;2025,0.7297843;2057,0.85844225;2024,0.72409356;2058,0.86174387;2027,0.74051744;2059,0.86502486;2026,0.73525006;2060,0.86828613;2029,0.75054145;2061,0.8715271;2028,0.7456084;2062,0.87474847;2031,0.7600002;2063,0.8779511;2030,0.7553322;2002,0.0;2003,0.0;2000,0.0;2001,0.0;2006,0.0;2007,0.0;2004,0.0;2005,0.0;2010,0.0;2011,0.0;2008,0.0;2009,0.0;2014,0.63718575;2015,0.6516656;2012,0.0;2013,0.61715364',2,7,1),(119,'2065,0.87962496;2032,0.762681;2064,0.87655985;2033,0.767057;2067,0.885701;2034,0.77133894;2066,0.8826718;2035,0.7755342;2069,0.89170897;2036,0.7796491;2068,0.8887132;2037,0.78368926;2038,0.78766;2070,0.89468884;2039,0.7915657;2040,0.7954107;2041,0.799202;2042,0.80294293;2043,0.8066363;2044,0.8102848;2045,0.8138908;2046,0.81745666;2047,0.8209844;2048,0.824476;2017,0.6728607;2049,0.8279332;2016,0.6628071;2050,0.8313576;2019,0.68987864;2051,0.83475125;2018,0.6817854;2052,0.83811545;2021,0.7042705;2053,0.8414515;2020,0.69732934;2054,0.8447608;2023,0.71696496;2055,0.8480444;2022,0.7107931;2056,0.8513027;2025,0.728453;2057,0.8545368;2024,0.72283804;2058,0.8577476;2027,0.7390329;2059,0.86093616;2026,0.73384243;2060,0.86410326;2029,0.74890137;2061,0.86724836;2028,0.74404645;2062,0.8703723;2031,0.7582029;2063,0.8734759;2030,0.7536133;2002,0.0;2003,0.0;2000,0.0;2001,0.0;2006,0.0;2007,0.0;2004,0.0;2005,0.0;2010,0.0;2011,0.0;2008,0.0;2009,0.0;2014,0.636726;2015,0.65110976;2012,0.0;2013,0.6168126',2,11,1),(120,'2065,0.4145081;2032,0.31982222;2064,0.41266638;2033,0.3245445;2067,0.41808668;2034,0.32905293;2066,0.41631445;2035,0.33336565;2069,0.42153358;2036,0.3374986;2068,0.419826;2037,0.3414658;2038,0.34527975;2070,0.42321053;2039,0.34895155;2040,0.35249117;2041,0.35590753;2042,0.3592087;2043,0.36240202;2044,0.36549413;2045,0.36849102;2046,0.37139827;2047,0.37422088;2048,0.37696353;2017,0.19188786;2049,0.37963048;2016,0.17318961;2050,0.38222566;2019,0.22133546;2051,0.38475275;2018,0.20767233;2052,0.38721508;2021,0.24415512;2053,0.38961577;2020,0.23338224;2054,0.3919578;2023,0.26278815;2055,0.3942438;2022,0.25389734;2056,0.39647636;2025,0.27852905;2057,0.3986578;2024,0.2709635;2058,0.40079036;2027,0.29214966;2059,0.40287608;2026,0.2855686;2060,0.4049169;2029,0.3041482;2061,0.4069147;2028,0.2983276;2062,0.40887114;2031,0.31486535;2063,0.41078785;2030,0.30964994;2002,0.0;2003,0.0;2000,0.0;2001,0.0;2006,0.0;2007,0.0;2004,0.0;2005,0.0;2010,0.0;2011,0.0;2008,0.0;2009,0.0;2014,0.120328926;2015,0.15022077;2012,0.0;2013,0.07698136',2,20,2),(121,'2065,0.43480554;2032,0.3296207;2064,0.43262583;2033,0.3346119;2067,0.4390614;2034,0.33939734;2066,0.43695033;2035,0.3439941;2069,0.44318703;2036,0.3484171;2068,0.44113994;2037,0.3526796;2038,0.3567934;2070,0.44520375;2039,0.36076906;2040,0.36461598;2041,0.3683427;2042,0.37195688;2043,0.37546557;2044,0.37887508;2045,0.3821912;2046,0.38541922;2047,0.38856402;2048,0.39163005;2017,0.19765542;2049,0.39462143;2016,0.17855811;2050,0.39754194;2019,0.22777824;2051,0.40039515;2018,0.21379256;2052,0.4031843;2021,0.25118607;2053,0.40591237;2020,0.2401267;2054,0.40858227;2023,0.27036023;2055,0.41119656;2022,0.26120332;2056,0.41375887;2025,0.28661332;2057,0.41627145;2024,0.27879456;2058,0.41873634;2027,0.3007266;2059,0.4211555;2026,0.29390123;2060,0.4235308;2029,0.31320378;2061,0.42586386;2028,0.30714536;2062,0.4281564;2031,0.3244044;2063,0.4304099;2030,0.3189407;2002,0.0;2003,0.0;2000,0.0;2001,0.0;2006,0.0;2007,0.0;2004,0.0;2005,0.0;2010,0.0;2011,0.0;2008,0.0;2009,0.0;2014,0.124589674;2015,0.15511185;2012,0.0;2013,0.08021918',2,10,2),(122,'2065,0.43544838;2032,0.3296285;2064,0.43324074;2033,0.33462673;2067,0.4397614;2034,0.339421;2066,0.43762153;2035,0.34402806;2069,0.44394577;2036,0.3484627;2068,0.4418691;2037,0.35273796;2038,0.35686558;2070,0.44599235;2039,0.3608559;2040,0.36471832;2041,0.36846125;2042,0.3720923;2043,0.3756184;2044,0.37904584;2045,0.38238034;2046,0.38562715;2047,0.3887911;2048,0.39187667;2017,0.19765542;2049,0.39488783;2016,0.17855811;2050,0.39782846;2019,0.22777824;2051,0.40070197;2018,0.21379256;2052,0.40351167;2021,0.25118607;2053,0.40626052;2020,0.2401267;2054,0.40895134;2023,0.27036023;2055,0.41158673;2022,0.26120332;2056,0.4141711;2025,0.28661332;2057,0.41670656;2024,0.27879456;2058,0.41919518;2027,0.3007266;2059,0.4216388;2026,0.29390123;2060,0.42403919;2029,0.31320378;2061,0.42639804;2028,0.30714536;2062,0.42871696;2031,0.32440713;2063,0.43099737;2030,0.3189407;2002,0.0;2003,0.0;2000,0.0;2001,0.0;2006,0.0;2007,0.0;2004,0.0;2005,0.0;2010,0.0;2011,0.0;2008,0.0;2009,0.0;2014,0.124589674;2015,0.15511185;2012,0.0;2013,0.08021918',2,8,2),(123,'2065,0.42703047;2032,0.32570896;2064,0.42498168;2033,0.33059743;2067,0.4310219;2034,0.335278;2066,0.42904344;2035,0.33976802;2069,0.4348801;2036,0.34408268;2068,0.43296707;2037,0.3482355;2038,0.35223842;2070,0.43676215;2039,0.35610217;2040,0.35983637;2041,0.36344957;2042,0.36694968;2043,0.3703437;2044,0.37363803;2045,0.3768386;2046,0.37995076;2047,0.3829794;2048,0.38592902;2017,0.1953436;2049,0.3888038;2016,0.17640527;2050,0.3916076;2019,0.22519745;2051,0.39434397;2018,0.21134025;2052,0.39701617;2021,0.24837103;2053,0.39962727;2020,0.23742576;2054,0.40218014;2023,0.26732972;2055,0.4046774;2022,0.25827876;2056,0.40712073;2025,0.2833789;2057,0.40951252;2024,0.27566093;2058,0.411855;2027,0.2972961;2059,0.4141502;2026,0.29056796;2060,0.41640013;2029,0.3095829;2061,0.41860655;2028,0.30361906;2062,0.42077124;2031,0.32059282;2063,0.42289576;2030,0.31522626;2002,0.0;2003,0.0;2000,0.0;2001,0.0;2006,0.0;2007,0.0;2004,0.0;2005,0.0;2010,0.0;2011,0.0;2008,0.0;2009,0.0;2014,0.1228783;2015,0.15314923;2012,0.0;2013,0.078916036',2,12,2),(124,'2065,0.4316742;2032,0.32958174;2064,0.42962003;2033,0.3345376;2067,0.4356753;2034,0.33927906;2066,0.4336922;2035,0.3438243;2069,0.43954173;2036,0.34818918;2068,0.43762472;2037,0.3523878;2038,0.3564326;2070,0.44142735;2039,0.3603347;2040,0.3641041;2041,0.36774972;2042,0.37127966;2043,0.37470123;2044,0.37802103;2045,0.38124517;2046,0.38437912;2047,0.38742796;2048,0.39039636;2017,0.19765542;2049,0.39328858;2016,0.17855811;2050,0.39610857;2019,0.22777824;2051,0.39885995;2018,0.21379256;2052,0.40154615;2021,0.25118607;2053,0.40417027;2020,0.2401267;2054,0.40673524;2023,0.27036023;2055,0.40924376;2022,0.26120332;2056,0.4116976;2025,0.28661332;2057,0.4140992;2024,0.27879456;2058,0.41645074;2027,0.3007266;2059,0.4187544;2026,0.29390123;2060,0.4210122;2029,0.31320378;2061,0.42322594;2028,0.30714536;2062,0.4253974;2031,0.32439074;2063,0.42752823;2030,0.3189407;2002,0.0;2003,0.0;2000,0.0;2001,0.0;2006,0.0;2007,0.0;2004,0.0;2005,0.0;2010,0.0;2011,0.0;2008,0.0;2009,0.0;2014,0.124589674;2015,0.15511185;2012,0.0;2013,0.08021918',2,9,2),(125,'2065,0.4329206;2032,0.33054927;2064,0.43085048;2033,0.33552185;2067,0.43695626;2034,0.34027845;2066,0.43495545;2035,0.34483737;2069,0.44086048;2036,0.3492147;2068,0.43892422;2037,0.35342464;2038,0.35747984;2070,0.44276607;2039,0.36139145;2040,0.36516955;2041,0.3688232;2042,0.3723605;2043,0.37578887;2044,0.37911496;2045,0.38234487;2046,0.38548422;2047,0.38853803;2048,0.39151105;2017,0.19823436;2049,0.39440754;2016,0.17909743;2050,0.39723152;2019,0.22842416;2051,0.3999866;2018,0.21440649;2052,0.40267622;2021,0.25189033;2053,0.40530354;2020,0.24080256;2054,0.40787148;2023,0.27111816;2055,0.41038278;2022,0.26193488;2056,0.4128411;2025,0.28742203;2057,0.41524884;2024,0.27957818;2058,0.4176081;2027,0.30158412;2059,0.4199209;2026,0.29473454;2060,0.42218912;2029,0.31410867;2061,0.42441455;2028,0.3080267;2062,0.4265989;2031,0.32533967;2063,0.4287437;2030,0.31986886;2002,0.0;2003,0.0;2000,0.0;2001,0.0;2006,0.0;2007,0.0;2004,0.0;2005,0.0;2010,0.0;2011,0.0;2008,0.0;2009,0.0;2014,0.12501897;2015,0.15560378;2012,0.0;2013,0.080546625',2,7,2),(126,'2065,0.42517492;2032,0.32568556;2064,0.42319638;2033,0.3305528;2067,0.42902473;2034,0.33520693;2066,0.42711726;2035,0.33966595;2069,0.43273997;2036,0.34394568;2068,0.43089858;2037,0.34806004;2038,0.3520215;2070,0.43455008;2039,0.35584098;2040,0.35952848;2041,0.3630929;2042,0.36654222;2043,0.36988372;2044,0.37312403;2045,0.37626913;2046,0.37932456;2047,0.3822953;2048,0.38518605;2017,0.1953436;2049,0.388001;2016,0.17640527;2050,0.3907441;2019,0.22519745;2051,0.39341897;2018,0.21134025;2052,0.396029;2021,0.24837103;2053,0.39857727;2020,0.23742576;2054,0.4010667;2023,0.26732972;2055,0.40350002;2022,0.25827876;2056,0.4058785;2025,0.2833789;2057,0.40820467;2024,0.27566093;2058,0.41048077;2027,0.2972961;2059,0.4127089;2026,0.29056796;2060,0.4148911;2029,0.3095829;2061,0.41702923;2028,0.30361906;2062,0.41912505;2031,0.32058463;2063,0.42118025;2030,0.31522626;2002,0.0;2003,0.0;2000,0.0;2001,0.0;2006,0.0;2007,0.0;2004,0.0;2005,0.0;2010,0.0;2011,0.0;2008,0.0;2009,0.0;2014,0.1228783;2015,0.15314923;2012,0.0;2013,0.078916036',2,11,2),(127,'2065,0.35342;2032,0.35342;2064,0.35342;2033,0.35342;2067,0.35342;2034,0.35342;2066,0.35342;2035,0.35342;2069,0.35342;2036,0.35342;2068,0.35342;2037,0.35342;2038,0.35342;2070,0.35342;2039,0.35342;2040,0.35342;2041,0.35342;2042,0.35342;2043,0.35342;2044,0.35342;2045,0.35342;2046,0.35342;2047,0.35342;2048,0.35342;2017,0.35342;2049,0.35342;2016,0.35342;2050,0.35342;2019,0.35342;2051,0.35342;2018,0.35342;2052,0.35342;2021,0.35342;2053,0.35342;2020,0.35342;2054,0.35342;2023,0.35342;2055,0.35342;2022,0.35342;2056,0.35342;2025,0.35342;2057,0.35342;2024,0.35342;2058,0.35342;2027,0.35342;2059,0.35342;2026,0.35342;2060,0.35342;2029,0.35342;2061,0.35342;2028,0.35342;2062,0.35342;2031,0.35342;2063,0.35342;2030,0.35342;2002,0.0;2003,0.0;2000,0.0;2001,0.0;2006,0.0;2007,0.0;2004,0.0;2005,0.0;2010,0.0;2011,0.0;2008,0.0;2009,0.0;2014,0.35342;2015,0.35342;2012,0.0;2013,0.35342',2,20,3),(128,'2065,0.37037537;2032,0.36153787;2064,0.37007982;2033,0.3617506;2067,0.37096953;2034,0.36197144;2066,0.37067196;2035,0.36219928;2069,0.37156737;2036,0.36243328;2068,0.371268;2037,0.36267272;2038,0.36291692;2070,0.37186754;2039,0.36316538;2040,0.36341766;2041,0.36367333;2042,0.3639321;2043,0.36419362;2044,0.36445764;2045,0.36472395;2046,0.36499235;2047,0.36526266;2048,0.3655347;2017,0.3588075;2049,0.36580834;2016,0.35862792;2050,0.36608347;2019,0.35916665;2051,0.36635995;2018,0.3589871;2052,0.3666377;2021,0.35952583;2053,0.3669166;2020,0.35934624;2054,0.36719662;2023,0.359885;2055,0.36747763;2022,0.35970542;2056,0.36776054;2025,0.36024415;2057,0.36804527;2024,0.3600646;2058,0.36833167;2027,0.36060333;2059,0.36861962;2026,0.36042374;2060,0.36890906;2029,0.3609625;2061,0.36919987;2028,0.36078292;2062,0.369492;2031,0.36133453;2063,0.3697853;2030,0.36114207;2002,0.0;2003,0.0;2000,0.0;2001,0.0;2006,0.0;2007,0.0;2004,0.0;2005,0.0;2010,0.0;2011,0.0;2008,0.0;2009,0.0;2014,0.35826874;2015,0.35844833;2012,0.0;2013,0.35808918',2,10,3),(129,'2065,0.37091753;2032,0.36154434;2064,0.37059784;2033,0.36176294;2067,0.37156117;2034,0.36199102;2066,0.37123865;2035,0.36222738;2069,0.3722101;2036,0.362471;2068,0.371885;2037,0.36272097;2038,0.3629766;2070,0.37253633;2039,0.36323723;2040,0.36350232;2041,0.36377144;2042,0.36404416;2043,0.36432013;2044,0.36459905;2045,0.36488068;2046,0.36516476;2047,0.36545107;2048,0.3657394;2017,0.3588075;2049,0.36602965;2016,0.35862792;2050,0.36632165;2019,0.35916665;2051,0.36661524;2018,0.3589871;2052,0.3669103;2021,0.35952583;2053,0.36720675;2020,0.35934624;2054,0.36750448;2023,0.359885;2055,0.36780336;2022,0.35970542;2056,0.36810502;2025,0.36024415;2057,0.36840922;2024,0.3600646;2058,0.36871582;2027,0.36060333;2059,0.36902463;2026,0.36042374;2060,0.36933556;2029,0.3609625;2061,0.36964846;2028,0.36078292;2062,0.36996323;2031,0.3613368;2063,0.3702797;2030,0.36114207;2002,0.0;2003,0.0;2000,0.0;2001,0.0;2006,0.0;2007,0.0;2004,0.0;2005,0.0;2010,0.0;2011,0.0;2008,0.0;2009,0.0;2014,0.35826874;2015,0.35844833;2012,0.0;2013,0.35808918',2,8,3),(130,'2065,0.36384398;2032,0.3582946;2064,0.36366454;2033,0.35842577;2067,0.36420283;2034,0.35856262;2066,0.3640234;2035,0.35870445;2069,0.36456174;2036,0.3588506;2068,0.36438227;2037,0.3590006;2038,0.35915396;2070,0.36474118;2039,0.35931033;2040,0.35946938;2041,0.35963085;2042,0.3597945;2043,0.35996008;2044,0.36012745;2045,0.3602964;2046,0.36046684;2047,0.36063865;2048,0.36081165;2017,0.3566525;2049,0.3609858;2016,0.35654476;2050,0.361161;2019,0.356868;2051,0.36133713;2018,0.35676026;2052,0.36151418;2021,0.3570835;2053,0.36169204;2020,0.35697576;2054,0.36187068;2023,0.357299;2055,0.36205003;2022,0.35719126;2056,0.36222938;2025,0.3575145;2057,0.36240876;2024,0.35740674;2058,0.3625881;2027,0.35773;2059,0.36276752;2026,0.35762224;2060,0.3629469;2029,0.3579455;2061,0.3631263;2028,0.35783774;2062,0.36330572;2031,0.35817006;2063,0.36348513;2030,0.35805324;2002,0.0;2003,0.0;2000,0.0;2001,0.0;2006,0.0;2007,0.0;2004,0.0;2005,0.0;2010,0.0;2011,0.0;2008,0.0;2009,0.0;2014,0.35632926;2015,0.356437;2012,0.0;2013,0.3562215',2,12,3),(131,'2065,0.36773923;2032,0.36150557;2064,0.36755183;2033,0.36168903;2067,0.3681132;2034,0.36187348;2066,0.36792633;2035,0.36205873;2069,0.3684861;2036,0.36224473;2068,0.36829975;2037,0.36243135;2038,0.36261854;2070,0.3686722;2039,0.36280623;2040,0.36299434;2041,0.3631829;2042,0.3633718;2043,0.363561;2044,0.36375052;2045,0.36394033;2046,0.36413035;2047,0.3643206;2048,0.36451107;2017,0.3588075;2049,0.36470172;2016,0.35862792;2050,0.36489254;2019,0.35916665;2051,0.36508352;2018,0.3589871;2052,0.36527467;2021,0.35952583;2053,0.36546594;2020,0.35934624;2054,0.36565733;2023,0.359885;2055,0.36584884;2022,0.35970542;2056,0.3660398;2025,0.36024415;2057,0.36623028;2024,0.3600646;2058,0.36642027;2027,0.36060333;2059,0.3666098;2026,0.36042374;2060,0.36679897;2029,0.3609625;2061,0.3669877;2028,0.36078292;2062,0.3671761;2031,0.36132318;2063,0.3673641;2030,0.36114207;2002,0.0;2003,0.0;2000,0.0;2001,0.0;2006,0.0;2007,0.0;2004,0.0;2005,0.0;2010,0.0;2011,0.0;2008,0.0;2009,0.0;2014,0.35826874;2015,0.35844833;2012,0.0;2013,0.35808918',2,9,3),(132,'2065,0.3687876;2032,0.3623083;2064,0.36858582;2033,0.36250487;2067,0.36919263;2034,0.3627012;2066,0.36898988;2035,0.3628973;2069,0.36959952;2036,0.36309326;2068,0.36939585;2037,0.36328903;2038,0.36348468;2070,0.36980358;2039,0.36368018;2040,0.3638756;2041,0.3640709;2042,0.36426613;2043,0.36446124;2044,0.3646563;2045,0.3648513;2046,0.36504623;2047,0.3652411;2048,0.36543593;2017,0.35934624;2049,0.3656307;2016,0.3591487;2050,0.3658254;2019,0.35974133;2051,0.3660201;2018,0.3595438;2052,0.36621478;2021,0.36013642;2053,0.3664094;2020,0.3599389;2054,0.36660397;2023,0.3605315;2055,0.36679855;2022,0.36033395;2056,0.36699405;2025,0.36092657;2057,0.36719045;2024,0.36072904;2058,0.36738768;2027,0.36132166;2059,0.3675857;2026,0.36112413;2060,0.3677844;2029,0.36171675;2061,0.36798385;2028,0.36151922;2062,0.3681839;2031,0.36211145;2063,0.36838457;2030,0.36191428;2002,0.0;2003,0.0;2000,0.0;2001,0.0;2006,0.0;2007,0.0;2004,0.0;2005,0.0;2010,0.0;2011,0.0;2008,0.0;2009,0.0;2014,0.35875362;2015,0.35895118;2012,0.0;2013,0.3585561',2,7,3),(133,'2065,0.36229208;2032,0.3582752;2064,0.3621726;2033,0.3583888;2067,0.36252978;2034,0.35850385;2066,0.36241114;2035,0.3586201;2069,0.3627659;2036,0.35873747;2068,0.362648;2037,0.35885578;2038,0.35897493;2070,0.36288342;2039,0.35909483;2040,0.3592154;2041,0.35933658;2042,0.3594583;2043,0.35958052;2044,0.35970318;2045,0.35982624;2046,0.35994965;2047,0.36007342;2048,0.36019748;2017,0.3566525;2049,0.36032182;2016,0.35654476;2050,0.36044642;2019,0.356868;2051,0.3605713;2018,0.35676026;2052,0.36069635;2021,0.3570835;2053,0.36082163;2020,0.35697576;2054,0.3609471;2023,0.357299;2055,0.36107275;2022,0.35719126;2056,0.3611976;2025,0.3575145;2057,0.36132166;2024,0.35740674;2058,0.36144504;2027,0.35773;2059,0.36156774;2026,0.35762224;2060,0.3616898;2029,0.3579455;2061,0.3618113;2028,0.35783774;2062,0.36193225;2031,0.35816327;2063,0.36205268;2030,0.35805324;2002,0.0;2003,0.0;2000,0.0;2001,0.0;2006,0.0;2007,0.0;2004,0.0;2005,0.0;2010,0.0;2011,0.0;2008,0.0;2009,0.0;2014,0.35632926;2015,0.356437;2012,0.0;2013,0.3562215',2,11,3),(134,'2065,2.699698;2032,2.6998377;2064,2.6996996;2033,2.699827;2067,2.6996949;2034,2.6998172;2066,2.6996963;2035,2.6998084;2069,2.699692;2036,2.6998003;2068,2.6996934;2037,2.6997929;2038,2.699786;2070,2.6996906;2039,2.6997795;2040,2.6997736;2041,2.699768;2042,2.6997628;2043,2.699758;2044,2.6997535;2045,2.6997492;2046,2.6997452;2047,2.6997414;2048,2.699738;2017,2.70051;2049,2.6997344;2016,2.7007341;2050,2.6997313;2019,2.700254;2051,2.6997283;2018,2.7003608;2052,2.6997254;2021,2.7001116;2053,2.6997228;2020,2.700174;2054,2.6997201;2023,2.700021;2055,2.6997175;2022,2.7000618;2056,2.6997151;2025,2.6999583;2057,2.699713;2024,2.6999872;2058,2.6997108;2027,2.6999123;2059,2.6997087;2026,2.6999338;2060,2.6997068;2029,2.6998773;2061,2.699705;2028,2.6998937;2062,2.699703;2031,2.6998494;2063,2.6997013;2030,2.6998625;2002,0.0;2003,0.0;2000,0.0;2001,0.0;2006,0.0;2007,0.0;2004,0.0;2005,0.0;2010,0.0;2011,0.0;2008,0.0;2009,0.0;2014,2.7018526;2015,2.7011073;2012,0.0;2013,2.7040823',2,20,4),(135,'2065,2.5761087;2032,2.6392162;2064,2.5781677;2033,2.6376536;2067,2.5719798;2034,2.6360352;2066,2.574046;2035,2.6343682;2069,2.567839;2036,2.6326594;2068,2.5699108;2037,2.6309142;2038,2.629137;2070,2.565765;2039,2.627332;2040,2.6255023;2041,2.6236513;2042,2.6217809;2043,2.6198936;2044,2.6179912;2045,2.6160755;2046,2.614148;2047,2.6122098;2048,2.6102622;2017,2.659962;2049,2.6083062;2016,2.6615148;2050,2.606343;2019,2.65705;2051,2.604373;2018,2.6584842;2052,2.6023974;2021,2.6542556;2053,2.6004164;2020,2.6556435;2054,2.598431;2023,2.6515176;2055,2.5964417;2022,2.6528816;2056,2.594442;2025,2.6488125;2057,2.5924327;2024,2.650162;2058,2.5904148;2027,2.6461294;2059,2.5883892;2026,2.6474686;2060,2.5863566;2029,2.643462;2061,2.5843174;2028,2.6447937;2062,2.5822725;2031,2.640713;2063,2.5802226;2030,2.642133;2002,0.0;2003,0.0;2000,0.0;2001,0.0;2006,0.0;2007,0.0;2004,0.0;2005,0.0;2010,0.0;2011,0.0;2008,0.0;2009,0.0;2014,2.665286;2015,2.6632159;2012,0.0;2013,2.6688235',2,10,4),(136,'2065,2.5723433;2032,2.639169;2064,2.574564;2033,2.637564;2067,2.5678844;2034,2.6358924;2066,2.5701168;2035,2.6341639;2069,2.5634048;2036,2.6323855;2068,2.565647;2037,2.630564;2038,2.6287048;2070,2.5611587;2039,2.6268125;2040,2.624891;2041,2.6229439;2042,2.6209738;2043,2.6189837;2044,2.6169758;2045,2.6149518;2046,2.6129136;2047,2.610863;2048,2.6088011;2017,2.659962;2049,2.606729;2016,2.6615148;2050,2.6046484;2019,2.65705;2051,2.6025596;2018,2.6584842;2052,2.6004639;2021,2.6542556;2053,2.598362;2020,2.6556435;2054,2.5962543;2023,2.6515176;2055,2.594142;2022,2.6528816;2056,2.592014;2025,2.6488125;2057,2.5898716;2024,2.650162;2058,2.5877159;2027,2.6461294;2059,2.5855484;2026,2.6474686;2060,2.5833697;2029,2.643462;2061,2.5811813;2028,2.6447937;2062,2.5789835;2031,2.6406965;2063,2.5767775;2030,2.642133;2002,0.0;2003,0.0;2000,0.0;2001,0.0;2006,0.0;2007,0.0;2004,0.0;2005,0.0;2010,0.0;2011,0.0;2008,0.0;2009,0.0;2014,2.665286;2015,2.6632159;2012,0.0;2013,2.6688235',2,8,4),(137,'2065,2.6223528;2032,2.6631062;2064,2.6236482;2033,2.6621213;2067,2.6197658;2034,2.6610956;2066,2.6210587;2035,2.660035;2069,2.6171842;2036,2.6589434;2068,2.6184742;2037,2.657825;2038,2.6566832;2070,2.615895;2039,2.6555207;2040,2.65434;2041,2.6531427;2042,2.651931;2043,2.6507063;2044,2.64947;2045,2.6482234;2046,2.6469674;2047,2.6457028;2048,2.6444306;2017,2.6760342;2049,2.6431515;2016,2.677065;2050,2.6418664;2019,2.6741645;2051,2.6405754;2018,2.675078;2052,2.6392796;2021,2.67241;2053,2.637979;2020,2.673278;2054,2.6366742;2023,2.6707084;2055,2.6353657;2022,2.6715546;2056,2.6340585;2025,2.6690366;2057,2.6327527;2024,2.6698697;2058,2.631448;2027,2.6673834;2059,2.6301448;2026,2.6682081;2060,2.6288428;2029,2.6657426;2061,2.6275423;2028,2.6665616;2062,2.6262429;2031,2.664044;2063,2.624945;2030,2.664926;2002,0.0;2003,0.0;2000,0.0;2001,0.0;2006,0.0;2007,0.0;2004,0.0;2005,0.0;2010,0.0;2011,0.0;2008,0.0;2009,0.0;2014,2.6797934;2015,2.678244;2012,0.0;2013,2.682816',2,12,4),(138,'2065,2.5945756;2032,2.6394522;2064,2.5959;2033,2.6381028;2067,2.5919368;2034,2.6367486;2066,2.5932546;2035,2.6353908;2069,2.5893111;2036,2.6340299;2068,2.5906224;2037,2.632666;2038,2.6313004;2070,2.5880027;2039,2.629933;2040,2.6285641;2041,2.6271942;2042,2.6258235;2043,2.624452;2044,2.6230805;2045,2.6217084;2046,2.6203363;2047,2.6189642;2048,2.6175923;2017,2.659962;2049,2.6162207;2016,2.6615148;2050,2.6148493;2019,2.65705;2051,2.6134787;2018,2.6584842;2052,2.6121082;2021,2.6542556;2053,2.6107385;2020,2.6556435;2054,2.6093695;2023,2.6515176;2055,2.6080012;2022,2.6528816;2056,2.6066382;2025,2.6488125;2057,2.6052804;2024,2.650162;2058,2.6039274;2027,2.6461294;2059,2.602579;2026,2.6474686;2060,2.6012352;2029,2.643462;2061,2.5998955;2028,2.6447937;2062,2.5985599;2031,2.640796;2063,2.597228;2030,2.642133;2002,0.0;2003,0.0;2000,0.0;2001,0.0;2006,0.0;2007,0.0;2004,0.0;2005,0.0;2010,0.0;2011,0.0;2008,0.0;2009,0.0;2014,2.665286;2015,2.6632159;2012,0.0;2013,2.6688235',2,9,4),(139,'2065,2.5872;2032,2.633604;2064,2.5886178;2033,2.6321657;2067,2.5843585;2034,2.6307313;2066,2.5857801;2035,2.629301;2069,2.5815108;2036,2.6278741;2068,2.5829353;2037,2.6264508;2038,2.6250303;2070,2.580085;2039,2.6236129;2040,2.6221983;2041,2.6207862;2042,2.6193767;2043,2.6179698;2044,2.616565;2045,2.6151624;2046,2.6137621;2047,2.6123638;2048,2.6109676;2017,2.655974;2049,2.6095736;2016,2.6576552;2050,2.6081812;2019,2.6528056;2051,2.606791;2018,2.654368;2052,2.6054027;2021,2.6497555;2053,2.6040163;2020,2.6512709;2054,2.6026316;2023,2.646763;2055,2.6012487;2022,2.6482542;2056,2.5998607;2025,2.6438043;2057,2.5984678;2024,2.6452804;2058,2.5970707;2027,2.6408687;2059,2.5956697;2026,2.642334;2060,2.5942652;2029,2.6379497;2061,2.5928576;2028,2.6394074;2062,2.5914469;2031,2.6350472;2063,2.5900335;2030,2.6364956;2002,0.0;2003,0.0;2000,0.0;2001,0.0;2006,0.0;2007,0.0;2004,0.0;2005,0.0;2010,0.0;2011,0.0;2008,0.0;2009,0.0;2014,2.6616838;2015,2.659485;2012,0.0;2013,2.665348',2,7,4),(140,'2065,2.6335857;2032,2.6632504;2064,2.634456;2033,2.6623957;2067,2.631856;2034,2.661532;2066,2.632719;2035,2.6606603;2069,2.63014;2036,2.659782;2068,2.6309965;2037,2.6588976;2038,2.6580083;2070,2.629287;2039,2.6571145;2040,2.6562166;2041,2.6553154;2042,2.6544113;2043,2.6535044;2044,2.652595;2045,2.6516838;2046,2.6507707;2047,2.6498559;2048,2.6489396;2017,2.6760342;2049,2.6480222;2016,2.677065;2050,2.6471035;2019,2.6741645;2051,2.646184;2018,2.675078;2052,2.6452637;2021,2.67241;2053,2.6443424;2020,2.673278;2054,2.6434207;2023,2.6707084;2055,2.6424985;2022,2.6715546;2056,2.641583;2025,2.6690366;2057,2.6406736;2024,2.6698697;2058,2.63977;2027,2.6673834;2059,2.6388721;2026,2.6682081;2060,2.6379797;2029,2.6657426;2061,2.6370919;2028,2.6665616;2062,2.636209;2031,2.6640944;2063,2.6353304;2030,2.664926;2002,0.0;2003,0.0;2000,0.0;2001,0.0;2006,0.0;2007,0.0;2004,0.0;2005,0.0;2010,0.0;2011,0.0;2008,0.0;2009,0.0;2014,2.6797934;2015,2.678244;2012,0.0;2013,2.682816',2,11,4),(141,'2065,29.87111;2032,29.87111;2064,29.87111;2033,29.87111;2067,29.87111;2034,29.87111;2066,29.87111;2035,29.87111;2069,29.87111;2036,29.87111;2068,29.87111;2037,29.87111;2038,29.87111;2070,29.87111;2039,29.87111;2040,29.87111;2041,29.87111;2042,29.87111;2043,29.87111;2044,29.87111;2045,29.87111;2046,29.87111;2047,29.87111;2048,29.87111;2017,29.87111;2049,29.87111;2016,29.87111;2050,29.87111;2019,29.87111;2051,29.87111;2018,29.87111;2052,29.87111;2021,29.87111;2053,29.87111;2020,29.87111;2054,29.87111;2023,29.87111;2055,29.87111;2022,29.87111;2056,29.87111;2025,29.87111;2057,29.87111;2024,29.87111;2058,29.87111;2027,29.87111;2059,29.87111;2026,29.87111;2060,29.87111;2029,29.87111;2061,29.87111;2028,29.87111;2062,29.87111;2031,29.87111;2063,29.87111;2030,29.87111;2002,0.0;2003,0.0;2000,0.0;2001,0.0;2006,0.0;2007,0.0;2004,0.0;2005,0.0;2010,0.0;2011,0.0;2008,0.0;2009,0.0;2014,29.87111;2015,29.87111;2012,0.0;2013,29.87111',2,20,5),(142,'2065,29.29416;2032,29.597605;2064,29.304386;2033,29.590363;2067,29.273592;2034,29.582842;2066,29.283895;2035,29.575079;2069,29.252876;2036,29.5671;2068,29.26325;2037,29.558933;2038,29.5506;2070,29.242468;2039,29.542116;2040,29.533497;2041,29.524757;2042,29.51591;2043,29.50696;2044,29.497921;2045,29.488798;2046,29.479599;2047,29.470331;2048,29.460999;2017,29.690237;2049,29.451605;2016,29.696308;2050,29.442156;2019,29.678085;2051,29.432655;2018,29.684162;2052,29.423107;2021,29.665924;2053,29.413513;2020,29.672007;2054,29.403877;2023,29.653753;2055,29.394201;2022,29.65984;2056,29.384455;2025,29.641571;2057,29.374643;2024,29.647663;2058,29.364767;2027,29.629377;2059,29.354834;2026,29.635475;2060,29.344843;2029,29.617174;2061,29.3348;2028,29.623278;2062,29.324709;2031,29.604525;2063,29.31457;2030,29.61107;2002,0.0;2003,0.0;2000,0.0;2001,0.0;2006,0.0;2007,0.0;2004,0.0;2005,0.0;2010,0.0;2011,0.0;2008,0.0;2009,0.0;2014,29.708443;2015,29.702377;2012,0.0;2013,29.714504',2,10,5),(143,'2065,29.275393;2032,29.597385;2064,29.28646;2033,29.589945;2067,29.25309;2034,29.582174;2066,29.264269;2035,29.57412;2069,29.230585;2036,29.565815;2068,29.241861;2037,29.557287;2038,29.548563;2070,29.219261;2039,29.539661;2040,29.530603;2041,29.521404;2042,29.512075;2043,29.502628;2044,29.493076;2045,29.483427;2046,29.473688;2047,29.463867;2048,29.45397;2017,29.690237;2049,29.444004;2016,29.696308;2050,29.433971;2019,29.678085;2051,29.42388;2018,29.684162;2052,29.41373;2021,29.665924;2053,29.403528;2020,29.672007;2054,29.393278;2023,29.653753;2055,29.38298;2022,29.65984;2056,29.372583;2025,29.641571;2057,29.362093;2024,29.647663;2058,29.351513;2027,29.629377;2059,29.340853;2026,29.635475;2060,29.330112;2029,29.617174;2061,29.319302;2028,29.623278;2062,29.308418;2031,29.604448;2063,29.297472;2030,29.61107;2002,0.0;2003,0.0;2000,0.0;2001,0.0;2006,0.0;2007,0.0;2004,0.0;2005,0.0;2010,0.0;2011,0.0;2008,0.0;2009,0.0;2014,29.708443;2015,29.702377;2012,0.0;2013,29.714504',2,8,5),(144,'2065,29.518923;2032,29.70757;2064,29.525059;2033,29.703138;2067,29.506643;2034,29.698515;2066,29.512785;2035,29.693722;2069,29.494356;2036,29.68878;2068,29.500502;2037,29.683706;2038,29.678516;2070,29.488207;2039,29.673223;2040,29.667837;2041,29.662367;2042,29.656822;2043,29.651207;2044,29.64553;2045,29.639797;2046,29.634012;2047,29.62818;2048,29.622301;2017,29.762907;2049,29.616383;2016,29.76653;2050,29.610428;2019,29.75566;2051,29.604435;2018,29.759283;2052,29.598412;2021,29.748405;2053,29.592358;2020,29.752033;2054,29.586275;2023,29.741148;2055,29.580166;2022,29.744778;2056,29.574053;2025,29.733889;2057,29.567938;2024,29.737518;2058,29.56182;2027,29.726624;2059,29.5557;2026,29.730255;2060,29.549576;2029,29.719353;2061,29.543451;2028,29.722988;2062,29.537323;2031,29.711775;2063,29.53119;2030,29.715717;2002,0.0;2003,0.0;2000,0.0;2001,0.0;2006,0.0;2007,0.0;2004,0.0;2005,0.0;2010,0.0;2011,0.0;2008,0.0;2009,0.0;2014,29.773771;2015,29.770151;2012,0.0;2013,29.777391',2,12,5),(145,'2065,29.38519;2032,29.598705;2064,29.391645;2033,29.59246;2067,29.372301;2034,29.58618;2066,29.378742;2035,29.579868;2069,29.35944;2036,29.57353;2068,29.365868;2037,29.567167;2038,29.560781;2070,29.35302;2039,29.554379;2040,29.547956;2041,29.541517;2042,29.535065;2043,29.528597;2044,29.522118;2045,29.515627;2046,29.509125;2047,29.502613;2048,29.49609;2017,29.690237;2049,29.48956;2016,29.696308;2050,29.48302;2019,29.678085;2051,29.476473;2018,29.684162;2052,29.46992;2021,29.665924;2053,29.463358;2020,29.672007;2054,29.456789;2023,29.653753;2055,29.450214;2022,29.65984;2056,29.443655;2025,29.641571;2057,29.43711;2024,29.647663;2058,29.430582;2027,29.629377;2059,29.424065;2026,29.635475;2060,29.41756;2029,29.617174;2061,29.411066;2028,29.623278;2062,29.404583;2031,29.60491;2063,29.39811;2030,29.61107;2002,0.0;2003,0.0;2000,0.0;2001,0.0;2006,0.0;2007,0.0;2004,0.0;2005,0.0;2010,0.0;2011,0.0;2008,0.0;2009,0.0;2014,29.708443;2015,29.702377;2012,0.0;2013,29.714504',2,9,5),(146,'2065,29.349037;2032,29.571362;2064,29.355999;2033,29.56466;2067,29.33505;2034,29.557962;2066,29.342052;2035,29.55127;2069,29.320993;2036,29.544579;2068,29.32803;2037,29.537891;2038,29.531206;2070,29.313938;2039,29.524523;2040,29.517841;2041,29.51116;2042,29.504478;2043,29.497797;2044,29.491116;2045,29.484434;2046,29.477753;2047,29.47107;2048,29.464386;2017,29.672007;2049,29.457703;2016,29.678694;2050,29.451017;2019,29.658623;2051,29.444332;2018,29.665316;2052,29.437645;2021,29.645226;2053,29.430956;2020,29.651926;2054,29.424267;2023,29.631817;2055,29.417574;2022,29.638523;2056,29.410849;2025,29.618395;2057,29.404089;2024,29.625109;2058,29.397299;2027,29.604961;2059,29.39048;2026,29.611681;2060,29.383633;2029,29.591516;2061,29.37676;2028,29.59824;2062,29.369864;2031,29.578072;2063,29.362942;2030,29.58479;2002,0.0;2003,0.0;2000,0.0;2001,0.0;2006,0.0;2007,0.0;2004,0.0;2005,0.0;2010,0.0;2011,0.0;2008,0.0;2009,0.0;2014,29.692059;2015,29.685377;2012,0.0;2013,29.698736',2,7,5),(147,'2065,29.571915;2032,29.708223;2064,29.575987;2033,29.704388;2067,29.56381;2034,29.7005;2066,29.567856;2035,29.696571;2069,29.555754;2036,29.692604;2068,29.559776;2037,29.688604;2038,29.684574;2070,29.551743;2039,29.680517;2040,29.676435;2041,29.672335;2042,29.668213;2043,29.664072;2044,29.659916;2045,29.655745;2046,29.651562;2047,29.647364;2048,29.643154;2017,29.762907;2049,29.638935;2016,29.76653;2050,29.634705;2019,29.75566;2051,29.630466;2018,29.759283;2052,29.626219;2021,29.748405;2053,29.621962;2020,29.752033;2054,29.617699;2023,29.741148;2055,29.613426;2022,29.744778;2056,29.609182;2025,29.733889;2057,29.604961;2024,29.737518;2058,29.600765;2027,29.726624;2059,29.59659;2026,29.730255;2060,29.592434;2029,29.719353;2061,29.588297;2028,29.722988;2062,29.584177;2031,29.712004;2063,29.580074;2030,29.715717;2002,0.0;2003,0.0;2000,0.0;2001,0.0;2006,0.0;2007,0.0;2004,0.0;2005,0.0;2010,0.0;2011,0.0;2008,0.0;2009,0.0;2014,29.773771;2015,29.770151;2012,0.0;2013,29.777391',2,11,5),(148,'2065,32.57081;2032,32.57095;2064,32.570812;2033,32.57094;2067,32.570805;2034,32.57093;2066,32.57081;2035,32.57092;2069,32.570805;2036,32.57091;2068,32.570805;2037,32.570904;2038,32.570896;2070,32.5708;2039,32.570892;2040,32.570885;2041,32.57088;2042,32.570873;2043,32.57087;2044,32.570866;2045,32.57086;2046,32.570858;2047,32.570854;2048,32.57085;2017,32.57162;2049,32.570847;2016,32.571846;2050,32.570843;2019,32.571365;2051,32.57084;2018,32.571472;2052,32.570835;2021,32.571224;2053,32.570835;2020,32.571285;2054,32.57083;2023,32.571133;2055,32.570827;2022,32.571175;2056,32.570827;2025,32.57107;2057,32.570824;2024,32.5711;2058,32.570824;2027,32.571022;2059,32.57082;2026,32.571045;2060,32.57082;2029,32.570988;2061,32.570816;2028,32.571007;2062,32.570816;2031,32.57096;2063,32.570812;2030,32.570972;2002,0.0;2003,0.0;2000,0.0;2001,0.0;2006,0.0;2007,0.0;2004,0.0;2005,0.0;2010,0.0;2011,0.0;2008,0.0;2009,0.0;2014,32.572964;2015,32.57222;2012,0.0;2013,32.575195',2,20,6),(149,'2065,31.87027;2032,32.23682;2064,31.882555;2033,32.228016;2067,31.845572;2034,32.218876;2066,31.85794;2035,32.209446;2069,31.820715;2036,32.19976;2068,31.833162;2037,32.18985;2038,32.179737;2070,31.808233;2039,32.16945;2040,32.159;2041,32.148407;2042,32.137688;2043,32.126854;2044,32.115913;2045,32.104874;2046,32.093746;2047,32.082542;2048,32.07126;2017,32.350197;2049,32.05991;2016,32.357822;2050,32.0485;2019,32.335136;2051,32.03703;2018,32.342648;2052,32.025505;2021,32.32018;2053,32.01393;2020,32.327652;2054,32.002308;2023,32.30527;2055,31.990644;2022,32.31272;2056,31.978897;2025,32.290382;2057,31.967075;2024,32.297825;2058,31.955181;2027,32.27551;2059,31.943222;2026,32.282944;2060,31.9312;2029,32.260635;2061,31.919119;2028,32.26807;2062,31.90698;2031,32.24524;2063,31.894793;2030,32.253204;2002,0.0;2003,0.0;2000,0.0;2001,0.0;2006,0.0;2007,0.0;2004,0.0;2005,0.0;2010,0.0;2011,0.0;2008,0.0;2009,0.0;2014,32.37373;2015,32.365593;2012,0.0;2013,32.383327',2,10,6),(150,'2065,31.847736;2032,32.236553;2064,31.861025;2033,32.22751;2067,31.820974;2034,32.218067;2066,31.834385;2035,32.208282;2069,31.79399;2036,32.1982;2068,31.807508;2037,32.18785;2038,32.17727;2070,31.78042;2039,32.166473;2040,32.155495;2041,32.14435;2042,32.13305;2043,32.121613;2044,32.110054;2045,32.098377;2046,32.0866;2047,32.07473;2048,32.06277;2017,32.350197;2049,32.05073;2016,32.357822;2050,32.03862;2019,32.335136;2051,32.02644;2018,32.342648;2052,32.014194;2021,32.32018;2053,32.00189;2020,32.327652;2054,31.989532;2023,32.30527;2055,31.977121;2022,32.31272;2056,31.964596;2025,32.290382;2057,31.951963;2024,32.297825;2058,31.93923;2027,32.27551;2059,31.926401;2026,32.282944;2060,31.913483;2029,32.260635;2061,31.900482;2028,32.26807;2062,31.887402;2031,32.245144;2063,31.874249;2030,32.253204;2002,0.0;2003,0.0;2000,0.0;2001,0.0;2006,0.0;2007,0.0;2004,0.0;2005,0.0;2010,0.0;2011,0.0;2008,0.0;2009,0.0;2014,32.37373;2015,32.365593;2012,0.0;2013,32.383327',2,8,6),(151,'2065,32.141277;2032,32.370674;2064,32.14871;2033,32.36526;2067,32.12641;2034,32.35961;2066,32.133842;2035,32.353756;2069,32.111538;2036,32.34772;2068,32.118977;2037,32.34153;2038,32.3352;2070,32.104103;2039,32.328743;2040,32.322178;2041,32.31551;2042,32.308754;2043,32.301914;2044,32.295002;2045,32.28802;2046,32.28098;2047,32.27388;2048,32.26673;2017,32.438942;2049,32.259533;2016,32.443596;2050,32.252293;2019,32.429825;2051,32.24501;2018,32.43436;2052,32.23769;2021,32.420815;2053,32.230335;2020,32.425312;2054,32.22295;2023,32.411858;2055,32.21553;2022,32.416332;2056,32.20811;2025,32.402924;2057,32.20069;2024,32.407387;2058,32.193268;2027,32.394005;2059,32.185844;2026,32.398464;2060,32.17842;2029,32.385098;2061,32.170994;2028,32.38955;2062,32.163567;2031,32.375816;2063,32.156136;2030,32.380642;2002,0.0;2003,0.0;2000,0.0;2001,0.0;2006,0.0;2007,0.0;2004,0.0;2005,0.0;2010,0.0;2011,0.0;2008,0.0;2009,0.0;2014,32.453564;2015,32.448395;2012,0.0;2013,32.46021',2,12,6),(152,'2065,31.979765;2032,32.23816;2064,31.987547;2033,32.230564;2067,31.96424;2034,32.222927;2066,31.971996;2035,32.21526;2069,31.948751;2036,32.207558;2068,31.95649;2037,32.199833;2038,32.19208;2070,31.941021;2039,32.18431;2040,32.17652;2041,32.168713;2042,32.16089;2043,32.15305;2044,32.1452;2045,32.137337;2046,32.12946;2047,32.12158;2048,32.11368;2017,32.350197;2049,32.10578;2016,32.357822;2050,32.09787;2019,32.335136;2051,32.08995;2018,32.342648;2052,32.082027;2021,32.32018;2053,32.074097;2020,32.327652;2054,32.06616;2023,32.30527;2055,32.058216;2022,32.31272;2056,32.050293;2025,32.290382;2057,32.042393;2024,32.297825;2058,32.034508;2027,32.27551;2059,32.026646;2026,32.282944;2060,32.018795;2029,32.260635;2061,32.010963;2028,32.26807;2062,32.003143;2031,32.24571;2063,31.995338;2030,32.253204;2002,0.0;2003,0.0;2000,0.0;2001,0.0;2006,0.0;2007,0.0;2004,0.0;2005,0.0;2010,0.0;2011,0.0;2008,0.0;2009,0.0;2014,32.37373;2015,32.365593;2012,0.0;2013,32.383327',2,9,6),(153,'2065,31.936235;2032,32.204967;2064,31.944618;2033,32.196827;2067,31.919409;2034,32.188694;2066,31.927834;2035,32.18057;2069,31.902504;2036,32.172455;2068,31.910965;2037,32.16434;2038,32.15624;2070,31.894024;2039,32.148136;2040,32.140038;2041,32.131947;2042,32.123856;2043,32.115765;2044,32.10768;2045,32.099598;2046,32.091515;2047,32.083435;2048,32.075356;2017,32.32798;2049,32.067276;2016,32.33635;2050,32.0592;2019,32.311428;2051,32.05112;2018,32.319683;2052,32.04305;2021,32.294983;2053,32.034973;2020,32.303196;2054,32.026897;2023,32.27858;2055,32.01882;2022,32.286777;2056,32.010708;2025,32.2622;2057,32.002556;2024,32.27039;2058,31.99437;2027,32.24583;2059,31.986149;2026,32.254013;2060,31.977898;2029,32.229465;2061,31.969618;2028,32.237648;2062,31.96131;2031,32.21312;2063,31.952976;2030,32.221283;2002,0.0;2003,0.0;2000,0.0;2001,0.0;2006,0.0;2007,0.0;2004,0.0;2005,0.0;2010,0.0;2011,0.0;2008,0.0;2009,0.0;2014,32.35374;2015,32.344864;2012,0.0;2013,32.364082',2,7,6),(154,'2065,32.2055;2032,32.371475;2064,32.21044;2033,32.366783;2067,32.195667;2034,32.362034;2066,32.200577;2035,32.35723;2069,32.185894;2036,32.352386;2068,32.190773;2037,32.347504;2038,32.342583;2070,32.18103;2039,32.33763;2040,32.332653;2041,32.32765;2042,32.322624;2043,32.317577;2044,32.31251;2045,32.30743;2046,32.30233;2047,32.29722;2048,32.292095;2017,32.438942;2049,32.286957;2016,32.443596;2050,32.28181;2019,32.429825;2051,32.27665;2018,32.43436;2052,32.27148;2021,32.420815;2053,32.266304;2020,32.425312;2054,32.26112;2023,32.411858;2055,32.255924;2022,32.416332;2056,32.250767;2025,32.402924;2057,32.245636;2024,32.407387;2058,32.240536;2027,32.394005;2059,32.235462;2026,32.398464;2060,32.23041;2029,32.385098;2061,32.225388;2028,32.38955;2062,32.220387;2031,32.3761;2063,32.215405;2030,32.380642;2002,0.0;2003,0.0;2000,0.0;2001,0.0;2006,0.0;2007,0.0;2004,0.0;2005,0.0;2010,0.0;2011,0.0;2008,0.0;2009,0.0;2014,32.453564;2015,32.448395;2012,0.0;2013,32.46021',2,11,6),(155,'2065,1.2080553;2032,0.35173425;2064,1.1799953;2033,0.37477422;2067,1.2644655;2034,0.39807484;2066,1.2362126;2035,0.4216238;2069,1.3212501;2036,0.44540977;2068,1.2928119;2037,0.46942246;2038,0.4936523;2070,1.3497783;2039,0.5180906;2040,0.54272914;2041,0.56756043;2042,0.59257746;2043,0.6177737;2044,0.643143;2045,0.6686796;2046,0.69437814;2047,0.72023356;2048,0.74624115;2017,0.052757543;2049,0.7723963;2016,0.038093064;2050,0.79869485;2019,0.085196055;2051,0.8251327;2018,0.06851709;2052,0.85170615;2021,0.12083165;2053,0.8784114;2020,0.10266664;2054,0.9052451;2023,0.1589542;2055,0.932204;2022,0.13961472;2056,0.95928496;2025,0.1991078;2057,0.986485;2024,0.1787994;2058,1.0138012;2027,0.24097483;2059,1.041231;2026,0.21984328;2060,1.0687717;2029,0.2843215;2061,1.0964208;2028,0.26247546;2062,1.1241759;2031,0.32896852;2063,1.1520349;2030,0.30649206;2002,0.0;2003,0.0;2000,0.0;2001,0.0;2006,0.0;2007,0.0;2004,0.0;2005,0.0;2010,0.0;2011,0.0;2008,0.0;2009,0.0;2014,0.013232722;2015,0.024780516;2012,0.0;2013,0.0042325784',2,20,7),(156,'2065,1.2950653;2032,0.36626777;2064,1.2637732;2033,0.3905112;2067,1.3581425;2034,0.41507557;2066,1.3265224;2035,0.43994868;2069,1.4218652;2036,0.46511948;2068,1.389924;2037,0.4905778;2038,0.51631427;2070,1.4539641;2039,0.5423203;2040,0.5685879;2041,0.5951097;2042,0.6218787;2043,0.6488885;2044,0.67613316;2045,0.7036069;2046,0.7313046;2047,0.7592212;2048,0.78735197;2017,0.05471523;2049,0.8156926;2016,0.039533634;2050,0.8442388;2019,0.08831653;2051,0.87298673;2018,0.071035385;2052,0.90193254;2021,0.12527682;2053,0.9310728;2020,0.106429674;2054,0.960404;2023,0.16488022;2055,0.98992294;2022,0.14478101;2056,1.0196308;2025,0.20666787;2057,1.0495248;2024,0.1855234;2058,1.0796019;2027,0.25032052;2059,1.1098597;2026,0.22827731;2060,1.1402955;2029,0.2956034;2061,1.1709071;2028,0.2727705;2062,1.201692;2031,0.34235856;2063,1.2326481;2030,0.31879833;2002,0.0;2003,0.0;2000,0.0;2001,0.0;2006,0.0;2007,0.0;2004,0.0;2005,0.0;2010,0.0;2011,0.0;2008,0.0;2009,0.0;2014,0.0137856025;2015,0.025750706;2012,0.0;2013,0.004436732',2,10,7),(157,'2065,1.2978976;2032,0.36627945;2064,1.2664245;2033,0.39053473;2067,1.3613592;2034,0.41511494;2066,1.3295431;2035,0.44000798;2069,1.4254966;2036,0.46520287;2068,1.3933444;2037,0.49068943;2038,0.51645833;2070,1.4578142;2039,0.54250103;2040,0.5688095;2041,0.59537643;2042,0.62219495;2043,0.64925855;2044,0.6765613;2045,0.70409757;2046,0.73186207;2047,0.7598499;2048,0.7880564;2017,0.05471523;2049,0.816477;2016,0.039533634;2050,0.84510773;2019,0.08831653;2051,0.8739446;2018,0.071035385;2052,0.9029838;2021,0.12527682;2053,0.9322219;2020,0.106429674;2054,0.96165544;2023,0.16488022;2055,0.9912813;2022,0.14478101;2056,1.0211033;2025,0.20666787;2057,1.0511187;2024,0.1855234;2058,1.0813247;2027,0.25032052;2059,1.1117187;2026,0.22827731;2060,1.1422981;2029,0.2956034;2061,1.1730607;2028,0.2727705;2062,1.204004;2031,0.34236243;2063,1.235126;2030,0.31879833;2002,0.0;2003,0.0;2000,0.0;2001,0.0;2006,0.0;2007,0.0;2004,0.0;2005,0.0;2010,0.0;2011,0.0;2008,0.0;2009,0.0;2014,0.0137856025;2015,0.025750706;2012,0.0;2013,0.004436732',2,8,7),(158,'2065,1.2611829;2032,0.36042458;2064,1.2311656;2033,0.38419005;2067,1.321619;2034,0.40825444;2066,1.2913346;2035,0.43260553;2069,1.3825783;2036,0.45723218;2068,1.3520341;2037,0.48212418;2038,0.5072721;2070,1.4132496;2039,0.5326673;2040,0.5583016;2041,0.5841678;2042,0.61025876;2043,0.636568;2044,0.6630896;2045,0.6898177;2046,0.7167471;2047,0.7438728;2048,0.77119;2017,0.053927336;2049,0.7986943;2016,0.038953725;2050,0.82638144;2019,0.08706094;2051,0.8542475;2018,0.07002201;2052,0.88228863;2021,0.12348834;2053,0.91050136;2020,0.10491561;2054,0.9388821;2023,0.16249591;2055,0.9674278;2022,0.1427024;2056,0.99613243;2025,0.20362593;2057,1.0249932;2024,0.18281797;2058,1.0540072;2027,0.24655981;2059,1.0831716;2026,0.2248836;2060,1.1124841;2029,0.29106307;2061,1.1419421;2028,0.26862752;2062,1.1715431;2031,0.33697143;2063,1.2012851;2030,0.31384546;2002,0.0;2003,0.0;2000,0.0;2001,0.0;2006,0.0;2007,0.0;2004,0.0;2005,0.0;2010,0.0;2011,0.0;2008,0.0;2009,0.0;2014,0.013562796;2015,0.025360001;2012,0.0;2013,0.0043543205',2,12,7),(159,'2065,1.2813363;2032,0.3662093;2064,1.2508734;2033,0.39039367;2067,1.3426651;2034,0.41487876;2066,1.3119342;2035,0.43965214;2069,1.4045186;2036,0.46470264;2068,1.3735272;2037,0.49001986;2038,0.5155943;2070,1.4356377;2039,0.54141724;2040,0.56748056;2041,0.5937767;2042,0.6202986;2043,0.6470399;2044,0.67399436;2045,0.7011563;2046,0.7285204;2047,0.75608146;2048,0.7838349;2017,0.05471523;2049,0.8117761;2016,0.039533634;2050,0.8399009;2019,0.08831653;2051,0.86820525;2018,0.071035385;2052,0.8966854;2021,0.12527682;2053,0.9253377;2020,0.106429674;2054,0.95415866;2023,0.16488022;2055,0.9831451;2022,0.14478101;2056,1.0122912;2025,0.20666787;2057,1.0415938;2024,0.1855234;2058,1.0710502;2027,0.25032052;2059,1.1006577;2026,0.22827731;2060,1.1304135;2029,0.2956034;2061,1.1603154;2028,0.2727705;2062,1.1903609;2031,0.3423392;2063,1.2205476;2030,0.31879833;2002,0.0;2003,0.0;2000,0.0;2001,0.0;2006,0.0;2007,0.0;2004,0.0;2005,0.0;2010,0.0;2011,0.0;2008,0.0;2009,0.0;2014,0.0137856025;2015,0.025750706;2012,0.0;2013,0.004436732',2,9,7),(160,'2065,1.2867875;2032,0.36766288;2064,1.2561418;2033,0.39195254;2067,1.3485041;2034,0.41654336;2066,1.3175756;2035,0.4414229;2069,1.4107748;2036,0.46657988;2068,1.3795711;2037,0.49200398;2038,0.51768565;2070,1.4421135;2039,0.54361606;2040,0.56978714;2041,0.5961913;2042,0.62282157;2043,0.6496714;2044,0.6767346;2045,0.70400554;2046,0.7314788;2047,0.7591493;2048,0.7870123;2017,0.054913204;2049,0.81506324;2016,0.039679375;2050,0.843298;2019,0.088631965;2051,0.87171245;2018,0.07128999;2052,0.9003028;2021,0.12572609;2053,0.9290655;2020,0.106810026;2054,0.95799714;2023,0.16547917;2055,0.9870943;2022,0.14530316;2056,1.0163581;2025,0.20743205;2057,1.0457858;2024,0.18620305;2058,1.0753742;2027,0.25126535;2059,1.105121;2026,0.22912988;2060,1.1350234;2029,0.29674417;2061,1.165079;2028,0.27381137;2062,1.1952853;2031,0.34368792;2063,1.2256404;2030,0.3200428;2002,0.0;2003,0.0;2000,0.0;2001,0.0;2006,0.0;2007,0.0;2004,0.0;2005,0.0;2010,0.0;2011,0.0;2008,0.0;2009,0.0;2014,0.0138416495;2015,0.025848927;2012,0.0;2013,0.004457491',2,7,7),(161,'2065,1.2531985;2032,0.36038977;2064,1.2236438;2033,0.3841201;2067,1.3126653;2034,0.40813732;2066,1.282873;2035,0.43242913;2069,1.372596;2036,0.45698422;2068,1.3425736;2037,0.48179233;2038,0.5068439;2070,1.4027308;2039,0.5321303;2040,0.55764323;2041,0.58337533;2042,0.6093195;2043,0.6354693;2044,0.6618185;2045,0.6883615;2046,0.7150929;2047,0.74200755;2048,0.76910084;2017,0.053927336;2049,0.7963682;2016,0.038953725;2050,0.82380533;2019,0.08706094;2051,0.8514083;2018,0.07002201;2052,0.8791733;2021,0.12348834;2053,0.9070967;2020,0.10491561;2054,0.93517506;2023,0.16249591;2055,0.9634051;2022,0.1427024;2056,0.99177957;2025,0.20362593;2057,1.0202955;2024,0.18281797;2058,1.0489501;2027,0.24655981;2059,1.0777406;2026,0.2248836;2060,1.1066643;2029,0.29106307;2061,1.135719;2028,0.26862752;2062,1.1649019;2031,0.3369599;2063,1.1942109;2030,0.31384546;2002,0.0;2003,0.0;2000,0.0;2001,0.0;2006,0.0;2007,0.0;2004,0.0;2005,0.0;2010,0.0;2011,0.0;2008,0.0;2009,0.0;2014,0.013562796;2015,0.025360001;2012,0.0;2013,0.0043543205',2,11,7),(162,'2065,0.00812866;2032,0.00812866;2064,0.00812866;2033,0.00812866;2067,0.00812866;2034,0.00812866;2066,0.00812866;2035,0.00812866;2069,0.00812866;2036,0.00812866;2068,0.00812866;2037,0.00812866;2038,0.00812866;2070,0.00812866;2039,0.00812866;2040,0.00812866;2041,0.00812866;2042,0.00812866;2043,0.00812866;2044,0.00812866;2045,0.00812866;2046,0.00812866;2047,0.00812866;2048,0.00812866;2017,0.00812866;2049,0.00812866;2016,0.00812866;2050,0.00812866;2019,0.00812866;2051,0.00812866;2018,0.00812866;2052,0.00812866;2021,0.00812866;2053,0.00812866;2020,0.00812866;2054,0.00812866;2023,0.00812866;2055,0.00812866;2022,0.00812866;2056,0.00812866;2025,0.00812866;2057,0.00812866;2024,0.00812866;2058,0.00812866;2027,0.00812866;2059,0.00812866;2026,0.00812866;2060,0.00812866;2029,0.00812866;2061,0.00812866;2028,0.00812866;2062,0.00812866;2031,0.00812866;2063,0.00812866;2030,0.00812866;2002,0.0;2003,0.0;2000,0.0;2001,0.0;2006,0.0;2007,0.0;2004,0.0;2005,0.0;2010,0.0;2011,0.0;2008,0.0;2009,0.0;2014,0.00812866;2015,0.00812866;2012,0.0;2013,0.00812866',2,20,8),(163,'2065,0.008518633;2032,0.008315371;2064,0.008511836;2033,0.0083202645;2067,0.0085323;2034,0.008325343;2066,0.008525455;2035,0.008330584;2069,0.00854605;2036,0.008335966;2068,0.008539164;2037,0.008341473;2038,0.008347089;2070,0.008552954;2039,0.008352804;2040,0.008358606;2041,0.0083644865;2042,0.008370438;2043,0.008376453;2044,0.008382525;2045,0.008388651;2046,0.008394824;2047,0.008401041;2048,0.008407298;2017,0.008252572;2049,0.008413591;2016,0.008248442;2050,0.00841992;2019,0.008260833;2051,0.008426279;2018,0.008256703;2052,0.008432667;2021,0.008269094;2053,0.008439082;2020,0.0082649635;2054,0.008445522;2023,0.008277355;2055,0.008451985;2022,0.008273224;2056,0.008458492;2025,0.008285616;2057,0.008465041;2024,0.008281485;2058,0.008471629;2027,0.008293876;2059,0.008478251;2026,0.008289746;2060,0.008484908;2029,0.008302137;2061,0.008491597;2028,0.008298007;2062,0.008498316;2031,0.008310694;2063,0.008505062;2030,0.008306268;2002,0.0;2003,0.0;2000,0.0;2001,0.0;2006,0.0;2007,0.0;2004,0.0;2005,0.0;2010,0.0;2011,0.0;2008,0.0;2009,0.0;2014,0.008240181;2015,0.008244311;2012,0.0;2013,0.008236051',2,10,8),(164,'2065,0.008531103;2032,0.00831552;2064,0.00852375;2033,0.008320548;2067,0.008545907;2034,0.008325794;2066,0.008538489;2035,0.00833123;2069,0.008560832;2036,0.008336833;2068,0.008553355;2037,0.008342583;2038,0.008348462;2070,0.008568335;2039,0.008354456;2040,0.0083605535;2041,0.008366743;2042,0.008373016;2043,0.0083793625;2044,0.008385778;2045,0.008392256;2046,0.008398789;2047,0.008405374;2048,0.008412006;2017,0.008252572;2049,0.008418682;2016,0.008248442;2050,0.008425398;2019,0.008260833;2051,0.00843215;2018,0.008256703;2052,0.008438936;2021,0.008269094;2053,0.008445755;2020,0.0082649635;2054,0.008452603;2023,0.008277355;2055,0.008459478;2022,0.008273224;2056,0.008466415;2025,0.008285616;2057,0.008473412;2024,0.008281485;2058,0.008480464;2027,0.008293876;2059,0.008487567;2026,0.008289746;2060,0.008494718;2029,0.008302137;2061,0.008501915;2028,0.008298007;2062,0.008509154;2031,0.008310746;2063,0.008516434;2030,0.008306268;2002,0.0;2003,0.0;2000,0.0;2001,0.0;2006,0.0;2007,0.0;2004,0.0;2005,0.0;2010,0.0;2011,0.0;2008,0.0;2009,0.0;2014,0.008240181;2015,0.008244311;2012,0.0;2013,0.008236051',2,8,8),(165,'2065,0.008368411;2032,0.008240776;2064,0.008364284;2033,0.008243793;2067,0.008376665;2034,0.008246941;2066,0.008372538;2035,0.008250202;2069,0.00838492;2036,0.008253564;2068,0.008380792;2037,0.008257014;2038,0.008260541;2070,0.008389047;2039,0.008264137;2040,0.008267796;2041,0.00827151;2042,0.008275273;2043,0.008279081;2044,0.0082829315;2045,0.008286817;2046,0.008290738;2047,0.008294689;2048,0.008298668;2017,0.008203007;2049,0.008302674;2016,0.008200529;2050,0.008306703;2019,0.008207964;2051,0.008310754;2018,0.0082054855;2052,0.0083148265;2021,0.00821292;2053,0.008318917;2020,0.008210442;2054,0.008323026;2023,0.008217877;2055,0.008327151;2022,0.0082153985;2056,0.008331276;2025,0.008222833;2057,0.008335401;2024,0.008220355;2058,0.008339527;2027,0.00822779;2059,0.008343653;2026,0.0082253115;2060,0.008347779;2029,0.008232746;2061,0.008351905;2028,0.008230268;2062,0.008356031;2031,0.008237911;2063,0.008360158;2030,0.0082352245;2002,0.0;2003,0.0;2000,0.0;2001,0.0;2006,0.0;2007,0.0;2004,0.0;2005,0.0;2010,0.0;2011,0.0;2008,0.0;2009,0.0;2014,0.0081955725;2015,0.008198051;2012,0.0;2013,0.008193094',2,12,8),(166,'2065,0.0084580025;2032,0.008314628;2064,0.008453692;2033,0.008318848;2067,0.008466603;2034,0.00832309;2066,0.008462306;2035,0.008327351;2069,0.00847518;2036,0.0083316285;2068,0.008470895;2037,0.008335921;2038,0.0083402265;2070,0.00847946;2039,0.008344543;2040,0.00834887;2041,0.008353206;2042,0.008357551;2043,0.008361903;2044,0.008366263;2045,0.008370628;2046,0.008374998;2047,0.008379374;2048,0.008383755;2017,0.008252572;2049,0.008388139;2016,0.008248442;2050,0.008392529;2019,0.008260833;2051,0.008396921;2018,0.008256703;2052,0.0084013175;2021,0.008269094;2053,0.008405716;2020,0.0082649635;2054,0.0084101185;2023,0.008277355;2055,0.008414524;2022,0.008273224;2056,0.008418916;2025,0.008285616;2057,0.008423297;2024,0.008281485;2058,0.0084276665;2027,0.008293876;2059,0.008432026;2026,0.008289746;2060,0.008436376;2029,0.008302137;2061,0.008440717;2028,0.008298007;2062,0.00844505;2031,0.0083104335;2063,0.008449375;2030,0.008306268;2002,0.0;2003,0.0;2000,0.0;2001,0.0;2006,0.0;2007,0.0;2004,0.0;2005,0.0;2010,0.0;2011,0.0;2008,0.0;2009,0.0;2014,0.008240181;2015,0.008244311;2012,0.0;2013,0.008236051',2,9,8),(167,'2065,0.008482114;2032,0.008333091;2064,0.008477474;2033,0.008337612;2067,0.00849143;2034,0.008342127;2066,0.008486767;2035,0.008346639;2069,0.008500788;2036,0.008351145;2068,0.008496105;2037,0.008355648;2038,0.0083601475;2070,0.008505482;2039,0.008364645;2040,0.008369138;2041,0.008373631;2042,0.008378121;2043,0.008382609;2044,0.008387095;2045,0.00839158;2046,0.008396063;2047,0.008400545;2048,0.008405026;2017,0.0082649635;2049,0.008409506;2016,0.0082604205;2050,0.008413984;2019,0.00827405;2051,0.008418463;2018,0.008269507;2052,0.00842294;2021,0.008283137;2053,0.008427416;2020,0.008278594;2054,0.008431892;2023,0.008292224;2055,0.008436366;2022,0.008287681;2056,0.008440863;2025,0.008301311;2057,0.00844538;2024,0.008296768;2058,0.008449917;2027,0.008310398;2059,0.008454471;2026,0.008305855;2060,0.008459042;2029,0.008319485;2061,0.008463629;2028,0.008314942;2062,0.00846823;2031,0.0083285635;2063,0.008472845;2030,0.008324029;2002,0.0;2003,0.0;2000,0.0;2001,0.0;2006,0.0;2007,0.0;2004,0.0;2005,0.0;2010,0.0;2011,0.0;2008,0.0;2009,0.0;2014,0.008251334;2015,0.008255877;2012,0.0;2013,0.00824679',2,7,8),(168,'2065,0.008332718;2032,0.00824033;2064,0.00832997;2033,0.008242942;2067,0.008338185;2034,0.008245588;2066,0.008335456;2035,0.008248262;2069,0.008343616;2036,0.008250962;2068,0.0083409045;2037,0.008253682;2038,0.008256423;2070,0.008346318;2039,0.008259181;2040,0.008261954;2041,0.008264742;2042,0.008267541;2043,0.008270352;2044,0.008273173;2045,0.008276003;2046,0.008278842;2047,0.008281688;2048,0.008284542;2017,0.008203007;2049,0.008287402;2016,0.008200529;2050,0.008290268;2019,0.008207964;2051,0.00829314;2018,0.0082054855;2052,0.008296017;2021,0.00821292;2053,0.008298897;2020,0.008210442;2054,0.008301783;2023,0.008217877;2055,0.008304673;2022,0.0082153985;2056,0.0083075445;2025,0.008222833;2057,0.008310398;2024,0.008220355;2058,0.008313236;2027,0.00822779;2059,0.008316058;2026,0.0082253115;2060,0.008318866;2029,0.008232746;2061,0.00832166;2028,0.008230268;2062,0.0083244415;2031,0.008237755;2063,0.008327211;2030,0.0082352245;2002,0.0;2003,0.0;2000,0.0;2001,0.0;2006,0.0;2007,0.0;2004,0.0;2005,0.0;2010,0.0;2011,0.0;2008,0.0;2009,0.0;2014,0.0081955725;2015,0.008198051;2012,0.0;2013,0.008193094',2,11,8),(169,'2065,0.7207952;2032,0.68342906;2064,0.71997297;2033,0.6850886;2067,0.7224055;2034,0.68669003;2066,0.7216059;2035,0.6882381;2069,0.7239726;2036,0.6897366;2068,0.7231943;2037,0.6911893;2038,0.6925991;2070,0.72474086;2039,0.6939691;2040,0.69530165;2041,0.6965991;2042,0.69786364;2043,0.6990971;2044,0.7003011;2045,0.7014774;2046,0.70262736;2047,0.70375234;2048,0.7048536;2017,0.64391273;2049,0.7059322;2016,0.63875103;2050,0.7069893;2019,0.6522691;2051,0.70802575;2018,0.64835227;2052,0.7090426;2021,0.6589922;2053,0.7100406;2020,0.655788;2054,0.71102065;2023,0.66467637;2055,0.7119834;2022,0.6619406;2056,0.71292955;2025,0.6696338;2057,0.7138598;2024,0.6672323;2058,0.7147747;2027,0.6740505;2059,0.71567494;2026,0.6719011;2060,0.71656096;2029,0.678047;2061,0.71743333;2028,0.6760954;2062,0.7182925;2031,0.6817064;2063,0.71913886;2030,0.6799147;2002,0.0;2003,0.0;2000,0.0;2001,0.0;2006,0.0;2007,0.0;2004,0.0;2005,0.0;2010,0.0;2011,0.0;2008,0.0;2009,0.0;2014,0.62445784;2015,0.6325128;2012,0.0;2013,0.6124665',2,20,9),(170,'2065,0.8930074;2032,0.7639446;2064,0.8893232;2033,0.7684651;2067,0.90036994;2034,0.7729048;2066,0.8966896;2035,0.77727014;2069,0.9077254;2036,0.78156656;2068,0.9040485;2037,0.78579915;2038,0.7899723;2070,0.91140074;2039,0.79409015;2040,0.79815626;2041,0.8021877;2042,0.8061865;2043,0.81015456;2044,0.81409365;2045,0.81800544;2046,0.82189137;2047,0.82575285;2048,0.8295912;2017,0.673057;2049,0.83340764;2016,0.66297555;2050,0.83720326;2019,0.69013184;2051,0.84098625;2018,0.68201;2052,0.84475726;2021,0.7045942;2053,0.84851676;2020,0.69761175;2054,0.8522654;2023,0.7173999;2055,0.85600364;2022,0.71116817;2056,0.85973257;2025,0.7290284;2057,0.86345273;2024,0.72334;2058,0.8671644;2027,0.7397718;2059,0.870868;2026,0.73449695;2060,0.874564;2029,0.74982274;2061,0.8782574;2028,0.7448744;2062,0.8819483;2031,0.75933635;2063,0.88563687;2030,0.7546321;2002,0.0;2003,0.0;2000,0.0;2001,0.0;2006,0.0;2007,0.0;2004,0.0;2005,0.0;2010,0.0;2011,0.0;2008,0.0;2009,0.0;2014,0.63683736;2015,0.6512501;2012,0.0;2013,0.6168914',2,10,9),(171,'2065,0.8934097;2032,0.76394767;2064,0.8897036;2033,0.76847094;2067,0.9008183;2034,0.77291435;2066,0.89711463;2035,0.777284;2069,0.9082225;2036,0.7815855;2068,0.90452087;2037,0.7858239;2038,0.7900034;2070,0.9119232;2039,0.79412824;2040,0.7982019;2041,0.80224144;2042,0.80624884;2043,0.810226;2044,0.8141748;2045,0.81809664;2046,0.8219931;2047,0.8258656;2048,0.82971543;2017,0.673057;2049,0.8335437;2016,0.66297555;2050,0.8373516;2019,0.69013184;2051,0.84114736;2018,0.68201;2052,0.8449315;2021,0.7045942;2053,0.8487046;2020,0.69761175;2054,0.8524671;2023,0.7173999;2055,0.8562197;2022,0.71116817;2056,0.8599638;2025,0.7290284;2057,0.86369985;2024,0.72334;2058,0.8674283;2027,0.7397718;2059,0.8711495;2026,0.73449695;2060,0.8748638;2029,0.74982274;2061,0.8785762;2028,0.7448744;2062,0.8822869;2031,0.75933737;2063,0.885996;2030,0.7546321;2002,0.0;2003,0.0;2000,0.0;2001,0.0;2006,0.0;2007,0.0;2004,0.0;2005,0.0;2010,0.0;2011,0.0;2008,0.0;2009,0.0;2014,0.63683736;2015,0.6512501;2012,0.0;2013,0.6168914',2,8,9),(172,'2065,0.88818616;2032,0.7624391;2064,0.88463724;2033,0.7668894;2067,0.8952707;2034,0.77125686;2066,0.8917306;2035,0.7755478;2069,0.9023383;2036,0.779768;2068,0.8988066;2037,0.7839224;2038,0.78801554;2070,0.905866;2039,0.79205155;2040,0.7960341;2041,0.7999801;2042,0.8038917;2043,0.8077708;2044,0.81161916;2045,0.81543845;2046,0.8192302;2047,0.82299584;2048,0.8267367;2017,0.67248017;2049,0.83045393;2016,0.66246355;2050,0.8341487;2019,0.68943137;2051,0.8378292;2018,0.6813706;2052,0.841496;2021,0.7037734;2053,0.84514964;2020,0.6968509;2054,0.8487907;2023,0.71645916;2055,0.8524198;2022,0.71028745;2056,0.8560368;2025,0.7279668;2057,0.85964227;2024,0.722339;2058,0.86323667;2027,0.7385877;2059,0.8668204;2026,0.73337436;2060,0.87039393;2029,0.748514;2061,0.87396216;2028,0.7436282;2062,0.8775254;2031,0.75789875;2063,0.8810837;2030,0.75326014;2002,0.0;2003,0.0;2000,0.0;2001,0.0;2006,0.0;2007,0.0;2004,0.0;2005,0.0;2010,0.0;2011,0.0;2008,0.0;2009,0.0;2014,0.6364708;2015,0.65080696;2012,0.0;2013,0.6166194',2,12,9),(173,'2065,0.88354474;2032,0.76418227;2064,0.8803949;2033,0.7686222;2067,0.8897927;2034,0.77296865;2066,0.8866771;2035,0.7772287;2069,0.8959757;2036,0.78140885;2068,0.892892;2037,0.7855149;2038,0.7895519;2070,0.8990443;2039,0.79352444;2040,0.7974368;2041,0.80129606;2042,0.80510545;2043,0.8088679;2044,0.812586;2045,0.81626236;2046,0.8198991;2047,0.82349837;2048,0.8270621;2017,0.6734393;2049,0.830592;2016,0.6633208;2050,0.83408976;2019,0.6905814;2051,0.8375574;2018,0.6824268;2052,0.8409962;2021,0.7050939;2053,0.84440756;2020,0.69809264;2054,0.84779274;2023,0.71790856;2055,0.85115284;2022,0.7116766;2056,0.85448855;2025,0.7295175;2057,0.8578009;2024,0.72384197;2058,0.86109084;2027,0.7402199;2059,0.8643593;2026,0.73496795;2060,0.8676071;2029,0.75021267;2061,0.8708338;2028,0.7452953;2062,0.8740401;2031,0.7596405;2063,0.87722695;2030,0.7549876;2002,0.0;2003,0.0;2000,0.0;2001,0.0;2006,0.0;2007,0.0;2004,0.0;2005,0.0;2010,0.0;2011,0.0;2008,0.0;2009,0.0;2014,0.63709366;2015,0.6515543;2012,0.0;2013,0.61708534',2,9,9),(174,'2065,0.88430285;2032,0.76455647;2064,0.88113564;2033,0.76901037;2067,0.89058775;2034,0.7733702;2066,0.8874534;2035,0.77764326;2069,0.89681053;2036,0.78183603;2068,0.8937066;2037,0.7859543;2038,0.7900032;2070,0.8999;2039,0.79398733;2040,0.7979109;2041,0.80178124;2042,0.8056014;2043,0.80937445;2044,0.81310296;2045,0.81678945;2046,0.82043624;2047,0.82404536;2048,0.8276187;2017,0.6735843;2049,0.83115816;2016,0.6634494;2050,0.83466536;2019,0.69075745;2051,0.8381422;2018,0.6825875;2052,0.8415902;2021,0.7053003;2053,0.84501064;2020,0.6982839;2054,0.8484047;2023,0.7181451;2055,0.8517737;2022,0.71189797;2056,0.85511917;2025,0.7297843;2057,0.85844225;2024,0.72409356;2058,0.86174387;2027,0.74051744;2059,0.86502486;2026,0.73525006;2060,0.86828613;2029,0.75054145;2061,0.8715271;2028,0.7456084;2062,0.87474847;2031,0.7600002;2063,0.8779511;2030,0.7553322;2002,0.0;2003,0.0;2000,0.0;2001,0.0;2006,0.0;2007,0.0;2004,0.0;2005,0.0;2010,0.0;2011,0.0;2008,0.0;2009,0.0;2014,0.63718575;2015,0.6516656;2012,0.0;2013,0.61715364',2,7,9),(175,'2065,0.87962496;2032,0.762681;2064,0.87655985;2033,0.767057;2067,0.885701;2034,0.77133894;2066,0.8826718;2035,0.7755342;2069,0.89170897;2036,0.7796491;2068,0.8887132;2037,0.78368926;2038,0.78766;2070,0.89468884;2039,0.7915657;2040,0.7954107;2041,0.799202;2042,0.80294293;2043,0.8066363;2044,0.8102848;2045,0.8138908;2046,0.81745666;2047,0.8209844;2048,0.824476;2017,0.6728607;2049,0.8279332;2016,0.6628071;2050,0.8313576;2019,0.68987864;2051,0.83475125;2018,0.6817854;2052,0.83811545;2021,0.7042705;2053,0.8414515;2020,0.69732934;2054,0.8447608;2023,0.71696496;2055,0.8480444;2022,0.7107931;2056,0.8513027;2025,0.728453;2057,0.8545368;2024,0.72283804;2058,0.8577476;2027,0.7390329;2059,0.86093616;2026,0.73384243;2060,0.86410326;2029,0.74890137;2061,0.86724836;2028,0.74404645;2062,0.8703723;2031,0.7582029;2063,0.8734759;2030,0.7536133;2002,0.0;2003,0.0;2000,0.0;2001,0.0;2006,0.0;2007,0.0;2004,0.0;2005,0.0;2010,0.0;2011,0.0;2008,0.0;2009,0.0;2014,0.636726;2015,0.65110976;2012,0.0;2013,0.6168126',2,11,9),(176,'2065,10.247711;2032,8.005745;2064,10.198379;2033,8.105313;2067,10.344329;2034,8.201403;2066,10.296354;2035,8.294285;2069,10.438358;2036,8.384198;2068,10.391657;2037,8.471355;2038,8.555948;2070,10.484451;2039,8.638145;2040,8.7181;2041,8.795949;2042,8.8718195;2043,8.945825;2044,9.018068;2045,9.088645;2046,9.157642;2047,9.225142;2048,9.291215;2017,5.6347647;2049,9.355932;2016,5.325061;2050,9.419355;2019,6.1361485;2051,9.481545;2018,5.901135;2052,9.542556;2021,6.5395303;2053,9.602438;2020,6.3472786;2054,9.661239;2023,6.8805823;2055,9.719004;2022,6.716434;2056,9.775774;2025,7.1780286;2057,9.831589;2024,7.033938;2058,9.886485;2027,7.4430294;2059,9.940497;2026,7.3140655;2060,9.993658;2029,7.682821;2061,10.045999;2028,7.565725;2062,10.097548;2031,7.9023857;2063,10.148332;2030,7.7948813;2002,0.0;2003,0.0;2000,0.0;2001,0.0;2006,0.0;2007,0.0;2004,0.0;2005,0.0;2010,0.0;2011,0.0;2008,0.0;2009,0.0;2014,4.4674697;2015,4.950768;2012,0.0;2013,3.7479918',2,20,10),(177,'2065,20.580444;2032,12.836678;2064,20.35939;2033,13.107905;2067,21.022198;2034,13.37429;2066,20.801376;2035,13.636208;2069,21.463524;2036,13.893993;2068,21.24291;2037,14.147947;2038,14.398338;2070,21.684042;2039,14.645408;2040,14.889376;2041,15.131261;2042,15.371189;2043,15.609273;2044,15.84562;2045,16.080326;2046,16.313482;2047,16.545174;2048,16.775475;2017,7.383423;2049,17.00446;2016,6.7785344;2050,17.232195;2019,8.407909;2051,17.459175;2018,7.9205995;2052,17.685434;2021,9.275652;2053,17.911007;2020,8.856704;2054,18.135925;2023,10.043992;2055,18.360218;2022,9.670092;2056,18.583956;2025,10.741703;2057,18.807163;2024,10.400399;2058,19.029863;2027,11.386309;2059,19.252083;2026,11.0698185;2060,19.47384;2029,11.989365;2061,19.695444;2028,11.692463;2062,19.916899;2031,12.56018;2063,20.138212;2030,12.277926;2002,0.0;2003,0.0;2000,0.0;2001,0.0;2006,0.0;2007,0.0;2004,0.0;2005,0.0;2010,0.0;2011,0.0;2008,0.0;2009,0.0;2014,5.210241;2015,6.075008;2012,0.0;2013,4.013482',2,10,10),(178,'2065,20.604584;2032,12.836859;2064,20.382214;2033,13.108257;2067,21.049099;2034,13.37486;2066,20.826878;2035,13.637041;2069,21.49335;2036,13.895133;2068,21.271254;2037,14.149432;2038,14.400206;2070,21.715393;2039,14.647694;2040,14.892115;2041,15.134485;2042,15.374929;2043,15.613562;2044,15.850486;2045,16.085798;2046,16.319588;2047,16.551937;2048,16.782927;2017,7.383423;2049,17.012625;2016,6.7785344;2050,17.241098;2019,8.407909;2051,17.468842;2018,7.9205995;2052,17.695889;2021,9.275652;2053,17.922274;2020,8.856704;2054,18.148027;2023,10.043992;2055,18.37318;2022,9.670092;2056,18.597828;2025,10.741703;2057,18.821993;2024,10.400399;2058,19.0457;2027,11.386309;2059,19.26897;2026,11.0698185;2060,19.491827;2029,11.989365;2061,19.714573;2028,11.692463;2062,19.937214;2031,12.560242;2063,20.15976;2030,12.277926;2002,0.0;2003,0.0;2000,0.0;2001,0.0;2006,0.0;2007,0.0;2004,0.0;2005,0.0;2010,0.0;2011,0.0;2008,0.0;2009,0.0;2014,5.210241;2015,6.075008;2012,0.0;2013,4.013482',2,8,10),(179,'2065,20.291172;2032,12.7463455;2064,20.078236;2033,13.013364;2067,20.716242;2034,13.275412;2066,20.503838;2035,13.53287;2069,21.140297;2036,13.786079;2068,20.928392;2037,14.035343;2038,14.280932;2070,21.351963;2039,14.523093;2040,14.762047;2041,14.998807;2042,15.233501;2043,15.466247;2044,15.697148;2045,15.926307;2046,16.153812;2047,16.379751;2048,16.6042;2017,7.3488097;2049,16.827234;2016,6.747811;2050,17.048922;2019,8.365881;2051,17.26975;2018,7.8822374;2052,17.489758;2021,9.226404;2053,17.708979;2020,8.811055;2054,17.927444;2023,9.987548;2055,18.145185;2022,9.617249;2056,18.362207;2025,10.678005;2057,18.578537;2024,10.340339;2058,18.7942;2027,11.315259;2059,19.009226;2026,11.00246;2060,19.223635;2029,11.910838;2061,19.43773;2028,11.617693;2062,19.651524;2031,12.473925;2063,19.865023;2030,12.19561;2002,0.0;2003,0.0;2000,0.0;2001,0.0;2006,0.0;2007,0.0;2004,0.0;2005,0.0;2010,0.0;2011,0.0;2008,0.0;2009,0.0;2014,5.188247;2015,6.048418;2012,0.0;2013,3.9971647',2,12,10),(180,'2065,20.012684;2032,12.850937;2064,19.823692;2033,13.117334;2067,20.38756;2034,13.378118;2066,20.200626;2035,13.633721;2069,20.758543;2036,13.884533;2068,20.57352;2037,14.130894;2038,14.373114;2070,20.942657;2039,14.611468;2040,14.846207;2041,15.077763;2042,15.306325;2043,15.532071;2044,15.75516;2045,15.97574;2046,16.193945;2047,16.4099;2048,16.623722;2017,7.4063597;2049,16.835518;2016,6.799245;2050,17.045385;2019,8.434881;2051,17.25344;2018,7.945608;2052,17.459772;2021,9.3056345;2053,17.664454;2020,8.885559;2054,17.867565;2023,10.074515;2055,18.069172;2022,9.700595;2056,18.269314;2025,10.77105;2057,18.468054;2024,10.430517;2058,18.665451;2027,11.413193;2059,18.861557;2026,11.098077;2060,19.056429;2029,12.012761;2061,19.250029;2028,11.717719;2062,19.44241;2031,12.578432;2063,19.633615;2030,12.299255;2002,0.0;2003,0.0;2000,0.0;2001,0.0;2006,0.0;2007,0.0;2004,0.0;2005,0.0;2010,0.0;2011,0.0;2008,0.0;2009,0.0;2014,5.2256207;2015,6.093256;2012,0.0;2013,4.025119',2,9,10),(181,'2065,20.058172;2032,12.873389;2064,19.86814;2033,13.140623;2067,20.435265;2034,13.402213;2066,20.247202;2035,13.658597;2069,20.808632;2036,13.910163;2068,20.622398;2037,14.157258;2038,14.400191;2070,20.994001;2039,14.63924;2040,14.874657;2041,15.1068735;2042,15.336085;2043,15.562466;2044,15.786178;2045,16.007368;2046,16.226173;2047,16.44272;2048,16.657124;2017,7.4150577;2049,16.86949;2016,6.806965;2050,17.079922;2019,8.445445;2051,17.288534;2018,7.95525;2052,17.495413;2021,9.318015;2053,17.700638;2020,8.897034;2054,17.904284;2023,10.088704;2055,18.10642;2022,9.713879;2056,18.30715;2025,10.78706;2057,18.506535;2024,10.445614;2058,18.704632;2027,11.431046;2059,18.901493;2026,11.115005;2060,19.097168;2029,12.032488;2061,19.291622;2028,11.736505;2062,19.484907;2031,12.600015;2063,19.677063;2030,12.319931;2002,0.0;2003,0.0;2000,0.0;2001,0.0;2006,0.0;2007,0.0;2004,0.0;2005,0.0;2010,0.0;2011,0.0;2008,0.0;2009,0.0;2014,5.2311454;2015,6.099936;2012,0.0;2013,4.0292177',2,7,10),(182,'2065,19.777496;2032,12.760862;2064,19.593592;2033,13.023419;2067,20.142057;2034,13.280338;2066,19.960306;2035,13.532051;2069,20.502537;2036,13.778943;2068,20.32279;2037,14.021358;2038,14.259599;2070,20.68133;2039,14.493944;2040,14.724643;2041,14.952123;2042,15.176577;2043,15.398178;2044,15.617086;2045,15.833449;2046,16.047401;2047,16.259066;2048,16.468561;2017,7.3716393;2049,16.675991;2016,6.768428;2050,16.881456;2019,8.392717;2051,17.085073;2018,7.9071245;2052,17.286926;2021,9.2562275;2053,17.487093;2020,8.839762;2054,17.685648;2023,10.017899;2055,17.882662;2022,9.647585;2056,18.078161;2025,10.707179;2057,18.272205;2024,10.370282;2058,18.464857;2027,11.341975;2059,18.656168;2026,11.030545;2060,18.846193;2029,11.934082;2061,19.0349;2028,11.642786;2062,19.222338;2031,12.492175;2063,19.408554;2030,12.216796;2002,0.0;2003,0.0;2000,0.0;2001,0.0;2006,0.0;2007,0.0;2004,0.0;2005,0.0;2010,0.0;2011,0.0;2008,0.0;2009,0.0;2014,5.203562;2015,6.066586;2012,0.0;2013,4.0087543',2,11,10),(183,'2065,0.35342;2032,0.35342;2064,0.35342;2033,0.35342;2067,0.35342;2034,0.35342;2066,0.35342;2035,0.35342;2069,0.35342;2036,0.35342;2068,0.35342;2037,0.35342;2038,0.35342;2070,0.35342;2039,0.35342;2040,0.35342;2041,0.35342;2042,0.35342;2043,0.35342;2044,0.35342;2045,0.35342;2046,0.35342;2047,0.35342;2048,0.35342;2017,0.35342;2049,0.35342;2016,0.35342;2050,0.35342;2019,0.35342;2051,0.35342;2018,0.35342;2052,0.35342;2021,0.35342;2053,0.35342;2020,0.35342;2054,0.35342;2023,0.35342;2055,0.35342;2022,0.35342;2056,0.35342;2025,0.35342;2057,0.35342;2024,0.35342;2058,0.35342;2027,0.35342;2059,0.35342;2026,0.35342;2060,0.35342;2029,0.35342;2061,0.35342;2028,0.35342;2062,0.35342;2031,0.35342;2063,0.35342;2030,0.35342;2002,0.0;2003,0.0;2000,0.0;2001,0.0;2006,0.0;2007,0.0;2004,0.0;2005,0.0;2010,0.0;2011,0.0;2008,0.0;2009,0.0;2014,0.35342;2015,0.35342;2012,0.0;2013,0.35342',2,20,11),(184,'2065,0.37037537;2032,0.36153787;2064,0.37007982;2033,0.3617506;2067,0.37096953;2034,0.36197144;2066,0.37067196;2035,0.36219928;2069,0.37156737;2036,0.36243328;2068,0.371268;2037,0.36267272;2038,0.36291692;2070,0.37186754;2039,0.36316538;2040,0.36341766;2041,0.36367333;2042,0.3639321;2043,0.36419362;2044,0.36445764;2045,0.36472395;2046,0.36499235;2047,0.36526266;2048,0.3655347;2017,0.3588075;2049,0.36580834;2016,0.35862792;2050,0.36608347;2019,0.35916665;2051,0.36635995;2018,0.3589871;2052,0.3666377;2021,0.35952583;2053,0.3669166;2020,0.35934624;2054,0.36719662;2023,0.359885;2055,0.36747763;2022,0.35970542;2056,0.36776054;2025,0.36024415;2057,0.36804527;2024,0.3600646;2058,0.36833167;2027,0.36060333;2059,0.36861962;2026,0.36042374;2060,0.36890906;2029,0.3609625;2061,0.36919987;2028,0.36078292;2062,0.369492;2031,0.36133453;2063,0.3697853;2030,0.36114207;2002,0.0;2003,0.0;2000,0.0;2001,0.0;2006,0.0;2007,0.0;2004,0.0;2005,0.0;2010,0.0;2011,0.0;2008,0.0;2009,0.0;2014,0.35826874;2015,0.35844833;2012,0.0;2013,0.35808918',2,10,11),(185,'2065,0.37091753;2032,0.36154434;2064,0.37059784;2033,0.36176294;2067,0.37156117;2034,0.36199102;2066,0.37123865;2035,0.36222738;2069,0.3722101;2036,0.362471;2068,0.371885;2037,0.36272097;2038,0.3629766;2070,0.37253633;2039,0.36323723;2040,0.36350232;2041,0.36377144;2042,0.36404416;2043,0.36432013;2044,0.36459905;2045,0.36488068;2046,0.36516476;2047,0.36545107;2048,0.3657394;2017,0.3588075;2049,0.36602965;2016,0.35862792;2050,0.36632165;2019,0.35916665;2051,0.36661524;2018,0.3589871;2052,0.3669103;2021,0.35952583;2053,0.36720675;2020,0.35934624;2054,0.36750448;2023,0.359885;2055,0.36780336;2022,0.35970542;2056,0.36810502;2025,0.36024415;2057,0.36840922;2024,0.3600646;2058,0.36871582;2027,0.36060333;2059,0.36902463;2026,0.36042374;2060,0.36933556;2029,0.3609625;2061,0.36964846;2028,0.36078292;2062,0.36996323;2031,0.3613368;2063,0.3702797;2030,0.36114207;2002,0.0;2003,0.0;2000,0.0;2001,0.0;2006,0.0;2007,0.0;2004,0.0;2005,0.0;2010,0.0;2011,0.0;2008,0.0;2009,0.0;2014,0.35826874;2015,0.35844833;2012,0.0;2013,0.35808918',2,8,11),(186,'2065,0.36384398;2032,0.3582946;2064,0.36366454;2033,0.35842577;2067,0.36420283;2034,0.35856262;2066,0.3640234;2035,0.35870445;2069,0.36456174;2036,0.3588506;2068,0.36438227;2037,0.3590006;2038,0.35915396;2070,0.36474118;2039,0.35931033;2040,0.35946938;2041,0.35963085;2042,0.3597945;2043,0.35996008;2044,0.36012745;2045,0.3602964;2046,0.36046684;2047,0.36063865;2048,0.36081165;2017,0.3566525;2049,0.3609858;2016,0.35654476;2050,0.361161;2019,0.356868;2051,0.36133713;2018,0.35676026;2052,0.36151418;2021,0.3570835;2053,0.36169204;2020,0.35697576;2054,0.36187068;2023,0.357299;2055,0.36205003;2022,0.35719126;2056,0.36222938;2025,0.3575145;2057,0.36240876;2024,0.35740674;2058,0.3625881;2027,0.35773;2059,0.36276752;2026,0.35762224;2060,0.3629469;2029,0.3579455;2061,0.3631263;2028,0.35783774;2062,0.36330572;2031,0.35817006;2063,0.36348513;2030,0.35805324;2002,0.0;2003,0.0;2000,0.0;2001,0.0;2006,0.0;2007,0.0;2004,0.0;2005,0.0;2010,0.0;2011,0.0;2008,0.0;2009,0.0;2014,0.35632926;2015,0.356437;2012,0.0;2013,0.3562215',2,12,11),(187,'2065,0.36773923;2032,0.36150557;2064,0.36755183;2033,0.36168903;2067,0.3681132;2034,0.36187348;2066,0.36792633;2035,0.36205873;2069,0.3684861;2036,0.36224473;2068,0.36829975;2037,0.36243135;2038,0.36261854;2070,0.3686722;2039,0.36280623;2040,0.36299434;2041,0.3631829;2042,0.3633718;2043,0.363561;2044,0.36375052;2045,0.36394033;2046,0.36413035;2047,0.3643206;2048,0.36451107;2017,0.3588075;2049,0.36470172;2016,0.35862792;2050,0.36489254;2019,0.35916665;2051,0.36508352;2018,0.3589871;2052,0.36527467;2021,0.35952583;2053,0.36546594;2020,0.35934624;2054,0.36565733;2023,0.359885;2055,0.36584884;2022,0.35970542;2056,0.3660398;2025,0.36024415;2057,0.36623028;2024,0.3600646;2058,0.36642027;2027,0.36060333;2059,0.3666098;2026,0.36042374;2060,0.36679897;2029,0.3609625;2061,0.3669877;2028,0.36078292;2062,0.3671761;2031,0.36132318;2063,0.3673641;2030,0.36114207;2002,0.0;2003,0.0;2000,0.0;2001,0.0;2006,0.0;2007,0.0;2004,0.0;2005,0.0;2010,0.0;2011,0.0;2008,0.0;2009,0.0;2014,0.35826874;2015,0.35844833;2012,0.0;2013,0.35808918',2,9,11),(188,'2065,0.3687876;2032,0.3623083;2064,0.36858582;2033,0.36250487;2067,0.36919263;2034,0.3627012;2066,0.36898988;2035,0.3628973;2069,0.36959952;2036,0.36309326;2068,0.36939585;2037,0.36328903;2038,0.36348468;2070,0.36980358;2039,0.36368018;2040,0.3638756;2041,0.3640709;2042,0.36426613;2043,0.36446124;2044,0.3646563;2045,0.3648513;2046,0.36504623;2047,0.3652411;2048,0.36543593;2017,0.35934624;2049,0.3656307;2016,0.3591487;2050,0.3658254;2019,0.35974133;2051,0.3660201;2018,0.3595438;2052,0.36621478;2021,0.36013642;2053,0.3664094;2020,0.3599389;2054,0.36660397;2023,0.3605315;2055,0.36679855;2022,0.36033395;2056,0.36699405;2025,0.36092657;2057,0.36719045;2024,0.36072904;2058,0.36738768;2027,0.36132166;2059,0.3675857;2026,0.36112413;2060,0.3677844;2029,0.36171675;2061,0.36798385;2028,0.36151922;2062,0.3681839;2031,0.36211145;2063,0.36838457;2030,0.36191428;2002,0.0;2003,0.0;2000,0.0;2001,0.0;2006,0.0;2007,0.0;2004,0.0;2005,0.0;2010,0.0;2011,0.0;2008,0.0;2009,0.0;2014,0.35875362;2015,0.35895118;2012,0.0;2013,0.3585561',2,7,11),(189,'2065,0.36229208;2032,0.3582752;2064,0.3621726;2033,0.3583888;2067,0.36252978;2034,0.35850385;2066,0.36241114;2035,0.3586201;2069,0.3627659;2036,0.35873747;2068,0.362648;2037,0.35885578;2038,0.35897493;2070,0.36288342;2039,0.35909483;2040,0.3592154;2041,0.35933658;2042,0.3594583;2043,0.35958052;2044,0.35970318;2045,0.35982624;2046,0.35994965;2047,0.36007342;2048,0.36019748;2017,0.3566525;2049,0.36032182;2016,0.35654476;2050,0.36044642;2019,0.356868;2051,0.3605713;2018,0.35676026;2052,0.36069635;2021,0.3570835;2053,0.36082163;2020,0.35697576;2054,0.3609471;2023,0.357299;2055,0.36107275;2022,0.35719126;2056,0.3611976;2025,0.3575145;2057,0.36132166;2024,0.35740674;2058,0.36144504;2027,0.35773;2059,0.36156774;2026,0.35762224;2060,0.3616898;2029,0.3579455;2061,0.3618113;2028,0.35783774;2062,0.36193225;2031,0.35816327;2063,0.36205268;2030,0.35805324;2002,0.0;2003,0.0;2000,0.0;2001,0.0;2006,0.0;2007,0.0;2004,0.0;2005,0.0;2010,0.0;2011,0.0;2008,0.0;2009,0.0;2014,0.35632926;2015,0.356437;2012,0.0;2013,0.3562215',2,11,11),(190,'2065,2.699698;2032,2.6998377;2064,2.6996996;2033,2.699827;2067,2.6996949;2034,2.6998172;2066,2.6996963;2035,2.6998084;2069,2.699692;2036,2.6998003;2068,2.6996934;2037,2.6997929;2038,2.699786;2070,2.6996906;2039,2.6997795;2040,2.6997736;2041,2.699768;2042,2.6997628;2043,2.699758;2044,2.6997535;2045,2.6997492;2046,2.6997452;2047,2.6997414;2048,2.699738;2017,2.70051;2049,2.6997344;2016,2.7007341;2050,2.6997313;2019,2.700254;2051,2.6997283;2018,2.7003608;2052,2.6997254;2021,2.7001116;2053,2.6997228;2020,2.700174;2054,2.6997201;2023,2.700021;2055,2.6997175;2022,2.7000618;2056,2.6997151;2025,2.6999583;2057,2.699713;2024,2.6999872;2058,2.6997108;2027,2.6999123;2059,2.6997087;2026,2.6999338;2060,2.6997068;2029,2.6998773;2061,2.699705;2028,2.6998937;2062,2.699703;2031,2.6998494;2063,2.6997013;2030,2.6998625;2002,0.0;2003,0.0;2000,0.0;2001,0.0;2006,0.0;2007,0.0;2004,0.0;2005,0.0;2010,0.0;2011,0.0;2008,0.0;2009,0.0;2014,2.7018526;2015,2.7011073;2012,0.0;2013,2.7040823',2,20,12),(191,'2065,2.5761087;2032,2.6392162;2064,2.5781677;2033,2.6376536;2067,2.5719798;2034,2.6360352;2066,2.574046;2035,2.6343682;2069,2.567839;2036,2.6326594;2068,2.5699108;2037,2.6309142;2038,2.629137;2070,2.565765;2039,2.627332;2040,2.6255023;2041,2.6236513;2042,2.6217809;2043,2.6198936;2044,2.6179912;2045,2.6160755;2046,2.614148;2047,2.6122098;2048,2.6102622;2017,2.659962;2049,2.6083062;2016,2.6615148;2050,2.606343;2019,2.65705;2051,2.604373;2018,2.6584842;2052,2.6023974;2021,2.6542556;2053,2.6004164;2020,2.6556435;2054,2.598431;2023,2.6515176;2055,2.5964417;2022,2.6528816;2056,2.594442;2025,2.6488125;2057,2.5924327;2024,2.650162;2058,2.5904148;2027,2.6461294;2059,2.5883892;2026,2.6474686;2060,2.5863566;2029,2.643462;2061,2.5843174;2028,2.6447937;2062,2.5822725;2031,2.640713;2063,2.5802226;2030,2.642133;2002,0.0;2003,0.0;2000,0.0;2001,0.0;2006,0.0;2007,0.0;2004,0.0;2005,0.0;2010,0.0;2011,0.0;2008,0.0;2009,0.0;2014,2.665286;2015,2.6632159;2012,0.0;2013,2.6688235',2,10,12),(192,'2065,2.5723433;2032,2.639169;2064,2.574564;2033,2.637564;2067,2.5678844;2034,2.6358924;2066,2.5701168;2035,2.6341639;2069,2.5634048;2036,2.6323855;2068,2.565647;2037,2.630564;2038,2.6287048;2070,2.5611587;2039,2.6268125;2040,2.624891;2041,2.6229439;2042,2.6209738;2043,2.6189837;2044,2.6169758;2045,2.6149518;2046,2.6129136;2047,2.610863;2048,2.6088011;2017,2.659962;2049,2.606729;2016,2.6615148;2050,2.6046484;2019,2.65705;2051,2.6025596;2018,2.6584842;2052,2.6004639;2021,2.6542556;2053,2.598362;2020,2.6556435;2054,2.5962543;2023,2.6515176;2055,2.594142;2022,2.6528816;2056,2.592014;2025,2.6488125;2057,2.5898716;2024,2.650162;2058,2.5877159;2027,2.6461294;2059,2.5855484;2026,2.6474686;2060,2.5833697;2029,2.643462;2061,2.5811813;2028,2.6447937;2062,2.5789835;2031,2.6406965;2063,2.5767775;2030,2.642133;2002,0.0;2003,0.0;2000,0.0;2001,0.0;2006,0.0;2007,0.0;2004,0.0;2005,0.0;2010,0.0;2011,0.0;2008,0.0;2009,0.0;2014,2.665286;2015,2.6632159;2012,0.0;2013,2.6688235',2,8,12),(193,'2065,2.6223528;2032,2.6631062;2064,2.6236482;2033,2.6621213;2067,2.6197658;2034,2.6610956;2066,2.6210587;2035,2.660035;2069,2.6171842;2036,2.6589434;2068,2.6184742;2037,2.657825;2038,2.6566832;2070,2.615895;2039,2.6555207;2040,2.65434;2041,2.6531427;2042,2.651931;2043,2.6507063;2044,2.64947;2045,2.6482234;2046,2.6469674;2047,2.6457028;2048,2.6444306;2017,2.6760342;2049,2.6431515;2016,2.677065;2050,2.6418664;2019,2.6741645;2051,2.6405754;2018,2.675078;2052,2.6392796;2021,2.67241;2053,2.637979;2020,2.673278;2054,2.6366742;2023,2.6707084;2055,2.6353657;2022,2.6715546;2056,2.6340585;2025,2.6690366;2057,2.6327527;2024,2.6698697;2058,2.631448;2027,2.6673834;2059,2.6301448;2026,2.6682081;2060,2.6288428;2029,2.6657426;2061,2.6275423;2028,2.6665616;2062,2.6262429;2031,2.664044;2063,2.624945;2030,2.664926;2002,0.0;2003,0.0;2000,0.0;2001,0.0;2006,0.0;2007,0.0;2004,0.0;2005,0.0;2010,0.0;2011,0.0;2008,0.0;2009,0.0;2014,2.6797934;2015,2.678244;2012,0.0;2013,2.682816',2,12,12),(194,'2065,2.5945756;2032,2.6394522;2064,2.5959;2033,2.6381028;2067,2.5919368;2034,2.6367486;2066,2.5932546;2035,2.6353908;2069,2.5893111;2036,2.6340299;2068,2.5906224;2037,2.632666;2038,2.6313004;2070,2.5880027;2039,2.629933;2040,2.6285641;2041,2.6271942;2042,2.6258235;2043,2.624452;2044,2.6230805;2045,2.6217084;2046,2.6203363;2047,2.6189642;2048,2.6175923;2017,2.659962;2049,2.6162207;2016,2.6615148;2050,2.6148493;2019,2.65705;2051,2.6134787;2018,2.6584842;2052,2.6121082;2021,2.6542556;2053,2.6107385;2020,2.6556435;2054,2.6093695;2023,2.6515176;2055,2.6080012;2022,2.6528816;2056,2.6066382;2025,2.6488125;2057,2.6052804;2024,2.650162;2058,2.6039274;2027,2.6461294;2059,2.602579;2026,2.6474686;2060,2.6012352;2029,2.643462;2061,2.5998955;2028,2.6447937;2062,2.5985599;2031,2.640796;2063,2.597228;2030,2.642133;2002,0.0;2003,0.0;2000,0.0;2001,0.0;2006,0.0;2007,0.0;2004,0.0;2005,0.0;2010,0.0;2011,0.0;2008,0.0;2009,0.0;2014,2.665286;2015,2.6632159;2012,0.0;2013,2.6688235',2,9,12),(195,'2065,2.5872;2032,2.633604;2064,2.5886178;2033,2.6321657;2067,2.5843585;2034,2.6307313;2066,2.5857801;2035,2.629301;2069,2.5815108;2036,2.6278741;2068,2.5829353;2037,2.6264508;2038,2.6250303;2070,2.580085;2039,2.6236129;2040,2.6221983;2041,2.6207862;2042,2.6193767;2043,2.6179698;2044,2.616565;2045,2.6151624;2046,2.6137621;2047,2.6123638;2048,2.6109676;2017,2.655974;2049,2.6095736;2016,2.6576552;2050,2.6081812;2019,2.6528056;2051,2.606791;2018,2.654368;2052,2.6054027;2021,2.6497555;2053,2.6040163;2020,2.6512709;2054,2.6026316;2023,2.646763;2055,2.6012487;2022,2.6482542;2056,2.5998607;2025,2.6438043;2057,2.5984678;2024,2.6452804;2058,2.5970707;2027,2.6408687;2059,2.5956697;2026,2.642334;2060,2.5942652;2029,2.6379497;2061,2.5928576;2028,2.6394074;2062,2.5914469;2031,2.6350472;2063,2.5900335;2030,2.6364956;2002,0.0;2003,0.0;2000,0.0;2001,0.0;2006,0.0;2007,0.0;2004,0.0;2005,0.0;2010,0.0;2011,0.0;2008,0.0;2009,0.0;2014,2.6616838;2015,2.659485;2012,0.0;2013,2.665348',2,7,12),(196,'2065,2.6335857;2032,2.6632504;2064,2.634456;2033,2.6623957;2067,2.631856;2034,2.661532;2066,2.632719;2035,2.6606603;2069,2.63014;2036,2.659782;2068,2.6309965;2037,2.6588976;2038,2.6580083;2070,2.629287;2039,2.6571145;2040,2.6562166;2041,2.6553154;2042,2.6544113;2043,2.6535044;2044,2.652595;2045,2.6516838;2046,2.6507707;2047,2.6498559;2048,2.6489396;2017,2.6760342;2049,2.6480222;2016,2.677065;2050,2.6471035;2019,2.6741645;2051,2.646184;2018,2.675078;2052,2.6452637;2021,2.67241;2053,2.6443424;2020,2.673278;2054,2.6434207;2023,2.6707084;2055,2.6424985;2022,2.6715546;2056,2.641583;2025,2.6690366;2057,2.6406736;2024,2.6698697;2058,2.63977;2027,2.6673834;2059,2.6388721;2026,2.6682081;2060,2.6379797;2029,2.6657426;2061,2.6370919;2028,2.6665616;2062,2.636209;2031,2.6640944;2063,2.6353304;2030,2.664926;2002,0.0;2003,0.0;2000,0.0;2001,0.0;2006,0.0;2007,0.0;2004,0.0;2005,0.0;2010,0.0;2011,0.0;2008,0.0;2009,0.0;2014,2.6797934;2015,2.678244;2012,0.0;2013,2.682816',2,11,12),(197,'2065,29.87111;2032,29.87111;2064,29.87111;2033,29.87111;2067,29.87111;2034,29.87111;2066,29.87111;2035,29.87111;2069,29.87111;2036,29.87111;2068,29.87111;2037,29.87111;2038,29.87111;2070,29.87111;2039,29.87111;2040,29.87111;2041,29.87111;2042,29.87111;2043,29.87111;2044,29.87111;2045,29.87111;2046,29.87111;2047,29.87111;2048,29.87111;2017,29.87111;2049,29.87111;2016,29.87111;2050,29.87111;2019,29.87111;2051,29.87111;2018,29.87111;2052,29.87111;2021,29.87111;2053,29.87111;2020,29.87111;2054,29.87111;2023,29.87111;2055,29.87111;2022,29.87111;2056,29.87111;2025,29.87111;2057,29.87111;2024,29.87111;2058,29.87111;2027,29.87111;2059,29.87111;2026,29.87111;2060,29.87111;2029,29.87111;2061,29.87111;2028,29.87111;2062,29.87111;2031,29.87111;2063,29.87111;2030,29.87111;2002,0.0;2003,0.0;2000,0.0;2001,0.0;2006,0.0;2007,0.0;2004,0.0;2005,0.0;2010,0.0;2011,0.0;2008,0.0;2009,0.0;2014,29.87111;2015,29.87111;2012,0.0;2013,29.87111',2,20,13),(198,'2065,29.29416;2032,29.597605;2064,29.304386;2033,29.590363;2067,29.273592;2034,29.582842;2066,29.283895;2035,29.575079;2069,29.252876;2036,29.5671;2068,29.26325;2037,29.558933;2038,29.5506;2070,29.242468;2039,29.542116;2040,29.533497;2041,29.524757;2042,29.51591;2043,29.50696;2044,29.497921;2045,29.488798;2046,29.479599;2047,29.470331;2048,29.460999;2017,29.690237;2049,29.451605;2016,29.696308;2050,29.442156;2019,29.678085;2051,29.432655;2018,29.684162;2052,29.423107;2021,29.665924;2053,29.413513;2020,29.672007;2054,29.403877;2023,29.653753;2055,29.394201;2022,29.65984;2056,29.384455;2025,29.641571;2057,29.374643;2024,29.647663;2058,29.364767;2027,29.629377;2059,29.354834;2026,29.635475;2060,29.344843;2029,29.617174;2061,29.3348;2028,29.623278;2062,29.324709;2031,29.604525;2063,29.31457;2030,29.61107;2002,0.0;2003,0.0;2000,0.0;2001,0.0;2006,0.0;2007,0.0;2004,0.0;2005,0.0;2010,0.0;2011,0.0;2008,0.0;2009,0.0;2014,29.708443;2015,29.702377;2012,0.0;2013,29.714504',2,10,13),(199,'2065,29.275393;2032,29.597385;2064,29.28646;2033,29.589945;2067,29.25309;2034,29.582174;2066,29.264269;2035,29.57412;2069,29.230585;2036,29.565815;2068,29.241861;2037,29.557287;2038,29.548563;2070,29.219261;2039,29.539661;2040,29.530603;2041,29.521404;2042,29.512075;2043,29.502628;2044,29.493076;2045,29.483427;2046,29.473688;2047,29.463867;2048,29.45397;2017,29.690237;2049,29.444004;2016,29.696308;2050,29.433971;2019,29.678085;2051,29.42388;2018,29.684162;2052,29.41373;2021,29.665924;2053,29.403528;2020,29.672007;2054,29.393278;2023,29.653753;2055,29.38298;2022,29.65984;2056,29.372583;2025,29.641571;2057,29.362093;2024,29.647663;2058,29.351513;2027,29.629377;2059,29.340853;2026,29.635475;2060,29.330112;2029,29.617174;2061,29.319302;2028,29.623278;2062,29.308418;2031,29.604448;2063,29.297472;2030,29.61107;2002,0.0;2003,0.0;2000,0.0;2001,0.0;2006,0.0;2007,0.0;2004,0.0;2005,0.0;2010,0.0;2011,0.0;2008,0.0;2009,0.0;2014,29.708443;2015,29.702377;2012,0.0;2013,29.714504',2,8,13),(200,'2065,29.518923;2032,29.70757;2064,29.525059;2033,29.703138;2067,29.506643;2034,29.698515;2066,29.512785;2035,29.693722;2069,29.494356;2036,29.68878;2068,29.500502;2037,29.683706;2038,29.678516;2070,29.488207;2039,29.673223;2040,29.667837;2041,29.662367;2042,29.656822;2043,29.651207;2044,29.64553;2045,29.639797;2046,29.634012;2047,29.62818;2048,29.622301;2017,29.762907;2049,29.616383;2016,29.76653;2050,29.610428;2019,29.75566;2051,29.604435;2018,29.759283;2052,29.598412;2021,29.748405;2053,29.592358;2020,29.752033;2054,29.586275;2023,29.741148;2055,29.580166;2022,29.744778;2056,29.574053;2025,29.733889;2057,29.567938;2024,29.737518;2058,29.56182;2027,29.726624;2059,29.5557;2026,29.730255;2060,29.549576;2029,29.719353;2061,29.543451;2028,29.722988;2062,29.537323;2031,29.711775;2063,29.53119;2030,29.715717;2002,0.0;2003,0.0;2000,0.0;2001,0.0;2006,0.0;2007,0.0;2004,0.0;2005,0.0;2010,0.0;2011,0.0;2008,0.0;2009,0.0;2014,29.773771;2015,29.770151;2012,0.0;2013,29.777391',2,12,13),(201,'2065,29.38519;2032,29.598705;2064,29.391645;2033,29.59246;2067,29.372301;2034,29.58618;2066,29.378742;2035,29.579868;2069,29.35944;2036,29.57353;2068,29.365868;2037,29.567167;2038,29.560781;2070,29.35302;2039,29.554379;2040,29.547956;2041,29.541517;2042,29.535065;2043,29.528597;2044,29.522118;2045,29.515627;2046,29.509125;2047,29.502613;2048,29.49609;2017,29.690237;2049,29.48956;2016,29.696308;2050,29.48302;2019,29.678085;2051,29.476473;2018,29.684162;2052,29.46992;2021,29.665924;2053,29.463358;2020,29.672007;2054,29.456789;2023,29.653753;2055,29.450214;2022,29.65984;2056,29.443655;2025,29.641571;2057,29.43711;2024,29.647663;2058,29.430582;2027,29.629377;2059,29.424065;2026,29.635475;2060,29.41756;2029,29.617174;2061,29.411066;2028,29.623278;2062,29.404583;2031,29.60491;2063,29.39811;2030,29.61107;2002,0.0;2003,0.0;2000,0.0;2001,0.0;2006,0.0;2007,0.0;2004,0.0;2005,0.0;2010,0.0;2011,0.0;2008,0.0;2009,0.0;2014,29.708443;2015,29.702377;2012,0.0;2013,29.714504',2,9,13),(202,'2065,29.349037;2032,29.571362;2064,29.355999;2033,29.56466;2067,29.33505;2034,29.557962;2066,29.342052;2035,29.55127;2069,29.320993;2036,29.544579;2068,29.32803;2037,29.537891;2038,29.531206;2070,29.313938;2039,29.524523;2040,29.517841;2041,29.51116;2042,29.504478;2043,29.497797;2044,29.491116;2045,29.484434;2046,29.477753;2047,29.47107;2048,29.464386;2017,29.672007;2049,29.457703;2016,29.678694;2050,29.451017;2019,29.658623;2051,29.444332;2018,29.665316;2052,29.437645;2021,29.645226;2053,29.430956;2020,29.651926;2054,29.424267;2023,29.631817;2055,29.417574;2022,29.638523;2056,29.410849;2025,29.618395;2057,29.404089;2024,29.625109;2058,29.397299;2027,29.604961;2059,29.39048;2026,29.611681;2060,29.383633;2029,29.591516;2061,29.37676;2028,29.59824;2062,29.369864;2031,29.578072;2063,29.362942;2030,29.58479;2002,0.0;2003,0.0;2000,0.0;2001,0.0;2006,0.0;2007,0.0;2004,0.0;2005,0.0;2010,0.0;2011,0.0;2008,0.0;2009,0.0;2014,29.692059;2015,29.685377;2012,0.0;2013,29.698736',2,7,13),(203,'2065,29.571915;2032,29.708223;2064,29.575987;2033,29.704388;2067,29.56381;2034,29.7005;2066,29.567856;2035,29.696571;2069,29.555754;2036,29.692604;2068,29.559776;2037,29.688604;2038,29.684574;2070,29.551743;2039,29.680517;2040,29.676435;2041,29.672335;2042,29.668213;2043,29.664072;2044,29.659916;2045,29.655745;2046,29.651562;2047,29.647364;2048,29.643154;2017,29.762907;2049,29.638935;2016,29.76653;2050,29.634705;2019,29.75566;2051,29.630466;2018,29.759283;2052,29.626219;2021,29.748405;2053,29.621962;2020,29.752033;2054,29.617699;2023,29.741148;2055,29.613426;2022,29.744778;2056,29.609182;2025,29.733889;2057,29.604961;2024,29.737518;2058,29.600765;2027,29.726624;2059,29.59659;2026,29.730255;2060,29.592434;2029,29.719353;2061,29.588297;2028,29.722988;2062,29.584177;2031,29.712004;2063,29.580074;2030,29.715717;2002,0.0;2003,0.0;2000,0.0;2001,0.0;2006,0.0;2007,0.0;2004,0.0;2005,0.0;2010,0.0;2011,0.0;2008,0.0;2009,0.0;2014,29.773771;2015,29.770151;2012,0.0;2013,29.777391',2,11,13),(204,'2065,32.57081;2032,32.57095;2064,32.570812;2033,32.57094;2067,32.570805;2034,32.57093;2066,32.57081;2035,32.57092;2069,32.570805;2036,32.57091;2068,32.570805;2037,32.570904;2038,32.570896;2070,32.5708;2039,32.570892;2040,32.570885;2041,32.57088;2042,32.570873;2043,32.57087;2044,32.570866;2045,32.57086;2046,32.570858;2047,32.570854;2048,32.57085;2017,32.57162;2049,32.570847;2016,32.571846;2050,32.570843;2019,32.571365;2051,32.57084;2018,32.571472;2052,32.570835;2021,32.571224;2053,32.570835;2020,32.571285;2054,32.57083;2023,32.571133;2055,32.570827;2022,32.571175;2056,32.570827;2025,32.57107;2057,32.570824;2024,32.5711;2058,32.570824;2027,32.571022;2059,32.57082;2026,32.571045;2060,32.57082;2029,32.570988;2061,32.570816;2028,32.571007;2062,32.570816;2031,32.57096;2063,32.570812;2030,32.570972;2002,0.0;2003,0.0;2000,0.0;2001,0.0;2006,0.0;2007,0.0;2004,0.0;2005,0.0;2010,0.0;2011,0.0;2008,0.0;2009,0.0;2014,32.572964;2015,32.57222;2012,0.0;2013,32.575195',2,20,14),(205,'2065,31.87027;2032,32.23682;2064,31.882555;2033,32.228016;2067,31.845572;2034,32.218876;2066,31.85794;2035,32.209446;2069,31.820715;2036,32.19976;2068,31.833162;2037,32.18985;2038,32.179737;2070,31.808233;2039,32.16945;2040,32.159;2041,32.148407;2042,32.137688;2043,32.126854;2044,32.115913;2045,32.104874;2046,32.093746;2047,32.082542;2048,32.07126;2017,32.350197;2049,32.05991;2016,32.357822;2050,32.0485;2019,32.335136;2051,32.03703;2018,32.342648;2052,32.025505;2021,32.32018;2053,32.01393;2020,32.327652;2054,32.002308;2023,32.30527;2055,31.990644;2022,32.31272;2056,31.978897;2025,32.290382;2057,31.967075;2024,32.297825;2058,31.955181;2027,32.27551;2059,31.943222;2026,32.282944;2060,31.9312;2029,32.260635;2061,31.919119;2028,32.26807;2062,31.90698;2031,32.24524;2063,31.894793;2030,32.253204;2002,0.0;2003,0.0;2000,0.0;2001,0.0;2006,0.0;2007,0.0;2004,0.0;2005,0.0;2010,0.0;2011,0.0;2008,0.0;2009,0.0;2014,32.37373;2015,32.365593;2012,0.0;2013,32.383327',2,10,14),(206,'2065,31.847736;2032,32.236553;2064,31.861025;2033,32.22751;2067,31.820974;2034,32.218067;2066,31.834385;2035,32.208282;2069,31.79399;2036,32.1982;2068,31.807508;2037,32.18785;2038,32.17727;2070,31.78042;2039,32.166473;2040,32.155495;2041,32.14435;2042,32.13305;2043,32.121613;2044,32.110054;2045,32.098377;2046,32.0866;2047,32.07473;2048,32.06277;2017,32.350197;2049,32.05073;2016,32.357822;2050,32.03862;2019,32.335136;2051,32.02644;2018,32.342648;2052,32.014194;2021,32.32018;2053,32.00189;2020,32.327652;2054,31.989532;2023,32.30527;2055,31.977121;2022,32.31272;2056,31.964596;2025,32.290382;2057,31.951963;2024,32.297825;2058,31.93923;2027,32.27551;2059,31.926401;2026,32.282944;2060,31.913483;2029,32.260635;2061,31.900482;2028,32.26807;2062,31.887402;2031,32.245144;2063,31.874249;2030,32.253204;2002,0.0;2003,0.0;2000,0.0;2001,0.0;2006,0.0;2007,0.0;2004,0.0;2005,0.0;2010,0.0;2011,0.0;2008,0.0;2009,0.0;2014,32.37373;2015,32.365593;2012,0.0;2013,32.383327',2,8,14),(207,'2065,32.141277;2032,32.370674;2064,32.14871;2033,32.36526;2067,32.12641;2034,32.35961;2066,32.133842;2035,32.353756;2069,32.111538;2036,32.34772;2068,32.118977;2037,32.34153;2038,32.3352;2070,32.104103;2039,32.328743;2040,32.322178;2041,32.31551;2042,32.308754;2043,32.301914;2044,32.295002;2045,32.28802;2046,32.28098;2047,32.27388;2048,32.26673;2017,32.438942;2049,32.259533;2016,32.443596;2050,32.252293;2019,32.429825;2051,32.24501;2018,32.43436;2052,32.23769;2021,32.420815;2053,32.230335;2020,32.425312;2054,32.22295;2023,32.411858;2055,32.21553;2022,32.416332;2056,32.20811;2025,32.402924;2057,32.20069;2024,32.407387;2058,32.193268;2027,32.394005;2059,32.185844;2026,32.398464;2060,32.17842;2029,32.385098;2061,32.170994;2028,32.38955;2062,32.163567;2031,32.375816;2063,32.156136;2030,32.380642;2002,0.0;2003,0.0;2000,0.0;2001,0.0;2006,0.0;2007,0.0;2004,0.0;2005,0.0;2010,0.0;2011,0.0;2008,0.0;2009,0.0;2014,32.453564;2015,32.448395;2012,0.0;2013,32.46021',2,12,14),(208,'2065,31.979765;2032,32.23816;2064,31.987547;2033,32.230564;2067,31.96424;2034,32.222927;2066,31.971996;2035,32.21526;2069,31.948751;2036,32.207558;2068,31.95649;2037,32.199833;2038,32.19208;2070,31.941021;2039,32.18431;2040,32.17652;2041,32.168713;2042,32.16089;2043,32.15305;2044,32.1452;2045,32.137337;2046,32.12946;2047,32.12158;2048,32.11368;2017,32.350197;2049,32.10578;2016,32.357822;2050,32.09787;2019,32.335136;2051,32.08995;2018,32.342648;2052,32.082027;2021,32.32018;2053,32.074097;2020,32.327652;2054,32.06616;2023,32.30527;2055,32.058216;2022,32.31272;2056,32.050293;2025,32.290382;2057,32.042393;2024,32.297825;2058,32.034508;2027,32.27551;2059,32.026646;2026,32.282944;2060,32.018795;2029,32.260635;2061,32.010963;2028,32.26807;2062,32.003143;2031,32.24571;2063,31.995338;2030,32.253204;2002,0.0;2003,0.0;2000,0.0;2001,0.0;2006,0.0;2007,0.0;2004,0.0;2005,0.0;2010,0.0;2011,0.0;2008,0.0;2009,0.0;2014,32.37373;2015,32.365593;2012,0.0;2013,32.383327',2,9,14),(209,'2065,31.936235;2032,32.204967;2064,31.944618;2033,32.196827;2067,31.919409;2034,32.188694;2066,31.927834;2035,32.18057;2069,31.902504;2036,32.172455;2068,31.910965;2037,32.16434;2038,32.15624;2070,31.894024;2039,32.148136;2040,32.140038;2041,32.131947;2042,32.123856;2043,32.115765;2044,32.10768;2045,32.099598;2046,32.091515;2047,32.083435;2048,32.075356;2017,32.32798;2049,32.067276;2016,32.33635;2050,32.0592;2019,32.311428;2051,32.05112;2018,32.319683;2052,32.04305;2021,32.294983;2053,32.034973;2020,32.303196;2054,32.026897;2023,32.27858;2055,32.01882;2022,32.286777;2056,32.010708;2025,32.2622;2057,32.002556;2024,32.27039;2058,31.99437;2027,32.24583;2059,31.986149;2026,32.254013;2060,31.977898;2029,32.229465;2061,31.969618;2028,32.237648;2062,31.96131;2031,32.21312;2063,31.952976;2030,32.221283;2002,0.0;2003,0.0;2000,0.0;2001,0.0;2006,0.0;2007,0.0;2004,0.0;2005,0.0;2010,0.0;2011,0.0;2008,0.0;2009,0.0;2014,32.35374;2015,32.344864;2012,0.0;2013,32.364082',2,7,14),(210,'2065,32.2055;2032,32.371475;2064,32.21044;2033,32.366783;2067,32.195667;2034,32.362034;2066,32.200577;2035,32.35723;2069,32.185894;2036,32.352386;2068,32.190773;2037,32.347504;2038,32.342583;2070,32.18103;2039,32.33763;2040,32.332653;2041,32.32765;2042,32.322624;2043,32.317577;2044,32.31251;2045,32.30743;2046,32.30233;2047,32.29722;2048,32.292095;2017,32.438942;2049,32.286957;2016,32.443596;2050,32.28181;2019,32.429825;2051,32.27665;2018,32.43436;2052,32.27148;2021,32.420815;2053,32.266304;2020,32.425312;2054,32.26112;2023,32.411858;2055,32.255924;2022,32.416332;2056,32.250767;2025,32.402924;2057,32.245636;2024,32.407387;2058,32.240536;2027,32.394005;2059,32.235462;2026,32.398464;2060,32.23041;2029,32.385098;2061,32.225388;2028,32.38955;2062,32.220387;2031,32.3761;2063,32.215405;2030,32.380642;2002,0.0;2003,0.0;2000,0.0;2001,0.0;2006,0.0;2007,0.0;2004,0.0;2005,0.0;2010,0.0;2011,0.0;2008,0.0;2009,0.0;2014,32.453564;2015,32.448395;2012,0.0;2013,32.46021',2,11,14),(211,'2065,1.1728952;2032,0.41965562;2064,1.1494523;2033,0.44170848;2067,1.2198746;2034,0.4638241;2066,1.1963694;2035,0.48600027;2069,1.2669765;2036,0.50823504;2068,1.2434105;2037,0.53052664;2038,0.55287325;2070,1.2905722;2039,0.57527333;2040,0.59772545;2041,0.6202281;2042,0.6427801;2043,0.6653801;2044,0.6880271;2045,0.71071976;2046,0.73345727;2047,0.75623846;2048,0.77906257;2017,0.09884567;2049,0.8019285;2016,0.078442104;2050,0.82483566;2019,0.14018092;2051,0.847783;2018,0.11943315;2052,0.87076986;2021,0.18209109;2053,0.8937955;2020,0.16107143;2054,0.9168592;2023,0.22447607;2055,0.9399603;2022,0.20322897;2056,0.96309805;2025,0.26726907;2057,0.986272;2024,0.24582492;2058,1.0094814;2027,0.31042185;2059,1.0327257;2026,0.28880298;2060,1.0560044;2029,0.35389775;2061,1.0793169;2028,0.33212137;2062,1.1026627;2031,0.3976678;2063,1.1260414;2030,0.37574756;2002,0.0;2003,0.0;2000,0.0;2001,0.0;2006,0.0;2007,0.0;2004,0.0;2005,0.0;2010,0.0;2011,0.0;2008,0.0;2009,0.0;2014,0.038342096;2015,0.058256347;2012,0.0;2013,0.018801624',2,20,15),(212,'2065,1.485064;2032,0.47395778;2064,1.4504737;2033,0.5007372;2067,1.5550152;2034,0.52776223;2066,1.5199112;2035,0.5550301;2069,1.6259958;2036,0.5825384;2068,1.5903766;2037,0.61028486;2038,0.6382675;2070,1.661873;2039,0.66648436;2040,0.6949338;2041,0.72362655;2042,0.7525617;2043,0.7817383;2044,0.8111555;2045,0.8408125;2046,0.87070876;2047,0.90084356;2048,0.9312164;2017,0.10402673;2049,0.96182686;2016,0.08195552;2050,0.9926744;2019,0.14940165;2051,1.0237674;2018,0.12652211;2052,1.0551057;2021,0.19620398;2053,1.0866891;2020,0.1726353;2054,1.1185176;2023,0.24427588;2055,1.1505914;2022,0.22008923;2056,1.1829123;2025,0.2935044;2057,1.2154809;2024,0.26875123;2058,1.2482971;2027,0.343808;2059,1.281361;2026,0.31852603;2060,1.3146726;2029,0.39512506;2061,1.3482394;2028,0.36934313;2062,1.3820616;2031,0.447427;2063,1.4161396;2030,0.42114818;2002,0.0;2003,0.0;2000,0.0;2001,0.0;2006,0.0;2007,0.0;2004,0.0;2005,0.0;2010,0.0;2011,0.0;2008,0.0;2009,0.0;2014,0.03934285;2015,0.060365044;2012,0.0;2013,0.01904966',2,10,15),(213,'2065,1.4867843;2032,0.4739636;2064,1.4520745;2033,0.50074893;2067,1.556992;2034,0.52778196;2066,1.5217568;2035,0.5550601;2069,1.6282537;2036,0.5825808;2068,1.5924909;2037,0.61034197;2038,0.6383416;2070,1.6642809;2039,0.66657794;2040,0.6950493;2041,0.7237665;2042,0.75272864;2043,0.7819348;2044,0.8113843;2045,0.8410764;2046,0.8710105;2047,0.901186;2048,0.9316024;2017,0.10402673;2049,0.96225935;2016,0.08195552;2050,0.99315643;2019,0.14940165;2051,1.024302;2018,0.12652211;2052,1.0556961;2021,0.19620398;2053,1.0873384;2020,0.1726353;2054,1.1192292;2023,0.24427588;2055,1.1513684;2022,0.22008923;2056,1.1837599;2025,0.2935044;2057,1.216404;2024,0.26875123;2058,1.2493007;2027,0.343808;2059,1.2824504;2026,0.31852603;2060,1.3158532;2029,0.39512506;2061,1.3495167;2028,0.36934313;2062,1.3834412;2031,0.4474289;2063,1.417627;2030,0.42114818;2002,0.0;2003,0.0;2000,0.0;2001,0.0;2006,0.0;2007,0.0;2004,0.0;2005,0.0;2010,0.0;2011,0.0;2008,0.0;2009,0.0;2014,0.03934285;2015,0.060365044;2012,0.0;2013,0.01904966',2,8,15),(214,'2065,1.4645925;2032,0.4710678;2064,1.4308861;2033,0.49759147;2067,1.532692;2034,0.5243466;2066,1.4985276;2035,0.5513301;2069,1.6017072;2036,0.5785394;2068,1.567085;2037,0.60597193;2038,0.6336254;2070,1.6365582;2039,0.6614978;2040,0.68958706;2041,0.7179037;2042,0.7464464;2043,0.77521396;2044,0.80420536;2045,0.83341956;2046,0.8628557;2047,0.89251286;2048,0.9223903;2017,0.10365322;2049,0.95248723;2016,0.08167572;2050,0.982803;2019,0.14881423;2051,1.0133455;2018,0.12604606;2052,1.0441145;2021,0.1953671;2053,1.0751094;2020,0.17192765;2054,1.1063299;2023,0.2431533;2055,1.1377758;2022,0.21911408;2056,1.1694452;2025,0.29205906;2057,1.2013377;2024,0.26747197;2058,1.2334532;2027,0.342002;2059,1.2657912;2026,0.31690517;2060,1.2983518;2029,0.39291954;2061,1.3311416;2028,0.3673423;2062,1.3641607;2031,0.44477877;2063,1.3974088;2030,0.41872802;2002,0.0;2003,0.0;2000,0.0;2001,0.0;2006,0.0;2007,0.0;2004,0.0;2005,0.0;2010,0.0;2011,0.0;2008,0.0;2009,0.0;2014,0.039223474;2015,0.06017003;2012,0.0;2013,0.018996164',2,12,15),(215,'2065,1.4642968;2032,0.47408557;2064,1.4311987;2033,0.5008;2067,1.5310422;2034,0.5277394;2066,1.4975781;2035,0.5549004;2069,1.5985168;2036,0.58227986;2068,1.5646886;2037,0.60987496;2038,0.63768315;2070,1.6325266;2039,0.665702;2040,0.6939293;2041,0.72236603;2042,0.7510104;2043,0.7798608;2044,0.8089156;2045,0.83817333;2046,0.8676326;2047,0.89729226;2048,0.927151;2017,0.10408581;2049,0.95720774;2016,0.08199819;2050,0.9874615;2019,0.14949897;2051,1.0179117;2018,0.12659943;2052,1.0485574;2021,0.19634312;2053,1.0793978;2020,0.17275432;2054,1.1104321;2023,0.24444911;2055,1.1416597;2022,0.22024655;2056,1.1730781;2025,0.2937013;2057,1.2046866;2024,0.2689377;2058,1.2364846;2027,0.34401622;2059,1.2684716;2026,0.31873026;2060,1.3006468;2029,0.39533055;2061,1.3330076;2028,0.36955184;2062,1.3655536;2031,0.44759974;2063,1.3982841;2030,0.42134658;2002,0.0;2003,0.0;2000,0.0;2001,0.0;2006,0.0;2007,0.0;2004,0.0;2005,0.0;2010,0.0;2011,0.0;2008,0.0;2009,0.0;2014,0.039358683;2015,0.060393233;2012,0.0;2013,0.019055648',2,9,15),(216,'2065,1.4675509;2032,0.47480658;2064,1.4343278;2033,0.501578;2067,1.5345625;2034,0.5285752;2066,1.5009625;2035,0.55579484;2069,1.6023257;2036,0.5832339;2068,1.5683502;2037,0.61088943;2038,0.6387589;2070,1.6364884;2039,0.66683984;2040,0.69513005;2041,0.7236305;2042,0.7523394;2043,0.7812551;2044,0.81037605;2045,0.83970064;2046,0.86922765;2047,0.89895576;2048,0.9288837;2017,0.10417977;2049,0.9590104;2016,0.08206856;2050,0.9893349;2019,0.1496468;2051,1.0198566;2018,0.1267192;2052,1.0505745;2021,0.19655383;2053,1.0814879;2020,0.17293246;2054,1.112596;2023,0.24473181;2055,1.143898;2022,0.22049211;2056,1.1753955;2025,0.2940654;2057,1.207088;2024,0.26925993;2058,1.2389748;2027,0.34447125;2059,1.2710555;2026,0.3191386;2060,1.3033293;2029,0.39588633;2061,1.3357941;2028,0.37005597;2062,1.368449;2031,0.44826472;2063,1.4012938;2030,0.42195648;2002,0.0;2003,0.0;2000,0.0;2001,0.0;2006,0.0;2007,0.0;2004,0.0;2005,0.0;2010,0.0;2011,0.0;2008,0.0;2009,0.0;2014,0.03938869;2015,0.060442265;2012,0.0;2013,0.01906909',2,7,15),(217,'2065,1.4475826;2032,0.47120562;2064,1.4151036;2033,0.4976768;2067,1.513047;2034,0.52436316;2066,1.4802306;2035,0.5512612;2069,1.5791827;2036,0.57836777;2068,1.5460311;2037,0.6056799;2038,0.6331949;2070,1.6125013;2039,0.66091037;2040,0.68882376;2041,0.7169361;2042,0.74524546;2043,0.77375;2044,0.8024481;2045,0.8313381;2046,0.8604186;2047,0.8896882;2048,0.9191456;2017,0.10371187;2049,0.94878954;2016,0.08171809;2050,0.9786189;2019,0.14891079;2051,1.0086331;2018,0.1261228;2052,1.038831;2021,0.19550508;2053,1.0692118;2020,0.1720457;2054,1.0997745;2023,0.243325;2055,1.1305181;2022,0.21927005;2056,1.1614397;2025,0.29225415;2057,1.1925383;2024,0.26765674;2058,1.2238132;2027,0.34220818;2059,1.2552636;2026,0.31710744;2060,1.2868887;2029,0.3931229;2061,1.318686;2028,0.36754888;2062,1.3506546;2031,0.4449534;2063,1.382794;2030,0.4189243;2002,0.0;2003,0.0;2000,0.0;2001,0.0;2006,0.0;2007,0.0;2004,0.0;2005,0.0;2010,0.0;2011,0.0;2008,0.0;2009,0.0;2014,0.039239205;2015,0.060198024;2012,0.0;2013,0.019002113',2,11,15),(218,'2065,0.00812866;2032,0.00812866;2064,0.00812866;2033,0.00812866;2067,0.00812866;2034,0.00812866;2066,0.00812866;2035,0.00812866;2069,0.00812866;2036,0.00812866;2068,0.00812866;2037,0.00812866;2038,0.00812866;2070,0.00812866;2039,0.00812866;2040,0.00812866;2041,0.00812866;2042,0.00812866;2043,0.00812866;2044,0.00812866;2045,0.00812866;2046,0.00812866;2047,0.00812866;2048,0.00812866;2017,0.00812866;2049,0.00812866;2016,0.00812866;2050,0.00812866;2019,0.00812866;2051,0.00812866;2018,0.00812866;2052,0.00812866;2021,0.00812866;2053,0.00812866;2020,0.00812866;2054,0.00812866;2023,0.00812866;2055,0.00812866;2022,0.00812866;2056,0.00812866;2025,0.00812866;2057,0.00812866;2024,0.00812866;2058,0.00812866;2027,0.00812866;2059,0.00812866;2026,0.00812866;2060,0.00812866;2029,0.00812866;2061,0.00812866;2028,0.00812866;2062,0.00812866;2031,0.00812866;2063,0.00812866;2030,0.00812866;2002,0.0;2003,0.0;2000,0.0;2001,0.0;2006,0.0;2007,0.0;2004,0.0;2005,0.0;2010,0.0;2011,0.0;2008,0.0;2009,0.0;2014,0.00812866;2015,0.00812866;2012,0.0;2013,0.00812866',2,20,16),(219,'2065,0.008518633;2032,0.008315371;2064,0.008511836;2033,0.0083202645;2067,0.0085323;2034,0.008325343;2066,0.008525455;2035,0.008330584;2069,0.00854605;2036,0.008335966;2068,0.008539164;2037,0.008341473;2038,0.008347089;2070,0.008552954;2039,0.008352804;2040,0.008358606;2041,0.0083644865;2042,0.008370438;2043,0.008376453;2044,0.008382525;2045,0.008388651;2046,0.008394824;2047,0.008401041;2048,0.008407298;2017,0.008252572;2049,0.008413591;2016,0.008248442;2050,0.00841992;2019,0.008260833;2051,0.008426279;2018,0.008256703;2052,0.008432667;2021,0.008269094;2053,0.008439082;2020,0.0082649635;2054,0.008445522;2023,0.008277355;2055,0.008451985;2022,0.008273224;2056,0.008458492;2025,0.008285616;2057,0.008465041;2024,0.008281485;2058,0.008471629;2027,0.008293876;2059,0.008478251;2026,0.008289746;2060,0.008484908;2029,0.008302137;2061,0.008491597;2028,0.008298007;2062,0.008498316;2031,0.008310694;2063,0.008505062;2030,0.008306268;2002,0.0;2003,0.0;2000,0.0;2001,0.0;2006,0.0;2007,0.0;2004,0.0;2005,0.0;2010,0.0;2011,0.0;2008,0.0;2009,0.0;2014,0.008240181;2015,0.008244311;2012,0.0;2013,0.008236051',2,10,16),(220,'2065,0.008531103;2032,0.00831552;2064,0.00852375;2033,0.008320548;2067,0.008545907;2034,0.008325794;2066,0.008538489;2035,0.00833123;2069,0.008560832;2036,0.008336833;2068,0.008553355;2037,0.008342583;2038,0.008348462;2070,0.008568335;2039,0.008354456;2040,0.0083605535;2041,0.008366743;2042,0.008373016;2043,0.0083793625;2044,0.008385778;2045,0.008392256;2046,0.008398789;2047,0.008405374;2048,0.008412006;2017,0.008252572;2049,0.008418682;2016,0.008248442;2050,0.008425398;2019,0.008260833;2051,0.00843215;2018,0.008256703;2052,0.008438936;2021,0.008269094;2053,0.008445755;2020,0.0082649635;2054,0.008452603;2023,0.008277355;2055,0.008459478;2022,0.008273224;2056,0.008466415;2025,0.008285616;2057,0.008473412;2024,0.008281485;2058,0.008480464;2027,0.008293876;2059,0.008487567;2026,0.008289746;2060,0.008494718;2029,0.008302137;2061,0.008501915;2028,0.008298007;2062,0.008509154;2031,0.008310746;2063,0.008516434;2030,0.008306268;2002,0.0;2003,0.0;2000,0.0;2001,0.0;2006,0.0;2007,0.0;2004,0.0;2005,0.0;2010,0.0;2011,0.0;2008,0.0;2009,0.0;2014,0.008240181;2015,0.008244311;2012,0.0;2013,0.008236051',2,8,16),(221,'2065,0.008368411;2032,0.008240776;2064,0.008364284;2033,0.008243793;2067,0.008376665;2034,0.008246941;2066,0.008372538;2035,0.008250202;2069,0.00838492;2036,0.008253564;2068,0.008380792;2037,0.008257014;2038,0.008260541;2070,0.008389047;2039,0.008264137;2040,0.008267796;2041,0.00827151;2042,0.008275273;2043,0.008279081;2044,0.0082829315;2045,0.008286817;2046,0.008290738;2047,0.008294689;2048,0.008298668;2017,0.008203007;2049,0.008302674;2016,0.008200529;2050,0.008306703;2019,0.008207964;2051,0.008310754;2018,0.0082054855;2052,0.0083148265;2021,0.00821292;2053,0.008318917;2020,0.008210442;2054,0.008323026;2023,0.008217877;2055,0.008327151;2022,0.0082153985;2056,0.008331276;2025,0.008222833;2057,0.008335401;2024,0.008220355;2058,0.008339527;2027,0.00822779;2059,0.008343653;2026,0.0082253115;2060,0.008347779;2029,0.008232746;2061,0.008351905;2028,0.008230268;2062,0.008356031;2031,0.008237911;2063,0.008360158;2030,0.0082352245;2002,0.0;2003,0.0;2000,0.0;2001,0.0;2006,0.0;2007,0.0;2004,0.0;2005,0.0;2010,0.0;2011,0.0;2008,0.0;2009,0.0;2014,0.0081955725;2015,0.008198051;2012,0.0;2013,0.008193094',2,12,16),(222,'2065,0.0084580025;2032,0.008314628;2064,0.008453692;2033,0.008318848;2067,0.008466603;2034,0.00832309;2066,0.008462306;2035,0.008327351;2069,0.00847518;2036,0.0083316285;2068,0.008470895;2037,0.008335921;2038,0.0083402265;2070,0.00847946;2039,0.008344543;2040,0.00834887;2041,0.008353206;2042,0.008357551;2043,0.008361903;2044,0.008366263;2045,0.008370628;2046,0.008374998;2047,0.008379374;2048,0.008383755;2017,0.008252572;2049,0.008388139;2016,0.008248442;2050,0.008392529;2019,0.008260833;2051,0.008396921;2018,0.008256703;2052,0.0084013175;2021,0.008269094;2053,0.008405716;2020,0.0082649635;2054,0.0084101185;2023,0.008277355;2055,0.008414524;2022,0.008273224;2056,0.008418916;2025,0.008285616;2057,0.008423297;2024,0.008281485;2058,0.0084276665;2027,0.008293876;2059,0.008432026;2026,0.008289746;2060,0.008436376;2029,0.008302137;2061,0.008440717;2028,0.008298007;2062,0.00844505;2031,0.0083104335;2063,0.008449375;2030,0.008306268;2002,0.0;2003,0.0;2000,0.0;2001,0.0;2006,0.0;2007,0.0;2004,0.0;2005,0.0;2010,0.0;2011,0.0;2008,0.0;2009,0.0;2014,0.008240181;2015,0.008244311;2012,0.0;2013,0.008236051',2,9,16),(223,'2065,0.008482114;2032,0.008333091;2064,0.008477474;2033,0.008337612;2067,0.00849143;2034,0.008342127;2066,0.008486767;2035,0.008346639;2069,0.008500788;2036,0.008351145;2068,0.008496105;2037,0.008355648;2038,0.0083601475;2070,0.008505482;2039,0.008364645;2040,0.008369138;2041,0.008373631;2042,0.008378121;2043,0.008382609;2044,0.008387095;2045,0.00839158;2046,0.008396063;2047,0.008400545;2048,0.008405026;2017,0.0082649635;2049,0.008409506;2016,0.0082604205;2050,0.008413984;2019,0.00827405;2051,0.008418463;2018,0.008269507;2052,0.00842294;2021,0.008283137;2053,0.008427416;2020,0.008278594;2054,0.008431892;2023,0.008292224;2055,0.008436366;2022,0.008287681;2056,0.008440863;2025,0.008301311;2057,0.00844538;2024,0.008296768;2058,0.008449917;2027,0.008310398;2059,0.008454471;2026,0.008305855;2060,0.008459042;2029,0.008319485;2061,0.008463629;2028,0.008314942;2062,0.00846823;2031,0.0083285635;2063,0.008472845;2030,0.008324029;2002,0.0;2003,0.0;2000,0.0;2001,0.0;2006,0.0;2007,0.0;2004,0.0;2005,0.0;2010,0.0;2011,0.0;2008,0.0;2009,0.0;2014,0.008251334;2015,0.008255877;2012,0.0;2013,0.00824679',2,7,16),(224,'2065,0.008332718;2032,0.00824033;2064,0.00832997;2033,0.008242942;2067,0.008338185;2034,0.008245588;2066,0.008335456;2035,0.008248262;2069,0.008343616;2036,0.008250962;2068,0.0083409045;2037,0.008253682;2038,0.008256423;2070,0.008346318;2039,0.008259181;2040,0.008261954;2041,0.008264742;2042,0.008267541;2043,0.008270352;2044,0.008273173;2045,0.008276003;2046,0.008278842;2047,0.008281688;2048,0.008284542;2017,0.008203007;2049,0.008287402;2016,0.008200529;2050,0.008290268;2019,0.008207964;2051,0.00829314;2018,0.0082054855;2052,0.008296017;2021,0.00821292;2053,0.008298897;2020,0.008210442;2054,0.008301783;2023,0.008217877;2055,0.008304673;2022,0.0082153985;2056,0.0083075445;2025,0.008222833;2057,0.008310398;2024,0.008220355;2058,0.008313236;2027,0.00822779;2059,0.008316058;2026,0.0082253115;2060,0.008318866;2029,0.008232746;2061,0.00832166;2028,0.008230268;2062,0.0083244415;2031,0.008237755;2063,0.008327211;2030,0.0082352245;2002,0.0;2003,0.0;2000,0.0;2001,0.0;2006,0.0;2007,0.0;2004,0.0;2005,0.0;2010,0.0;2011,0.0;2008,0.0;2009,0.0;2014,0.0081955725;2015,0.008198051;2012,0.0;2013,0.008193094',2,11,16);
/*!40000 ALTER TABLE `engineeringmodeldata` ENABLE KEYS */;
UNLOCK TABLES;

--
-- Table structure for table `engineeringmodelvariable`
--

DROP TABLE IF EXISTS `engineeringmodelvariable`;
/*!40101 SET @saved_cs_client     = @@character_set_client */;
/*!40101 SET character_set_client = utf8 */;
CREATE TABLE `engineeringmodelvariable` (
  `id` int(11) NOT NULL AUTO_INCREMENT,
  `description` varchar(255) DEFAULT NULL,
  `name` varchar(255) DEFAULT NULL,
  `shortName` varchar(255) DEFAULT NULL,
  `uom` varchar(255) DEFAULT NULL,
  `uomVariation` varchar(255) DEFAULT NULL,
  `category` varchar(255) DEFAULT NULL,
  PRIMARY KEY (`id`)
) ENGINE=InnoDB AUTO_INCREMENT=17 DEFAULT CHARSET=latin1;
/*!40101 SET character_set_client = @saved_cs_client */;

--
-- Dumping data for table `engineeringmodelvariable`
--

LOCK TABLES `engineeringmodelvariable` WRITE;
/*!40000 ALTER TABLE `engineeringmodelvariable` DISABLE KEYS */;
INSERT INTO `engineeringmodelvariable` VALUES (1,'Corrosion initiation of reinforcing bar probability','Corrosion initiation of reinforcing bar probability','Pint','','%','Chloride'),(2,'Change in chloride concentration at concrete cover depth','Change in chloride concentration at concrete cover depth','C(h,t)','kg/m&sup3;','%','Chloride'),(3,'Change in corrosion rate of reinforcing bar','Change in corrosion rate of reinforcing bar','icorr (t)','&#181;A/cm&sup2;','%','Chloride'),(4,'Corrosion initiation time','Corrosion initiation time','ti','yr','%','Chloride'),(5,'Crack propagation time','Crack propagation time','tp','yr','%','Chloride'),(6,'Time to severe cracking (1mm crack width)','Time to severe cracking (1mm crack width)','tcr','yr','%','Chloride'),(7,'Chloride induced corrosion probability to severe cracking','Chloride induced corrosion probability to severe cracking','Pinit x Pcrack','','%','Chloride'),(8,'Reduction or loss in reinforcing bar','Reduction or loss in reinforcing bar','Rebar loss','mm','%','Chloride'),(9,'Corrosion initiation of reinforcing bar probability ','Corrosion initiation of reinforcing bar probability','Pint','','%','Carbonation'),(10,'Change in carbonation depth','Change in carbonation depth','&#916; xc(t\')','mm','%','Carbonation'),(11,'Change in corrosion rate of reinforcing bar','Change in corrosion rate of reinforcing bar','icorr(t\')','&#181;A/cm&sup2;','%','Carbonation'),(12,'Corrosion initiation time','Corrosion initiation time','ti','yr','%','Carbonation'),(13,'Crack propagation time','Crack propagation time','tp','yr','%','Carbonation'),(14,'Time to severe cracking (1mm crack width)','Time to severe cracking (1mm crack width)','tcr','yr','%','Carbonation'),(15,'Carbonation induced corrosion probability to severe cracking','Carbonation induced corrosion probability to severe cracking','Pinit x Pcrack','','%','Carbonation'),(16,'Reduction or loss in reinforcing bar','Reduction or loss in reinforcing bar','Rebar loss','mm','%','Carbonation');
/*!40000 ALTER TABLE `engineeringmodelvariable` ENABLE KEYS */;
UNLOCK TABLES;

--
-- Table structure for table `region`
--

DROP TABLE IF EXISTS `region`;
/*!40101 SET @saved_cs_client     = @@character_set_client */;
/*!40101 SET character_set_client = utf8 */;
CREATE TABLE `region` (
  `id` int(11) NOT NULL AUTO_INCREMENT,
  `name` varchar(255) DEFAULT NULL,
  PRIMARY KEY (`id`)
) ENGINE=InnoDB AUTO_INCREMENT=9 DEFAULT CHARSET=latin1;
/*!40101 SET character_set_client = @saved_cs_client */;

--
-- Dumping data for table `region`
--

LOCK TABLES `region` WRITE;
/*!40000 ALTER TABLE `region` DISABLE KEYS */;
INSERT INTO `region` VALUES (1,'East Coast South'),(2,'Southern Slopes Vic East'),(3,'Southern and South-Western Flatlands'),(4,'Monsoonal North'),(5,'Wet Tropics'),(6,'Rangelands'),(7,'Central Slopes'),(8,'Murray Basin');
/*!40000 ALTER TABLE `region` ENABLE KEYS */;
UNLOCK TABLES;

--
-- Table structure for table `seaport`
--

DROP TABLE IF EXISTS `seaport`;
/*!40101 SET @saved_cs_client     = @@character_set_client */;
/*!40101 SET character_set_client = utf8 */;
CREATE TABLE `seaport` (
  `id` int(11) NOT NULL AUTO_INCREMENT,
  `name` varchar(255) DEFAULT NULL,
  `region_id` int(11) DEFAULT NULL,
  PRIMARY KEY (`id`),
  KEY `FKD88A2D303365D05` (`region_id`),
  CONSTRAINT `FKD88A2D303365D05` FOREIGN KEY (`region_id`) REFERENCES `region` (`id`)
) ENGINE=InnoDB DEFAULT CHARSET=latin1;
/*!40101 SET character_set_client = @saved_cs_client */;

--
-- Dumping data for table `seaport`
--

LOCK TABLES `seaport` WRITE;
/*!40000 ALTER TABLE `seaport` DISABLE KEYS */;
/*!40000 ALTER TABLE `seaport` ENABLE KEYS */;
UNLOCK TABLES;

--
-- Table structure for table `user`
--

DROP TABLE IF EXISTS `user`;
/*!40101 SET @saved_cs_client     = @@character_set_client */;
/*!40101 SET character_set_client = utf8 */;
CREATE TABLE `user` (
  `username` varchar(255) NOT NULL,
  `email` varchar(255) DEFAULT NULL,
  `enabled` bit(1) DEFAULT NULL,
  `firstname` varchar(255) DEFAULT NULL,
  `lastname` varchar(255) DEFAULT NULL,
  `nonLocked` bit(1) DEFAULT NULL,
  `password` varchar(255) DEFAULT NULL,
  `roles` varchar(255) DEFAULT NULL,
  PRIMARY KEY (`username`)
) ENGINE=InnoDB DEFAULT CHARSET=latin1;
/*!40101 SET character_set_client = @saved_cs_client */;

--
-- Dumping data for table `user`
--

LOCK TABLES `user` WRITE;
/*!40000 ALTER TABLE `user` DISABLE KEYS */;
INSERT INTO `user` VALUES ('admin','email','','Admin','Admin','','password','ROLE_ADMIN'),('gprevost','guillaume.prevost@live.com','','Guillaume','Prevost','','password','ROLE_ADMIN'),('jmullet','email','','Jane','Mullett','','password','ROLE_USER'),('rsrini','email','','Ravi','Srini','','password','ROLE_USER'),('user','email','','User','User','','password','ROLE_USER');
/*!40000 ALTER TABLE `user` ENABLE KEYS */;
UNLOCK TABLES;

--
-- Table structure for table `userstory`
--

DROP TABLE IF EXISTS `userstory`;
/*!40101 SET @saved_cs_client     = @@character_set_client */;
/*!40101 SET character_set_client = utf8 */;
CREATE TABLE `userstory` (
  `id` int(11) NOT NULL AUTO_INCREMENT,
  `access` varchar(255) DEFAULT NULL,
  `mode` varchar(255) DEFAULT NULL,
  `name` varchar(255) DEFAULT NULL,
  `owner_login` varchar(255) DEFAULT NULL,
  `region_id` int(11) DEFAULT NULL,
  PRIMARY KEY (`id`),
  KEY `FK8B05E3CA3365D05` (`region_id`),
  KEY `FK8B05E3CABFE5533` (`owner_login`),
  CONSTRAINT `FK8B05E3CABFE5533` FOREIGN KEY (`owner_login`) REFERENCES `user` (`username`),
  CONSTRAINT `FK8B05E3CA3365D05` FOREIGN KEY (`region_id`) REFERENCES `region` (`id`)
) ENGINE=InnoDB AUTO_INCREMENT=13 DEFAULT CHARSET=latin1;
/*!40101 SET character_set_client = @saved_cs_client */;

--
-- Dumping data for table `userstory`
--

LOCK TABLES `userstory` WRITE;
/*!40000 ALTER TABLE `userstory` DISABLE KEYS */;
/*!40000 ALTER TABLE `userstory` ENABLE KEYS */;
UNLOCK TABLES;
/*!40103 SET TIME_ZONE=@OLD_TIME_ZONE */;

/*!40101 SET SQL_MODE=@OLD_SQL_MODE */;
/*!40014 SET FOREIGN_KEY_CHECKS=@OLD_FOREIGN_KEY_CHECKS */;
/*!40014 SET UNIQUE_CHECKS=@OLD_UNIQUE_CHECKS */;
/*!40101 SET CHARACTER_SET_CLIENT=@OLD_CHARACTER_SET_CLIENT */;
/*!40101 SET CHARACTER_SET_RESULTS=@OLD_CHARACTER_SET_RESULTS */;
/*!40101 SET COLLATION_CONNECTION=@OLD_COLLATION_CONNECTION */;
/*!40111 SET SQL_NOTES=@OLD_SQL_NOTES */;

-- Dump completed on 2013-03-15 14:47:28
