CREATE DATABASE  IF NOT EXISTS `seaports` /*!40100 DEFAULT CHARACTER SET latin1 */;
USE `seaports`;
-- MySQL dump 10.13  Distrib 5.5.16, for Win32 (x86)
--
-- Host: localhost    Database: seaports
-- ------------------------------------------------------
-- Server version	5.5.28

/*!40101 SET @OLD_CHARACTER_SET_CLIENT=@@CHARACTER_SET_CLIENT */;
/*!40101 SET @OLD_CHARACTER_SET_RESULTS=@@CHARACTER_SET_RESULTS */;
/*!40101 SET @OLD_COLLATION_CONNECTION=@@COLLATION_CONNECTION */;
/*!40101 SET NAMES utf8 */;
/*!40103 SET @OLD_TIME_ZONE=@@TIME_ZONE */;
/*!40103 SET TIME_ZONE='+00:00' */;
/*!40014 SET @OLD_UNIQUE_CHECKS=@@UNIQUE_CHECKS, UNIQUE_CHECKS=0 */;
/*!40014 SET @OLD_FOREIGN_KEY_CHECKS=@@FOREIGN_KEY_CHECKS, FOREIGN_KEY_CHECKS=0 */;
/*!40101 SET @OLD_SQL_MODE=@@SQL_MODE, SQL_MODE='NO_AUTO_VALUE_ON_ZERO' */;
/*!40111 SET @OLD_SQL_NOTES=@@SQL_NOTES, SQL_NOTES=0 */;

--
-- Table structure for table `abs_data`
--

DROP TABLE IF EXISTS `abs_data`;
/*!40101 SET @saved_cs_client     = @@character_set_client */;
/*!40101 SET character_set_client = utf8 */;
CREATE TABLE `abs_data` (
  `id` int(11) NOT NULL AUTO_INCREMENT,
  `data` varchar(255) DEFAULT NULL,
  `seaport_id` varchar(255) DEFAULT NULL,
  `abs_variable_id` int(11) DEFAULT NULL,
  PRIMARY KEY (`id`),
  KEY `FK661BA7579A47FD94` (`abs_variable_id`),
  KEY `FK661BA7578FB9E94F` (`seaport_id`),
  CONSTRAINT `FK661BA7578FB9E94F` FOREIGN KEY (`seaport_id`) REFERENCES `seaport` (`code`),
  CONSTRAINT `FK661BA7579A47FD94` FOREIGN KEY (`abs_variable_id`) REFERENCES `abs_variable` (`id`)
) ENGINE=InnoDB AUTO_INCREMENT=9 DEFAULT CHARSET=latin1;
/*!40101 SET character_set_client = @saved_cs_client */;

--
-- Dumping data for table `abs_data`
--

LOCK TABLES `abs_data` WRITE;
/*!40000 ALTER TABLE `abs_data` DISABLE KEYS */;
INSERT INTO `abs_data` VALUES (1,'2001,381248;2002,384826;2003,388460;2004,391638;2005,395806;2006,399712;2007,402318;2008,406202;2009,408966;2010,410825;2011,413962','AUNTL',1),(2,'2001,3784614;2002,3815623;2003,3841038;2004,3863306;2005,3892711;2006,3927676;2007,3983300;2008,4048560;2009,4120338;2010,4179466;2011,4231954','AUSYD',1),(3,'2001,262785;2002,265247;2003,266898;2004,267829;2005,269255;2006,270997;2007,272556;2008,275602;2009,277778;2010,279642;2011,280705','AUPKL',1),(4,'2001,12266;2002,12307;2003,12270;2004,12500;2005,12666;2006,12925;2007,13078;2008,13194;2009,13287;2010,13407;2011,13479','AUBSJ',1),(5,'2001,28442;2002,28755;2003,29107;2004,29451;2005,30019;2006,30492;2007,30749;2008,30965;2009,31237;2010,31479;2011,31538','AUALH',1),(6,'2001,31994;2002,32260;2003,32427;2004,32506;2005,33338;2006,34175;2007,34766;2008,35554;2009,36289;2010,36670;2011,37114','AUGET',1),(7,'2001,50260;2002,51040;2003,51646;2004,53531;2005,55919;2006,58694;2007,60371;2008,62457;2009,64503;2010,66053;2011,67421','AUBUY',1),(8,'2001,1419994;2002,1439792;2003,1462442;2004,1488351;2005,1513581;2006,1546145;2007,1587077;2008,1636507;2009,1689336;2010,1726993;2011,1771434','AUFRE',1);
/*!40000 ALTER TABLE `abs_data` ENABLE KEYS */;
UNLOCK TABLES;

--
-- Table structure for table `abs_variable`
--

DROP TABLE IF EXISTS `abs_variable`;
/*!40101 SET @saved_cs_client     = @@character_set_client */;
/*!40101 SET character_set_client = utf8 */;
CREATE TABLE `abs_variable` (
  `id` int(11) NOT NULL AUTO_INCREMENT,
  `description` varchar(255) DEFAULT NULL,
  `name` varchar(255) DEFAULT NULL,
  `short_name` varchar(255) DEFAULT NULL,
  `uom` varchar(255) DEFAULT NULL,
  `uom_variation` varchar(255) DEFAULT NULL,
  PRIMARY KEY (`id`)
) ENGINE=InnoDB AUTO_INCREMENT=2 DEFAULT CHARSET=latin1;
/*!40101 SET character_set_client = @saved_cs_client */;

--
-- Dumping data for table `abs_variable`
--

LOCK TABLES `abs_variable` WRITE;
/*!40000 ALTER TABLE `abs_variable` DISABLE KEYS */;
INSERT INTO `abs_variable` VALUES (1,'Population in urban centre','Urban Population','Pop.','people','%');
/*!40000 ALTER TABLE `abs_variable` ENABLE KEYS */;
UNLOCK TABLES;

--
-- Table structure for table `acorn_sat_data`
--

DROP TABLE IF EXISTS `acorn_sat_data`;
/*!40101 SET @saved_cs_client     = @@character_set_client */;
/*!40101 SET character_set_client = utf8 */;
CREATE TABLE `acorn_sat_data` (
  `id` int(11) NOT NULL AUTO_INCREMENT,
  `date_measured` datetime DEFAULT NULL,
  `extreme` bit(1) DEFAULT NULL,
  `period_end` datetime DEFAULT NULL,
  `period_start` datetime DEFAULT NULL,
  `value` double DEFAULT NULL,
  `acorn_sat_station_id` int(11) DEFAULT NULL,
  `acorn_sat_variable_id` int(11) DEFAULT NULL,
  PRIMARY KEY (`id`),
  KEY `FKF34670595ADB8573` (`acorn_sat_variable_id`),
  KEY `FKF3467059E0274E1` (`acorn_sat_station_id`),
  CONSTRAINT `FKF3467059E0274E1` FOREIGN KEY (`acorn_sat_station_id`) REFERENCES `acorn_sat_station` (`id`),
  CONSTRAINT `FKF34670595ADB8573` FOREIGN KEY (`acorn_sat_variable_id`) REFERENCES `acorn_sat_variable` (`id`)
) ENGINE=InnoDB AUTO_INCREMENT=122 DEFAULT CHARSET=latin1;
/*!40101 SET character_set_client = @saved_cs_client */;

--
-- Dumping data for table `acorn_sat_data`
--

LOCK TABLES `acorn_sat_data` WRITE;
/*!40000 ALTER TABLE `acorn_sat_data` DISABLE KEYS */;
INSERT INTO `acorn_sat_data` VALUES (1,NULL,'\0','2010-01-01 00:00:00','1981-01-01 00:00:00',19.6,1,1),(2,NULL,'\0','2010-01-01 00:00:00','1981-01-01 00:00:00',1473.6,1,2),(3,'1970-01-01 09:00:00','\0','2010-01-01 00:00:00','1981-01-01 00:00:00',76,1,3),(4,'1970-01-01 15:00:00','\0','2010-01-01 00:00:00','1981-01-01 00:00:00',68,1,3),(5,'1970-01-01 09:00:00','\0','2010-01-01 00:00:00','1981-01-01 00:00:00',11.8,1,4),(6,'1970-01-01 15:00:00','\0','2010-01-01 00:00:00','1981-01-01 00:00:00',18.1,1,4),(7,'2002-01-12 00:00:00','','2010-01-01 00:00:00','1981-01-01 00:00:00',42.5,1,5),(8,'1999-03-02 00:00:00','','2010-01-01 00:00:00','1981-01-01 00:00:00',300,1,6),(9,NULL,'\0','2010-01-01 00:00:00','1981-01-01 00:00:00',18.9,2,1),(10,NULL,'\0','2010-01-01 00:00:00','1981-01-01 00:00:00',1658.8,2,2),(11,'1970-01-01 09:00:00','\0','2010-01-01 00:00:00','1981-01-01 00:00:00',67,2,3),(12,'1970-01-01 15:00:00','\0','2010-01-01 00:00:00','1981-01-01 00:00:00',63,2,3),(13,'1970-01-01 09:00:00','\0','2010-01-01 00:00:00','1981-01-01 00:00:00',13.2,2,4),(14,'1970-01-01 15:00:00','\0','2010-01-01 00:00:00','1981-01-01 00:00:00',19.4,2,4),(15,'2002-01-12 00:00:00','','2010-01-01 00:00:00','1981-01-01 00:00:00',43.3,2,5),(16,'2009-11-07 00:00:00','','2010-01-01 00:00:00','1981-01-01 00:00:00',371,2,6),(17,'1985-07-09 00:00:00','','2010-01-01 00:00:00','1981-01-01 00:00:00',124,2,7),(18,NULL,'\0','2010-01-01 00:00:00','1981-01-01 00:00:00',17.9,3,1),(19,NULL,'\0','2010-01-01 00:00:00','1981-01-01 00:00:00',1126.5,3,2),(20,'1970-01-01 09:00:00','\0','2010-01-01 00:00:00','1981-01-01 00:00:00',73,3,3),(21,'1970-01-01 15:00:00','\0','2010-01-01 00:00:00','1981-01-01 00:00:00',56,3,3),(22,'1970-01-01 09:00:00','\0','2010-01-01 00:00:00','1981-01-01 00:00:00',14.5,3,4),(23,'1970-01-01 15:00:00','\0','2010-01-01 00:00:00','1981-01-01 00:00:00',21.3,3,4),(24,'2006-01-01 00:00:00','','2010-01-01 00:00:00','1981-01-01 00:00:00',44.4,3,5),(25,'1990-02-03 00:00:00','','2010-01-01 00:00:00','1981-01-01 00:00:00',276,3,6),(26,'1992-08-12 00:00:00','','2010-01-01 00:00:00','1981-01-01 00:00:00',122,3,7),(27,'1998-06-23 00:00:00','','2010-01-01 00:00:00','1981-01-01 00:00:00',122,3,7),(28,NULL,'\0','2010-01-01 00:00:00','1981-01-01 00:00:00',18.5,4,1),(29,NULL,'\0','2010-01-01 00:00:00','1981-01-01 00:00:00',1222.7,4,2),(30,'1970-01-01 09:00:00','\0','2010-01-01 00:00:00','1981-01-01 00:00:00',70,4,3),(31,'1970-01-01 15:00:00','\0','2010-01-01 00:00:00','1981-01-01 00:00:00',56,4,3),(32,'1970-01-01 09:00:00','\0','2010-01-01 00:00:00','1981-01-01 00:00:00',8.3,4,4),(33,'1970-01-01 15:00:00','\0','2010-01-01 00:00:00','1981-01-01 00:00:00',13.9,4,4),(34,'2006-01-01 00:00:00','','2010-01-01 00:00:00','1981-01-01 00:00:00',44.2,4,5),(35,'1986-08-06 00:00:00','','2010-01-01 00:00:00','1981-01-01 00:00:00',327.6,4,6),(36,'1981-09-27 00:00:00','','2010-01-01 00:00:00','1981-01-01 00:00:00',117,4,7),(37,NULL,'\0','2010-01-01 00:00:00','1981-01-01 00:00:00',16.1,5,1),(38,NULL,'\0','2010-01-01 00:00:00','1981-01-01 00:00:00',951.4,5,2),(39,'1970-01-01 09:00:00','\0','2010-01-01 00:00:00','1981-01-01 00:00:00',76,5,3),(40,'1970-01-01 15:00:00','\0','2010-01-01 00:00:00','1981-01-01 00:00:00',66,5,3),(41,'1970-01-01 09:00:00','\0','2010-01-01 00:00:00','1981-01-01 00:00:00',12.1,5,4),(42,'1970-01-01 15:00:00','\0','2010-01-01 00:00:00','1981-01-01 00:00:00',22.7,5,4),(43,'2003-01-30 00:00:00','','2010-01-01 00:00:00','1981-01-01 00:00:00',43.2,5,5),(44,'1999-01-29 00:00:00','','2010-01-01 00:00:00','1981-01-01 00:00:00',206.2,5,6),(45,NULL,'\0','2010-01-01 00:00:00','1981-01-01 00:00:00',15.3,6,1),(46,NULL,'\0','2010-01-01 00:00:00','1981-01-01 00:00:00',913.5,6,2),(47,'1970-01-01 09:00:00','\0','2010-01-01 00:00:00','1981-01-01 00:00:00',79,6,3),(48,'1970-01-01 15:00:00','\0','2010-01-01 00:00:00','1981-01-01 00:00:00',75,6,3),(49,'1970-01-01 09:00:00','\0','2010-01-01 00:00:00','1981-01-01 00:00:00',24.8,6,4),(50,'1970-01-01 15:00:00','\0','2010-01-01 00:00:00','1981-01-01 00:00:00',32.8,6,4),(51,'1990-01-03 00:00:00','','2010-01-01 00:00:00','1981-01-01 00:00:00',40.8,6,5),(52,'1999-01-24 00:00:00','','2010-01-01 00:00:00','1981-01-01 00:00:00',237,6,6),(53,NULL,'\0','2010-01-01 00:00:00','1981-01-01 00:00:00',14,7,1),(54,NULL,'\0','2010-01-01 00:00:00','1981-01-01 00:00:00',559.2,7,2),(55,'1970-01-01 09:00:00','\0','2010-01-01 00:00:00','1981-01-01 00:00:00',78,7,3),(56,'1970-01-01 15:00:00','\0','2010-01-01 00:00:00','1981-01-01 00:00:00',56,7,3),(57,'1970-01-01 09:00:00','\0','2010-01-01 00:00:00','1981-01-01 00:00:00',12.4,7,4),(58,'1970-01-01 15:00:00','\0','2010-01-01 00:00:00','1981-01-01 00:00:00',20.6,7,4),(59,'1982-01-24 00:00:00','','2010-01-01 00:00:00','1981-01-01 00:00:00',44.6,7,5),(60,'2004-04-24 00:00:00','','2010-01-01 00:00:00','1981-01-01 00:00:00',108.8,7,6),(61,'1998-12-27 00:00:00','','2010-01-01 00:00:00','1981-01-01 00:00:00',152,7,7),(62,NULL,'\0','2010-01-01 00:00:00','1981-01-01 00:00:00',14.2,8,1),(63,NULL,'\0','2010-01-01 00:00:00','1981-01-01 00:00:00',1059,8,2),(64,'1970-01-01 09:00:00','\0','2010-01-01 00:00:00','1981-01-01 00:00:00',75,8,3),(65,'1970-01-01 15:00:00','\0','2010-01-01 00:00:00','1981-01-01 00:00:00',72,8,3),(66,'1970-01-01 09:00:00','\0','2010-01-01 00:00:00','1981-01-01 00:00:00',34.1,8,4),(67,'1970-01-01 15:00:00','\0','2010-01-01 00:00:00','1981-01-01 00:00:00',35.8,8,4),(68,'2009-02-07 00:00:00','','2010-01-01 00:00:00','1981-01-01 00:00:00',42,8,5),(69,'1988-05-20 00:00:00','','2010-01-01 00:00:00','1981-01-01 00:00:00',123.2,8,6),(70,NULL,'\0','2010-01-01 00:00:00','1981-01-01 00:00:00',19.9,9,1),(71,NULL,'\0','2010-01-01 00:00:00','1981-01-01 00:00:00',416.3,9,2),(72,'1970-01-01 09:00:00','\0','2010-01-01 00:00:00','1981-01-01 00:00:00',59,9,3),(73,'1970-01-01 15:00:00','\0','2010-01-01 00:00:00','1981-01-01 00:00:00',48,9,3),(74,'1970-01-01 09:00:00','\0','2010-01-01 00:00:00','1981-01-01 00:00:00',19.4,9,4),(75,'1970-01-01 15:00:00','\0','2010-01-01 00:00:00','1981-01-01 00:00:00',25,9,4),(76,'1985-02-20 00:00:00','','2010-01-01 00:00:00','1981-01-01 00:00:00',47.3,9,5),(77,'1999-03-20 00:00:00','','2010-01-01 00:00:00','1981-01-01 00:00:00',100.8,9,6),(78,'1994-05-23 00:00:00','','2010-01-01 00:00:00','1981-01-01 00:00:00',128.8,9,7),(79,NULL,'\0','2010-01-01 00:00:00','1981-01-01 00:00:00',18.6,10,1),(80,NULL,'\0','2010-01-01 00:00:00','1981-01-01 00:00:00',725,10,2),(81,'1970-01-01 09:00:00','\0','2010-01-01 00:00:00','1981-01-01 00:00:00',62,10,3),(82,'1970-01-01 15:00:00','\0','2010-01-01 00:00:00','1981-01-01 00:00:00',45,10,3),(83,'1970-01-01 09:00:00','\0','2010-01-01 00:00:00','1981-01-01 00:00:00',15.4,10,4),(84,'1970-01-01 15:00:00','\0','2010-01-01 00:00:00','1981-01-01 00:00:00',19.5,10,4),(85,'1991-02-23 00:00:00','','2010-01-01 00:00:00','1981-01-01 00:00:00',46.7,10,5),(86,'1992-02-09 00:00:00','','2010-01-01 00:00:00','1981-01-01 00:00:00',132,10,6),(87,'1990-07-22 00:00:00','','2010-01-01 00:00:00','1981-01-01 00:00:00',124,10,7),(88,NULL,'\0','2010-01-01 00:00:00','1981-01-01 00:00:00',15.6,11,1),(89,NULL,'\0','2010-01-01 00:00:00','1981-01-01 00:00:00',756.7,11,2),(90,'1970-01-01 09:00:00','\0','2010-01-01 00:00:00','1981-01-01 00:00:00',79,11,3),(91,'1970-01-01 15:00:00','\0','2010-01-01 00:00:00','1981-01-01 00:00:00',57,11,3),(92,'1970-01-01 09:00:00','\0','2010-01-01 00:00:00','1981-01-01 00:00:00',5.8,11,4),(93,'1970-01-01 15:00:00','\0','2010-01-01 00:00:00','1981-01-01 00:00:00',8.2,11,4),(94,'1991-01-31 00:00:00','','2010-01-01 00:00:00','1981-01-01 00:00:00',43.5,11,5),(95,'1985-04-09 00:00:00','','2010-01-01 00:00:00','1981-01-01 00:00:00',84.2,11,6),(96,NULL,'\0','2010-01-01 00:00:00','1981-01-01 00:00:00',18,12,1),(97,NULL,'\0','2010-01-01 00:00:00','1981-01-01 00:00:00',890.9,12,2),(98,'1970-01-01 09:00:00','\0','2010-01-01 00:00:00','1981-01-01 00:00:00',71,12,3),(99,'1970-01-01 15:00:00','\0','2010-01-01 00:00:00','1981-01-01 00:00:00',66,12,3),(100,'1970-01-01 09:00:00','\0','2010-01-01 00:00:00','1981-01-01 00:00:00',30.2,12,4),(101,'1970-01-01 15:00:00','\0','2010-01-01 00:00:00','1981-01-01 00:00:00',30.7,12,4),(102,'2007-03-07 00:00:00','','2010-01-01 00:00:00','1981-01-01 00:00:00',39.9,12,5),(103,'1994-08-11 00:00:00','','2010-01-01 00:00:00','1981-01-01 00:00:00',174,12,6),(104,NULL,'\0','2010-01-01 00:00:00','1981-01-01 00:00:00',15.4,13,1),(105,NULL,'\0','2010-01-01 00:00:00','1981-01-01 00:00:00',784.7,13,2),(106,'1970-01-01 09:00:00','\0','2010-01-01 00:00:00','1981-01-01 00:00:00',73,13,3),(107,'1970-01-01 15:00:00','\0','2010-01-01 00:00:00','1981-01-01 00:00:00',61,13,3),(108,'1970-01-01 09:00:00','\0','2010-01-01 00:00:00','1981-01-01 00:00:00',17.3,13,4),(109,'1970-01-01 15:00:00','\0','2010-01-01 00:00:00','1981-01-01 00:00:00',22.4,13,4),(110,'1991-01-31 00:00:00','','2010-01-01 00:00:00','1981-01-01 00:00:00',45.3,13,5),(111,'2005-04-02 00:00:00','','2010-01-01 00:00:00','1981-01-01 00:00:00',108,13,6),(112,'1983-09-01 00:00:00','','2010-01-01 00:00:00','1981-01-01 00:00:00',130,13,7),(113,NULL,'\0','2010-01-01 00:00:00','1981-01-01 00:00:00',17,14,1),(114,NULL,'\0','2010-01-01 00:00:00','1981-01-01 00:00:00',602.4,14,2),(115,'1970-01-01 09:00:00','\0','2010-01-01 00:00:00','1981-01-01 00:00:00',66,14,3),(116,'1970-01-01 15:00:00','\0','2010-01-01 00:00:00','1981-01-01 00:00:00',57,14,3),(117,'1970-01-01 09:00:00','\0','2010-01-01 00:00:00','1981-01-01 00:00:00',19.6,14,4),(118,'1970-01-01 15:00:00','\0','2010-01-01 00:00:00','1981-01-01 00:00:00',24.3,14,4),(119,'2010-01-06 00:00:00','','2010-01-01 00:00:00','1981-01-01 00:00:00',46.9,14,5),(120,'2007-01-05 00:00:00','','2010-01-01 00:00:00','1981-01-01 00:00:00',153.2,14,6),(121,'1993-05-28 00:00:00','','2010-01-01 00:00:00','1981-01-01 00:00:00',152,14,7);
/*!40000 ALTER TABLE `acorn_sat_data` ENABLE KEYS */;
UNLOCK TABLES;

--
-- Table structure for table `acorn_sat_station`
--

DROP TABLE IF EXISTS `acorn_sat_station`;
/*!40101 SET @saved_cs_client     = @@character_set_client */;
/*!40101 SET character_set_client = utf8 */;
CREATE TABLE `acorn_sat_station` (
  `id` int(11) NOT NULL AUTO_INCREMENT,
  `latitude` double DEFAULT NULL,
  `longitude` double DEFAULT NULL,
  `name` varchar(255) DEFAULT NULL,
  `number` double DEFAULT NULL,
  `region_id` int(11) DEFAULT NULL,
  PRIMARY KEY (`id`),
  KEY `FK6AF40E253365D05` (`region_id`),
  CONSTRAINT `FK6AF40E253365D05` FOREIGN KEY (`region_id`) REFERENCES `region` (`id`)
) ENGINE=InnoDB AUTO_INCREMENT=15 DEFAULT CHARSET=latin1;
/*!40101 SET character_set_client = @saved_cs_client */;

--
-- Dumping data for table `acorn_sat_station`
--

LOCK TABLES `acorn_sat_station` WRITE;
/*!40000 ALTER TABLE `acorn_sat_station` DISABLE KEYS */;
INSERT INTO `acorn_sat_station` VALUES (1,-29.43,153.36,'Yamba',58012,1),(2,-30.31,153.12,'Coffs Harbour',59040,1),(3,-32.79,151.84,'Williamtown',61078,1),(4,-33.86,151.21,'Sydney',66062,1),(5,-35.91,150.15,'Moruya Heads',69018,2),(6,-37.57,149.92,'Gabo Island',84016,2),(7,-38.12,147.13,'Sale',85072,2),(8,-39.13,146.42,'Wilsons Promontory',85096,2),(9,-28.8,114.7,'Geraldton',8051,3),(10,-31.93,115.98,'Perth',9021,3),(11,-33.96,116.14,'Bridgetown',9510,3),(12,-34.37,115.14,'Cape Leeuwin',9518,3),(13,-34.94,117.8,'Albany',9741,3),(14,-33.83,121.89,'Esperance',9789,3);
/*!40000 ALTER TABLE `acorn_sat_station` ENABLE KEYS */;
UNLOCK TABLES;

--
-- Table structure for table `acorn_sat_variable`
--

DROP TABLE IF EXISTS `acorn_sat_variable`;
/*!40101 SET @saved_cs_client     = @@character_set_client */;
/*!40101 SET character_set_client = utf8 */;
CREATE TABLE `acorn_sat_variable` (
  `id` int(11) NOT NULL AUTO_INCREMENT,
  `description` varchar(255) DEFAULT NULL,
  `name` varchar(255) DEFAULT NULL,
  `short_name` varchar(255) DEFAULT NULL,
  `uom` varchar(255) DEFAULT NULL,
  `uom_variation` varchar(255) DEFAULT NULL,
  PRIMARY KEY (`id`)
) ENGINE=InnoDB AUTO_INCREMENT=8 DEFAULT CHARSET=latin1;
/*!40101 SET character_set_client = @saved_cs_client */;

--
-- Dumping data for table `acorn_sat_variable`
--

LOCK TABLES `acorn_sat_variable` WRITE;
/*!40000 ALTER TABLE `acorn_sat_variable` DISABLE KEYS */;
INSERT INTO `acorn_sat_variable` VALUES (1,'Measured sea surface temperature','Surface Temperature','T','&#8451;','&#8451;'),(2,'Measured rain fall','Rainfall','RF','mm','%'),(3,'Measured relative humidity','Measured relative humidity','RH','%','%'),(4,'Measured wind speed','Wind Speed','WS','km/h','%'),(5,'Highest measured temperature','Highest temperature','Max.T','&#8451;','&#8451;'),(6,'Highest measured rainfall','Highest daily rainfall','Max.RF','mm','%'),(7,'Maximum measured wind speed','Maximum wind gust','Max.WS','km/h','%');
/*!40000 ALTER TABLE `acorn_sat_variable` ENABLE KEYS */;
UNLOCK TABLES;

--
-- Table structure for table `bitre_data`
--

DROP TABLE IF EXISTS `bitre_data`;
/*!40101 SET @saved_cs_client     = @@character_set_client */;
/*!40101 SET character_set_client = utf8 */;
CREATE TABLE `bitre_data` (
  `id` int(11) NOT NULL AUTO_INCREMENT,
  `data` varchar(255) DEFAULT NULL,
  `seaport_id` varchar(255) DEFAULT NULL,
  `bitre_variable_id` int(11) DEFAULT NULL,
  PRIMARY KEY (`id`),
  KEY `FKA680AC898FB9E94F` (`seaport_id`),
  KEY `FKA680AC89CDB84070` (`bitre_variable_id`),
  CONSTRAINT `FKA680AC89CDB84070` FOREIGN KEY (`bitre_variable_id`) REFERENCES `bitre_variable` (`id`),
  CONSTRAINT `FKA680AC898FB9E94F` FOREIGN KEY (`seaport_id`) REFERENCES `seaport` (`code`)
) ENGINE=InnoDB AUTO_INCREMENT=244 DEFAULT CHARSET=latin1;
/*!40101 SET character_set_client = @saved_cs_client */;

--
-- Dumping data for table `bitre_data`
--

LOCK TABLES `bitre_data` WRITE;
/*!40000 ALTER TABLE `bitre_data` DISABLE KEYS */;
INSERT INTO `bitre_data` VALUES (1,'2000,56409;2001,49127;2002,18183;2003,0;2004,0;2005,0;2006,0;2007,0;2008,0;2009,0;2010,0;2011,0','AUQDN',2),(2,'2000,735248;2001,757091;2002,736106;2003,753469;2004,887724;2005,939759;2006,1329001;2007,1272094;2008,1197917;2009,1127529;2010,1227599;2011,590525','AUQDN',1),(3,'2000,209;2001,0;2002,0;2003,0;2004,192;2005,870;2006,492;2007,585;2008,447;2009,119;2010,386;2011,0','AUQDN',6),(4,'2000,254;2001,0;2002,0;2003,16239;2004,65069;2005,106408;2006,204;2007,434;2008,808;2009,458;2010,61;2011,0','AUQDN',5),(5,'2000,0;2001,0;2002,0;2003,0;2004,0;2005,0;2006,0;2007,0;2008,0;2009,20;2010,266;2011,24','AUQDN',4),(6,'2000,0;2001,0;2002,0;2003,0;2004,0;2005,0;2006,0;2007,0;2008,0;2009,348;2010,325;2011,54','AUQDN',3),(7,'2000,0;2001,0;2002,0;2003,0;2004,0;2005,0;2006,0;2007,0;2008,0;2009,0;2010,1;2011,0','AUQDN',7),(8,'2000,7;2001,5;2002,2;2003,0;2004,0;2005,0;2006,0;2007,0;2008,0;2009,0;2010,0;2011,0','AUQDN',8),(9,'2000,1;2001,0;2002,0;2003,0;2004,0;2005,0;2006,0;2007,0;2008,0;2009,0;2010,0;2011,0','AUQDN',9),(10,'2000,16;2001,18;2002,20;2003,20;2004,28;2005,31;2006,40;2007,40;2008,36;2009,27;2010,30;2011,18','AUQDN',10),(11,'2000,0;2001,0;2002,0;2003,0;2004,0;2005,0;2006,0;2007,0;2008,0;2009,0;2010,0;2011,0','AUQDN',22),(12,'2000,0;2001,0;2002,0;2003,0;2004,0;2005,0;2006,0;2007,0;2008,0;2009,0;2010,0;2011,0','AUQDN',12),(13,'2000,3;2001,0;2002,0;2003,0;2004,11;2005,32;2006,26;2007,31;2008,33;2009,44;2010,28;2011,8','AUQDN',13),(14,'2000,0;2001,0;2002,0;2003,0;2004,0;2005,0;2006,0;2007,0;2008,2;2009,0;2010,0;2011,0','AUQDN',33),(15,'2000,0;2001,0;2002,0;2003,16239;2004,45638;2005,91965;2006,205853;2007,295162;2008,289533;2009,228365;2010,219631;2011,93407','AUQDN',37),(16,'2000,735248;2001,757091;2002,736106;2003,753469;2004,887724;2005,954028;2006,1123148;2007,976932;2008,908382;2009,899164;2010,1007643;2011,497118','AUQDN',39),(17,'2000,3330237;2001,3187571;2002,2893384;2003,2536076;2004,2552111;2005,2371034;2006,2755974;2007,2759079;2008,2703158;2009,2945904;2010,2987553;2011,3243373','AUNTL',2),(18,'2000,69949941;2001,71747360;2002,73437704;2003,79635751;2004,80347268;2005,82545203;2006,82270372;2007,89930112;2008,92498365;2009,99481907;2010,110793822;2011,125210296','AUNTL',1),(19,'2000,87546;2001,188786;2002,135343;2003,196658;2004,313346;2005,281472;2006,301844;2007,266047;2008,307385;2009,266707;2010,284487;2011,350494','AUNTL',6),(20,'2000,346179;2001,271511;2002,255853;2003,200283;2004,157868;2005,183396;2006,178630;2007,183065;2008,166053;2009,160833;2010,308531;2011,286116','AUNTL',5),(21,'2000,10964;2001,4185;2002,10048;2003,26379;2004,24616;2005,22893;2006,29924;2007,22804;2008,16595;2009,16725;2010,10613;2011,22496','AUNTL',4),(22,'2000,105036;2001,98140;2002,108289;2003,115210;2004,164984;2005,168889;2006,155708;2007,153804;2008,148301;2009,154496;2010,190738;2011,170468','AUNTL',3),(23,'2000,9;2001,12;2002,9;2003,2;2004,3;2005,9;2006,2;2007,13;2008,16;2009,26;2010,34;2011,26','AUNTL',7),(24,'2000,58;2001,60;2002,85;2003,87;2004,71;2005,67;2006,70;2007,79;2008,92;2009,96;2010,107;2011,117','AUNTL',8),(25,'2000,1;2001,0;2002,0;2003,0;2004,0;2005,0;2006,0;2007,0;2008,0;2009,0;2010,0;2011,0','AUNTL',9),(26,'2000,1259;2001,1230;2002,1099;2003,1134;2004,1152;2005,1150;2006,1125;2007,1216;2008,1229;2009,1315;2010,1459;2011,1546','AUNTL',10),(27,'2000,0;2001,0;2002,0;2003,0;2004,0;2005,0;2006,0;2007,0;2008,0;2009,1;2010,1;2011,2','AUNTL',22),(28,'2000,0;2001,0;2002,0;2003,0;2004,0;2005,1;2006,1;2007,0;2008,0;2009,0;2010,0;2011,0','AUNTL',12),(29,'2000,172;2001,164;2002,185;2003,198;2004,224;2005,226;2006,204;2007,229;2008,218;2009,205;2010,252;2011,267','AUNTL',13),(30,'2000,258943;2001,214398;2002,202863;2003,159804;2004,132759;2005,136691;2006,139312;2007,129044;2008,105101;2009,123650;2010,120755;2011,166181','AUNTL',15),(31,'2000,67218835;2001,69321381;2002,71412573;2003,77712033;2004,77724045;2005,80277740;2006,80773674;2007,88882187;2008,90677723;2009,97077637;2010,108405829;2011,121904634','AUNTL',17),(32,'2000,315007;2001,285977;2002,406379;2003,313834;2004,171211;2005,285980;2006,200485;2007,290280;2008,310744;2009,334748;2010,376176;2011,305624','AUNTL',18),(33,'2000,1610452;2001,1483901;2002,868949;2003,783820;2004,1804407;2005,0;2006,1364709;2007,564562;2008,882090;2009,1210295;2010,1329803;2011,1686730','AUNTL',23),(34,'2000,56542;2001,0;2002,0;2003,5697;2004,4112;2005,0;2006,0;2007,0;2008,0;2009,0;2010,0;2011,0','AUNTL',25),(35,'2000,18461;2001,19263;2002,0;2003,0;2004,0;2005,0;2006,0;2007,0;2008,0;2009,0;2010,0;2011,0','AUNTL',27),(36,'2000,0;2001,0;2002,0;2003,0;2004,0;2005,0;2006,0;2007,263;2008,350;2009,4527;2010,0;2011,0','AUNTL',29),(37,'2000,11320;2001,16543;2002,2715;2003,0;2004,0;2005,0;2006,0;2007,0;2008,0;2009,0;2010,0;2011,0','AUNTL',30),(38,'2000,51;2001,0;2002,0;2003,0;2004,0;2005,0;2006,0;2007,374;2008,0;2009,0;2010,0;2011,0','AUNTL',31),(39,'2000,35534;2001,30591;2002,15929;2003,23354;2004,20903;2005,16184;2006,15696;2007,21581;2008,5501;2009,5500;2010,5380;2011,5497','AUNTL',34),(40,'2000,74529;2001,38547;2002,30198;2003,20066;2004,29838;2005,44562;2006,51252;2007,60194;2008,21033;2009,24383;2010,60427;2011,58531','AUNTL',35),(41,'2000,2112;2001,0;2002,0;2003,0;2004,0;2005,0;2006,0;2007,0;2008,0;2009,0;2010,125231;2011,8782','AUNTL',37),(42,'2000,2073;2001,0;2002,2516;2003,1139;2004,0;2005,0;2006,0;2007,0;2008,0;2009,0;2010,0;2011,433','AUNTL',38),(43,'2000,255266;2001,170531;2002,245312;2003,246849;2004,218013;2005,249598;2006,242111;2007,255906;2008,264530;2009,330721;2010,349441;2011,257764','AUNTL',39),(44,'2000,100083;2001,61718;2002,79381;2003,164786;2004,135663;2005,77349;2006,102667;2007,90880;2008,100842;2009,71688;2010,77143;2011,83759','AUNTL',41),(45,'2000,43541;2001,45062;2002,30107;2003,4945;2004,0;2005,0;2006,0;2007,0;2008,0;2009,0;2010,0;2011,0','AUNTL',43),(46,'2000,8985314;2001,8765896;2002,9292500;2003,9308784;2004,9273930;2005,9232962;2006,9137586;2007,9583765;2008,6737328;2009,7984614;2010,8186946;2011,6068593','AUPKL',2),(47,'2000,12853239;2001,12051792;2002,10188944;2003,10438099;2004,12045676;2005,13203775;2006,13100871;2007,16684623;2008,14959831;2009,15107871;2010,14484573;2011,17915909','AUPKL',1),(48,'2000,229084;2001,100694;2002,293020;2003,314860;2004,505888;2005,215579;2006,293687;2007,312393;2008,592616;2009,1151199;2010,2096321;2011,824858','AUPKL',6),(49,'2000,2960356;2001,2620698;2002,2936526;2003,2062849;2004,2559313;2005,3256933;2006,2881253;2007,10614;2008,2103952;2009,2932044;2010,5210106;2011,3011318','AUPKL',5),(50,'2000,4531;2001,3170;2002,3476;2003,595;2004,2316;2005,668;2006,312;2007,2625;2008,4469;2009,11732;2010,15603;2011,23042','AUPKL',4),(51,'2000,8584;2001,17370;2002,17130;2003,21565;2004,22720;2005,10023;2006,10490;2007,818;2008,5760;2009,21353;2010,14167;2011,80342','AUPKL',3),(52,'2000,1;2001,2;2002,0;2003,2;2004,0;2005,0;2006,0;2007,0;2008,6;2009,13;2010,8;2011,26','AUPKL',7),(53,'2000,26;2001,30;2002,27;2003,22;2004,26;2005,29;2006,30;2007,27;2008,34;2009,2;2010,0;2011,4','AUPKL',8),(54,'2000,2;2001,0;2002,0;2003,1;2004,0;2005,0;2006,0;2007,0;2008,0;2009,3;2010,3;2011,0','AUPKL',9),(55,'2000,479;2001,468;2002,418;2003,398;2004,456;2005,445;2006,435;2007,476;2008,433;2009,420;2010,438;2011,435','AUPKL',10),(56,'2000,9;2001,0;2002,0;2003,0;2004,1;2005,0;2006,1;2007,60;2008,214;2009,323;2010,322;2011,369','AUPKL',22),(57,'2000,0;2001,0;2002,1;2003,0;2004,0;2005,0;2006,0;2007,2;2008,0;2009,0;2010,0;2011,0','AUPKL',12),(58,'2000,142;2001,152;2002,152;2003,144;2004,143;2005,117;2006,149;2007,191;2008,175;2009,240;2010,243;2011,176','AUPKL',13),(59,'2000,0;2001,0;2002,0;2003,0;2004,0;2005,2;2006,0;2007,0;2008,0;2009,0;2010,0;2011,166','AUPKL',15),(60,'2000,9589508;2001,9186000;2002,8966033;2003,8330892;2004,9997360;2005,9665376;2006,11679376;2007,12654047;2008,13232503;2009,13726530;2010,14049205;2011,14555425','AUPKL',17),(61,'2000,31537;2001,55000;2002,4714;2003,266716;2004,395079;2005,455684;2006,449232;2007,387071;2008,373505;2009,364769;2010,357140;2011,423883','AUPKL',19),(62,'2000,0;2001,0;2002,256;2003,0;2004,0;2005,0;2006,0;2007,0;2008,0;2009,0;2010,0;2011,0','AUPKL',20),(63,'2000,0;2001,0;2002,0;2003,0;2004,0;2005,0;2006,0;2007,0;2008,0;2009,0;2010,0;2011,21','AUPKL',22),(64,'2000,2824972;2001,2344304;2002,838148;2003,809190;2004,1190156;2005,0;2006,1625092;2007,349629;2008,815391;2009,680472;2010,1628073;2011,2878405','AUPKL',23),(65,'2000,0;2001,0;2002,0;2003,0;2004,0;2005,0;2006,0;2007,15875;2008,0;2009,0;2010,0;2011,74346','AUPKL',24),(66,'2000,0;2001,0;2002,0;2003,0;2004,1114;2005,0;2006,0;2007,0;2008,0;2009,0;2010,0;2011,0','AUPKL',27),(67,'2000,0;2001,0;2002,350;2003,0;2004,0;2005,0;2006,0;2007,74;2008,0;2009,0;2010,0;2011,0','AUPKL',28),(68,'2000,11762;2001,0;2002,0;2003,0;2004,0;2005,0;2006,0;2007,0;2008,0;2009,0;2010,0;2011,123129','AUPKL',30),(69,'2000,0;2001,0;2002,0;2003,0;2004,0;2005,0;2006,0;2007,3418;2008,1656;2009,4033;2010,7483;2011,10287','AUPKL',31),(70,'2000,16168;2001,0;2002,0;2003,0;2004,0;2005,0;2006,0;2007,0;2008,0;2009,0;2010,0;2011,60043','AUPKL',33),(71,'2000,2947862;2001,2567000;2002,2804645;2003,2678163;2004,2577300;2005,3244723;2006,2802000;2007,3164358;2008,2059893;2009,2747758;2010,3175214;2011,1816354','AUPKL',35),(72,'2000,128543;2001,13280;2002,0;2003,19778;2004,0;2005,0;2006,0;2007,0;2008,0;2009,0;2010,0;2011,0','AUPKL',37),(73,'2000,61;2001,440;2002,0;2003,0;2004,0;2005,0;2006,282;2007,0;2008,0;2009,0;2010,0;2011,484','AUPKL',38),(74,'2000,0;2001,0;2002,40;2003,0;2004,0;2005,0;2006,0;2007,0;2008,0;2009,0;2010,0;2011,0','AUPKL',42),(75,'2000,0;2001,0;2002,0;2003,0;2004,0;2005,0;2006,0;2007,53;2008,0;2009,0;2010,0;2011,0','AUPKL',43),(76,'2000,12880976;2001,12240137;2002,12879086;2003,12915960;2004,13086909;2005,13761682;2006,13522154;2007,13889007;2008,12572572;2009,12651637;2010,13058132;2011,13218418','AUSYD',2),(77,'2000,1052854;2001,820189;2002,533612;2003,701537;2004,772279;2005,887295;2006,857459;2007,1122445;2008,669728;2009,569577;2010,842675;2011,1020883','AUSYD',1),(78,'2000,531275;2001,533202;2002,566143;2003,599083;2004,599415;2005,212854;2006,203885;2007,58419;2008,15327;2009,686;2010,518;2011,875','AUSYD',6),(79,'2000,29580;2001,16793;2002,21718;2003,26643;2004,40906;2005,27671;2006,34144;2007,20209;2008,2488;2009,531;2010,389;2011,426','AUSYD',5),(80,'2000,5984209;2001,6163853;2002,5553640;2003,6645712;2004,6739526;2005,6376572;2006,7224484;2007,7972870;2008,7731460;2009,8046922;2010,8567779;2011,8515714','AUSYD',4),(81,'2000,4798929;2001,5056687;2002,4610488;2003,4806330;2004,5271457;2005,4879206;2006,6191665;2007,6192472;2008,6780262;2009,6892595;2010,7263832;2011,7314163','AUSYD',3),(82,'2000,1138;2001,1067;2002,1079;2003,1091;2004,1183;2005,1307;2006,1349;2007,1342;2008,1204;2009,1067;2010,1116;2011,1129','AUSYD',7),(83,'2000,395;2001,364;2002,372;2003,428;2004,415;2005,384;2006,371;2007,442;2008,415;2009,419;2010,526;2011,537','AUSYD',8),(84,'2000,59;2001,54;2002,62;2003,80;2004,52;2005,60;2006,86;2007,103;2008,86;2009,63;2010,47;2011,39','AUSYD',9),(85,'2000,193;2001,201;2002,214;2003,218;2004,176;2005,155;2006,151;2007,162;2008,164;2009,139;2010,145;2011,92','AUSYD',10),(86,'2000,228;2001,232;2002,247;2003,270;2004,275;2005,349;2006,349;2007,281;2008,95;2009,0;2010,0;2011,0','AUSYD',22),(87,'2000,0;2001,0;2002,1;2003,2;2004,3;2005,4;2006,0;2007,0;2008,0;2009,0;2010,0;2011,0','AUSYD',12),(88,'2000,124;2001,140;2002,356;2003,319;2004,343;2005,84;2006,82;2007,129;2008,168;2009,149;2010,102;2011,145','AUSYD',13),(89,'2000,0;2001,0;2002,0;2003,368929;2004,410407;2005,395039;2006,368548;2007,354484;2008,440342;2009,472809;2010,513752;2011,529296','AUSYD',15),(90,'2000,0;2001,0;2002,0;2003,0;2004,0;2005,39395;2006,107424;2007,25492;2008,3410;2009,3410;2010,3937;2011,847','AUSYD',14),(91,'2000,0;2001,0;2002,0;2003,0;2004,1043;2005,173;2006,0;2007,0;2008,154;2009,428;2010,863;2011,377','AUSYD',16),(92,'2000,0;2001,0;2002,0;2003,0;2004,0;2005,788;2006,1681;2007,3320;2008,4554;2009,3363;2010,3684;2011,3443','AUSYD',17),(93,'2000,0;2001,0;2002,0;2003,0;2004,845;2005,265;2006,133;2007,293;2008,671;2009,47;2010,265;2011,13475','AUSYD',19),(94,'2000,0;2001,0;2002,0;2003,81105;2004,72525;2005,64203;2006,55735;2007,59917;2008,60032;2009,60214;2010,52313;2011,50445','AUSYD',20),(95,'2000,353226;2001,283196;2002,247727;2003,191957;2004,159005;2005,105158;2006,196946;2007,102754;2008,55729;2009,132446;2010,173987;2011,342778','AUSYD',21),(96,'2000,43683;2001,71373;2002,76789;2003,113547;2004,69275;2005,88917;2006,136767;2007,168430;2008,102756;2009,35013;2010,20560;2011,12224','AUSYD',22),(97,'2000,0;2001,0;2002,0;2003,318593;2004,450481;2005,575886;2006,487380;2007,479900;2008,766258;2009,904970;2010,967625;2011,1003218','AUSYD',23),(98,'2000,0;2001,0;2002,0;2003,0;2004,0;2005,476;2006,218;2007,893;2008,2530;2009,769;2010,0;2011,0','AUSYD',24),(99,'2000,0;2001,0;2002,0;2003,0;2004,5542;2005,7841;2006,9718;2007,6917;2008,21228;2009,8675;2010,7286;2011,13419','AUSYD',26),(100,'2000,0;2001,0;2002,0;2003,9803;2004,5987;2005,5625;2006,5468;2007,7318;2008,15652;2009,15345;2010,10170;2011,9027','AUSYD',27),(101,'2000,0;2001,0;2002,0;2003,0;2004,0;2005,0;2006,0;2007,126;2008,32;2009,10;2010,0;2011,0','AUSYD',28),(102,'2000,0;2001,0;2002,0;2003,0;2004,0;2005,1890;2006,2039;2007,792;2008,0;2009,608;2010,189;2011,0','AUSYD',29),(103,'2000,0;2001,0;2002,0;2003,0;2004,0;2005,0;2006,809;2007,3977;2008,2740;2009,1932;2010,1620;2011,0','AUSYD',30),(104,'2000,1724;2001,2162;2002,4346;2003,5604;2004,7000;2005,8968;2006,22476;2007,10445;2008,1089;2009,0;2010,0;2011,0','AUSYD',31),(105,'2000,0;2001,0;2002,0;2003,13987;2004,6157;2005,6602;2006,8861;2007,7763;2008,2253;2009,1878;2010,4603;2011,2846','AUSYD',32),(106,'2000,974496;2001,716030;2002,416839;2003,582552;2004,709912;2005,755011;2006,658770;2007,930324;2008,553004;2009,513809;2010,766420;2011,965563','AUSYD',33),(107,'2000,0;2001,0;2002,0;2003,3108;2004,1231;2005,3108;2006,1231;2007,674;2008,383;2009,1032;2010,963;2011,0','AUSYD',34),(108,'2000,11457;2001,7259;2002,10881;2003,376815;2004,317519;2005,382597;2006,467548;2007,427982;2008,407755;2009,391421;2010,355968;2011,245878','AUSYD',35),(109,'2000,0;2001,0;2002,0;2003,7403;2004,5095;2005,17135;2006,20352;2007,20815;2008,15426;2009,18536;2010,24456;2011,17308','AUSYD',36),(110,'2000,0;2001,608;2002,0;2003,389;2004,315;2005,281;2006,20;2007,14970;2008,74522;2009,59294;2010,96962;2011,91433','AUSYD',37),(111,'2000,1056;2001,52487;2002,42934;2003,71431;2004,56240;2005,73734;2006,100396;2007,130685;2008,165801;2009,149399;2010,150821;2011,144579','AUSYD',38),(112,'2000,0;2001,69;2002,0;2003,0;2004,0;2005,0;2006,723;2007,2467;2008,3313;2009,5264;2010,4962;2011,545','AUSYD',39),(113,'2000,179935;2001,148936;2002,103357;2003,96713;2004,111183;2005,258733;2006,108534;2007,93141;2008,85932;2009,88885;2010,87392;2011,74990','AUSYD',40),(114,'2000,0;2001,0;2002,0;2003,0;2004,0;2005,3108;2006,1863;2007,3291;2008,7893;2009,2225;2010,944;2011,323','AUSYD',42),(115,'2000,0;2001,0;2002,0;2003,8065;2004,1706;2005,2933;2006,2981;2007,4642;2008,1967;2009,2762;2010,1502;2011,576','AUSYD',43),(116,'2000,0;2001,0;2002,0;2003,0;2004,0;2005,0;2006,0;2007,0;2008,0;2009,0;2010,0;2011,36','AUYBA',2),(117,'2000,96;2001,410;2002,886;2003,816;2004,973;2005,951;2006,950;2007,922;2008,0;2009,0;2010,0;2011,1732','AUYBA',1),(118,'2000,564;2001,579;2002,674;2003,427;2004,772;2005,2004;2006,476;2007,3456;2008,4709;2009,229;2010,489;2011,0','AUYBA',6),(119,'2000,12062;2001,10283;2002,8499;2003,11434;2004,10317;2005,11400;2006,8442;2007,11825;2008,11293;2009,7482;2010,4854;2011,0','AUYBA',5),(120,'2000,0;2001,0;2002,0;2003,0;2004,0;2005,0;2006,0;2007,0;2008,0;2009,0;2010,0;2011,0','AUYBA',4),(121,'2000,112;2001,0;2002,0;2003,0;2004,0;2005,0;2006,0;2007,0;2008,0;2009,0;2010,0;2011,39','AUYBA',3),(122,'2000,0;2001,0;2002,0;2003,0;2004,0;2005,0;2006,0;2007,0;2008,0;2009,0;2010,1;2011,2','AUYBA',7),(123,'2000,0;2001,0;2002,0;2003,0;2004,0;2005,0;2006,0;2007,0;2008,0;2009,0;2010,0;2011,0','AUYBA',8),(124,'2000,0;2001,0;2002,0;2003,0;2004,0;2005,0;2006,0;2007,0;2008,0;2009,0;2010,1;2011,0','AUYBA',9),(125,'2000,1;2001,0;2002,0;2003,0;2004,0;2005,0;2006,0;2007,0;2008,0;2009,0;2010,0;2011,0','AUYBA',10),(126,'2000,0;2001,0;2002,0;2003,0;2004,0;2005,0;2006,0;2007,0;2008,0;2009,0;2010,0;2011,0','AUYBA',22),(127,'2000,0;2001,0;2002,0;2003,0;2004,0;2005,0;2006,0;2007,0;2008,0;2009,0;2010,0;2011,0','AUYBA',12),(128,'2000,55;2001,44;2002,35;2003,39;2004,44;2005,45;2006,38;2007,44;2008,46;2009,27;2010,20;2011,8','AUYBA',13),(129,'2000,0;2001,0;2002,0;2003,0;2004,0;2005,0;2006,32;2007,5;2008,4;2009,5;2010,1;2011,3','AUYBA',22),(130,'2000,50;2001,92;2002,83;2003,97;2004,48;2005,44;2006,30;2007,39;2008,41;2009,20;2010,0;2011,0','AUYBA',31),(131,'2000,1357;2001,0;2002,1505;2003,1490;2004,1522;2005,1572;2006,1504;2007,624;2008,1402;2009,349;2010,0;2011,0','AUYBA',33),(132,'2000,0;2001,0;2002,0;2003,0;2004,0;2005,0;2006,0;2007,41;2008,8;2009,0;2010,0;2011,2','AUYBA',35),(133,'2000,5500;2001,4633;2002,3100;2003,6223;2004,5521;2005,6450;2006,3858;2007,4;2008,3952;2009,3860;2010,2178;2011,0','AUYBA',37),(134,'2000,154;2001,0;2002,0;2003,0;2004,0;2005,0;2006,261;2007,6039;2008,619;2009,204;2010,229;2011,1233','AUYBA',38),(135,'2000,239980;2001,156314;2002,140694;2003,153910;2004,151647;2005,120545;2006,89651;2007,110926;2008,144368;2009,127280;2010,114305;2011,107335','AUALH',2),(136,'2000,1425426;2001,1434123;2002,1813468;2003,2684629;2004,2834170;2005,2538167;2006,3408478;2007,3485273;2008,4024311;2009,3292527;2010,2954333;2011,3348777','AUALH',1),(137,'2000,4225;2001,4087;2002,7084;2003,2486;2004,4418;2005,1249;2006,2948;2007,751;2008,0;2009,0;2010,502;2011,0','AUALH',6),(138,'2000,3779;2001,0;2002,0;2003,0;2004,0;2005,0;2006,0;2007,69049;2008,0;2009,0;2010,0;2011,0','AUALH',5),(139,'2000,0;2001,0;2002,0;2003,0;2004,0;2005,0;2006,0;2007,0;2008,0;2009,0;2010,0;2011,0','AUALH',7),(140,'2000,4;2001,4;2002,2;2003,2;2004,0;2005,2;2006,2;2007,5;2008,3;2009,5;2010,8;2011,7','AUALH',8),(141,'2000,0;2001,0;2002,0;2003,0;2004,0;2005,0;2006,0;2007,0;2008,0;2009,0;2010,0;2011,0','AUALH',9),(142,'2000,81;2001,73;2002,94;2003,107;2004,89;2005,86;2006,113;2007,117;2008,152;2009,136;2010,113;2011,117','AUALH',10),(143,'2000,0;2001,0;2002,0;2003,0;2004,0;2005,0;2006,0;2007,0;2008,0;2009,0;2010,0;2011,0','AUALH',22),(144,'2000,0;2001,0;2002,0;2003,0;2004,0;2005,0;2006,0;2007,0;2008,0;2009,0;2010,0;2011,0','AUALH',12),(145,'2000,5;2001,7;2002,8;2003,7;2004,31;2005,3;2006,4;2007,7;2008,0;2009,0;2010,1;2011,0','AUALH',13),(146,'2000,1341576;2001,1239554;2002,1478364;2003,2303229;2004,2247688;2005,1292551;2006,1942348;2007,1785564;2008,2210174;2009,1841760;2010,1344251;2011,1762549','AUALH',23),(147,'2000,83850;2001,123829;2002,122258;2003,158215;2004,127750;2005,162300;2006,56065;2007,138224;2008,89650;2009,160875;2010,175522;2011,169599','AUALH',34),(148,'2000,0;2001,0;2002,0;2003,0;2004,0;2005,0;2006,0;2007,69049;2008,97950;2009,65918;2010,0;2011,0','AUALH',37),(149,'2000,0;2001,70740;2002,212846;2003,223185;2004,458732;2005,1083316;2006,1410065;2007,1561485;2008,1626537;2009,1197443;2010,1382398;2011,1373491','AUALH',39),(150,'2000,1156180;2001,1116171;2002,1147445;2003,1120387;2004,1200701;2005,1232389;2006,1361864;2007,1486165;2008,1538472;2009,1427814;2010,1583265;2011,1640291','AUBUY',2),(151,'2000,10104313;2001,10321725;2002,10878709;2003,10467235;2004,11005185;2005,10959918;2006,12148967;2007,12106794;2008,11732802;2009,12392270;2010,12349687;2011,12595832','AUBUY',1),(152,'2000,4167;2001,0;2002,1503;2003,996;2004,1864;2005,0;2006,0;2007,6652;2008,0;2009,29188;2010,45506;2011,3515','AUBUY',6),(153,'2000,8589;2001,37892;2002,19142;2003,139558;2004,59176;2005,12724;2006,11505;2007,59137;2008,5975;2009,17615;2010,19108;2011,33972','AUBUY',5),(154,'2000,0;2001,0;2002,0;2003,0;2004,0;2005,0;2006,0;2007,0;2008,0;2009,0;2010,639;2011,101','AUBUY',4),(155,'2000,0;2001,0;2002,0;2003,0;2004,0;2005,0;2006,0;2007,0;2008,0;2009,0;2010,0;2011,0','AUBUY',3),(156,'2000,0;2001,0;2002,0;2003,0;2004,0;2005,0;2006,0;2007,0;2008,0;2009,0;2010,0;2011,0','AUBUY',7),(157,'2000,46;2001,36;2002,38;2003,36;2004,33;2005,31;2006,35;2007,28;2008,42;2009,51;2010,50;2011,38','AUBUY',8),(158,'2000,0;2001,0;2002,0;2003,0;2004,0;2005,0;2006,0;2007,0;2008,0;2009,0;2010,0;2011,0','AUBUY',9),(159,'2000,287;2001,283;2002,290;2003,285;2004,287;2005,282;2006,313;2007,306;2008,288;2009,327;2010,330;2011,364','AUBUY',10),(160,'2000,0;2001,0;2002,0;2003,0;2004,0;2005,0;2006,0;2007,0;2008,0;2009,0;2010,0;2011,0','AUBUY',22),(161,'2000,0;2001,0;2002,0;2003,0;2004,1;2005,0;2006,0;2007,0;2008,0;2009,0;2010,0;2011,0','AUBUY',12),(162,'2000,9;2001,13;2002,9;2003,8;2004,5;2005,4;2006,5;2007,3;2008,4;2009,13;2010,34;2011,9','AUBUY',13),(163,'2000,7715209;2001,8188280;2002,8248673;2003,8435401;2004,8469142;2005,8531913;2006,9127092;2007,9315589;2008,9476391;2009,9663730;2010,9439269;2011,9496531','AUBUY',14),(164,'2000,0;2001,0;2002,0;2003,0;2004,0;2005,0;2006,0;2007,0;2008,0;2009,108507;2010,155739;2011,215846','AUBUY',18),(165,'2000,932630;2001,837975;2002,1005415;2003,806308;2004,852912;2005,1014241;2006,1113234;2007,1096167;2008,732732;2009,720774;2010,482458;2011,486812','AUBUY',30),(166,'2000,0;2001,0;2002,0;2003,0;2004,0;2005,0;2006,0;2007,0;2008,0;2009,0;2010,10691;2011,23286','AUBUY',33),(167,'2000,383077;2001,375619;2002,459192;2003,348810;2004,334532;2005,257105;2006,289045;2007,135141;2008,218068;2009,250524;2010,245551;2011,350220','AUBUY',34),(168,'2000,0;2001,0;2002,0;2003,10025;2004,0;2005,0;2006,0;2007,0;2008,0;2009,0;2010,0;2011,0','AUBUY',36),(169,'2000,0;2001,22986;2002,10403;2003,130312;2004,39129;2005,50445;2006,63583;2007,43015;2008,0;2009,87290;2010,85974;2011,42567','AUBUY',37),(170,'2000,982842;2001,809623;2002,1045693;2003,734705;2004,1212621;2005,966090;2006,1283402;2007,1347925;2008,1094405;2009,1313394;2010,1522675;2011,1389988','AUBUY',39),(171,'2000,375186;2001,424032;2002,431247;2003,366082;2004,379968;2005,362764;2006,498338;2007,690297;2008,489899;2009,362365;2010,397278;2011,717235','AUEPR',2),(172,'2000,3910219;2001,5754770;2002,5578288;2003,6929580;2004,7394155;2005,7943835;2006,9451014;2007,9188726;2008,9388909;2009,10758035;2010,10464965;2011,10616063','AUEPR',1),(173,'2000,878;2001,0;2002,0;2003,1469;2004,0;2005,2564;2006,377;2007,18623;2008,11566;2009,9356;2010,16674;2011,51076','AUEPR',6),(174,'2000,4738;2001,5410;2002,0;2003,0;2004,0;2005,0;2006,0;2007,36481;2008,64355;2009,137231;2010,241341;2011,366793','AUEPR',5),(175,'2000,0;2001,0;2002,0;2003,0;2004,0;2005,0;2006,4961;2007,17333;2008,11566;2009,9356;2010,16674;2011,50837','AUEPR',4),(176,'2000,0;2001,0;2002,0;2003,0;2004,0;2005,0;2006,0;2007,36481;2008,64355;2009,61613;2010,233375;2011,284256','AUEPR',3),(177,'2000,0;2001,0;2002,0;2003,0;2004,0;2005,0;2006,4;2007,0;2008,11;2009,16;2010,31;2011,58','AUEPR',7),(178,'2000,15;2001,15;2002,19;2003,14;2004,20;2005,31;2006,41;2007,36;2008,27;2009,19;2010,18;2011,22','AUEPR',8),(179,'2000,0;2001,0;2002,0;2003,0;2004,0;2005,0;2006,0;2007,0;2008,0;2009,0;2010,0;2011,0','AUEPR',9),(180,'2000,128;2001,147;2002,124;2003,136;2004,132;2005,136;2006,139;2007,138;2008,170;2009,167;2010,135;2011,135','AUEPR',10),(181,'2000,0;2001,0;2002,0;2003,0;2004,0;2005,0;2006,0;2007,0;2008,0;2009,0;2010,0;2011,0','AUEPR',22),(182,'2000,1;2001,0;2002,0;2003,0;2004,0;2005,0;2006,0;2007,0;2008,0;2009,0;2010,0;2011,0','AUEPR',12),(183,'2000,3;2001,3;2002,0;2003,2;2004,0;2005,6;2006,0;2007,1;2008,0;2009,0;2010,0;2011,0','AUEPR',13),(184,'2000,990946;2001,1278762;2002,1106859;2003,1560923;2004,1797246;2005,1646154;2006,1625550;2007,1559536;2008,1697345;2009,1338209;2010,1607665;2011,1692394','AUEPR',23),(185,'2000,2349133;2001,4177294;2002,4205182;2003,5107886;2004,5374973;2005,5998309;2006,7572075;2007,0;2008,7392929;2009,9211331;2010,8807994;2011,8904585','AUEPR',24),(186,'2000,0;2001,0;2002,0;2003,0;2004,0;2005,86262;2006,79588;2007,0;2008,8925;2009,0;2010,0;2011,0','AUEPR',25),(187,'2000,2143;2001,0;2002,0;2003,0;2004,0;2005,0;2006,0;2007,0;2008,0;2009,0;2010,0;2011,0','AUEPR',28),(188,'2000,0;2001,0;2002,0;2003,260771;2004,221936;2005,213110;2006,173801;2007,229130;2008,328019;2009,323684;2010,290647;2011,299987','AUEPR',32),(189,'2000,7848851;2001,8509407;2002,8495272;2003,9004040;2004,8724958;2005,8600245;2006,8916422;2007,9605427;2008,9304843;2009,8934320;2010,9613314;2011,9593699','AUFRE',2),(190,'2000,10263464;2001,9324487;2002,9611262;2003,11102529;2004,10981062;2005,10657116;2006,9599477;2007,8930222;2008,10228937;2009,10516865;2010,9632485;2011,11333945','AUFRE',1),(191,'2000,208560;2001,244168;2002,281247;2003,344222;2004,458983;2005,418515;2006,499670;2007,579961;2008,505339;2009,467704;2010,465218;2011,705621','AUFRE',6),(192,'2000,517118;2001,415803;2002,418436;2003,369466;2004,545303;2005,506374;2006,502144;2007,555265;2008,497135;2009,531576;2010,533676;2011,482448','AUFRE',5),(193,'2000,1672074;2001,1874418;2002,2245936;2003,2388669;2004,2249762;2005,2217554;2006,2590173;2007,2783082;2008,2734346;2009,2700961;2010,3012424;2011,3333531','AUFRE',4),(194,'2000,2091079;2001,2283266;2002,2437404;2003,2740174;2004,2586174;2005,2644388;2006,2903579;2007,3629954;2008,3316739;2009,3017047;2010,2865775;2011,2762577','AUFRE',3),(195,'2000,563;2001,574;2002,520;2003,469;2004,1183;2005,483;2006,497;2007,519;2008,548;2009,517;2010,558;2011,479','AUFRE',7),(196,'2000,206;2001,218;2002,228;2003,249;2004,249;2005,272;2006,264;2007,262;2008,257;2009,247;2010,254;2011,257','AUFRE',8),(197,'2000,10;2001,8;2002,9;2003,9;2004,6;2005,2;2006,6;2007,5;2008,8;2009,9;2010,3;2011,3','AUFRE',9),(198,'2000,373;2001,355;2002,336;2003,382;2004,376;2005,350;2006,318;2007,301;2008,372;2009,371;2010,303;2011,377','AUFRE',10),(199,'2000,98;2001,106;2002,109;2003,127;2004,135;2005,141;2006,157;2007,170;2008,127;2009,151;2010,181;2011,202','AUFRE',22),(200,'2000,147;2001,132;2002,126;2003,105;2004,88;2005,76;2006,95;2007,85;2008,86;2009,68;2010,70;2011,50','AUFRE',12),(201,'2000,207;2001,196;2002,241;2003,204;2004,217;2005,251;2006,291;2007,318;2008,376;2009,307;2010,336;2011,366','AUFRE',13),(202,'2000,2884528;2001,2765000;2002,2734201;2003,2814169;2004,2672378;2005,2934774;2006,2813148;2007,3050380;2008,2766998;2009,2845405;2010,2817320;2011,2876814','AUFRE',14),(203,'2000,0;2001,0;2002,0;2003,0;2004,0;2005,0;2006,0;2007,0;2008,0;2009,128720;2010,0;2011,0','AUFRE',16),(204,'2000,0;2001,0;2002,0;2003,0;2004,0;2005,0;2006,42192;2007,410664;2008,579917;2009,545199;2010,1133279;2011,487740','AUFRE',17),(205,'2000,234553;2001,225000;2002,230006;2003,230046;2004,198709;2005,38557;2006,71485;2007,52333;2008,54482;2009,53604;2010,32351;2011,31904','AUFRE',22),(206,'2000,3676812;2001,3491868;2002,3308072;2003,5031921;2004,5348488;2005,5132539;2006,4061069;2007,3849820;2008,4147917;2009,4301339;2010,3185106;2011,3885257','AUFRE',23),(207,'2000,0;2001,0;2002,0;2003,0;2004,0;2005,0;2006,0;2007,0;2008,0;2009,44000;2010,90995;2011,1827990','AUFRE',24),(208,'2000,283027;2001,232000;2002,219934;2003,164952;2004,167385;2005,206605;2006,194969;2007,186636;2008,194175;2009,162391;2010,189419;2011,118963','AUFRE',28),(209,'2000,295683;2001,394000;2002,347656;2003,304357;2004,202261;2005,111809;2006,122430;2007,109675;2008,0;2009,0;2010,0;2011,0','AUFRE',30),(210,'2000,645;2001,2823;2002,1135;2003,1995;2004,3233;2005,2074;2006,2443;2007,6214;2008,1358;2009,2019;2010,5385;2011,3206','AUFRE',31),(211,'2000,63818;2001,40000;2002,37745;2003,50293;2004,37648;2005,56471;2006,129485;2007,0;2008,0;2009,0;2010,0;2011,0','AUFRE',32),(212,'2000,2391877;2001,0;2002,2403372;2003,2578737;2004,2455538;2005,2076435;2006,2550308;2007,2365109;2008,2089237;2009,2051398;2010,2342488;2011,1705230','AUFRE',33),(213,'2000,346414;2001,207000;2002,230411;2003,112165;2004,125311;2005,111533;2006,85932;2007,8086;2008,0;2009,0;2010,0;2011,0','AUFRE',34),(214,'2000,0;2001,7016;2002,11726;2003,25321;2004,56127;2005,378713;2006,339907;2007,123180;2008,832;2009,0;2010,0;2011,0','AUFRE',35),(215,'2000,0;2001,0;2002,1704;2003,36;2004,0;2005,0;2006,0;2007,0;2008,0;2009,0;2010,0;2011,0','AUFRE',36),(216,'2000,0;2001,0;2002,0;2003,0;2004,0;2005,0;2006,17999;2007,21216;2008,5;2009,0;2010,0;2011,0','AUFRE',37),(217,'2000,26682;2001,30000;2002,28638;2003,16541;2004,0;2005,0;2006,23644;2007,17401;2008,0;2009,0;2010,0;2011,0','AUFRE',38),(218,'2000,116002;2001,95000;2002,73194;2003,83225;2004,85823;2005,89841;2006,85165;2007,73599;2008,0;2009,0;2010,67864;2011,48628','AUFRE',40),(219,'2000,290993;2001,297963;2002,325431;2003,387988;2004,336300;2005,312533;2006,200871;2007,227442;2008,267169;2009,471034;2010,1100388;2011,1100060','AUGET',2),(220,'2000,2529272;2001,2334310;2002,2156911;2003,3953577;2004,5140089;2005,4872419;2006,6222587;2007,6441830;2008,7346256;2009,8499706;2010,8861783;2011,9216470','AUGET',1),(221,'2000,0;2001,12;2002,9267;2003,12463;2004,17537;2005,24526;2006,10633;2007,39596;2008,27364;2009,722;2010,40109;2011,107938','AUGET',6),(222,'2000,0;2001,0;2002,0;2003,3980;2004,8603;2005,4530;2006,908;2007,0;2008,15332;2009,17094;2010,2104;2011,3013','AUGET',5),(223,'2000,0;2001,0;2002,0;2003,0;2004,0;2005,0;2006,0;2007,0;2008,0;2009,0;2010,0;2011,0','AUGET',4),(224,'2000,0;2001,0;2002,0;2003,0;2004,0;2005,0;2006,0;2007,0;2008,0;2009,0;2010,0;2011,0','AUGET',3),(225,'2000,0;2001,0;2002,0;2003,0;2004,0;2005,0;2006,0;2007,0;2008,0;2009,0;2010,0;2011,0','AUGET',7),(226,'2000,7;2001,5;2002,7;2003,8;2004,11;2005,0;2006,0;2007,14;2008,19;2009,21;2010,15;2011,24','AUGET',8),(227,'2000,0;2001,0;2002,0;2003,0;2004,0;2005,11;2006,9;2007,0;2008,0;2009,0;2010,0;2011,0','AUGET',9),(228,'2000,170;2001,166;2002,168;2003,224;2004,258;2005,254;2006,263;2007,200;2008,258;2009,298;2010,302;2011,294','AUGET',10),(229,'2000,0;2001,0;2002,0;2003,0;2004,0;2005,0;2006,0;2007,0;2008,0;2009,0;2010,0;2011,0','AUGET',22),(230,'2000,16;2001,19;2002,17;2003,21;2004,20;2005,20;2006,17;2007,15;2008,23;2009,27;2010,2;2011,4','AUGET',12),(231,'2000,0;2001,0;2002,0;2003,0;2004,0;2005,19;2006,16;2007,9;2008,12;2009,1;2010,12;2011,62','AUGET',13),(232,'2000,0;2001,0;2002,0;2003,0;2004,0;2005,0;2006,0;2007,0;2008,0;2009,0;2010,0;2011,7062','AUGET',19),(233,'2000,51529;2001,119602;2002,144752;2003,135662;2004,81881;2005,76220;2006,90508;2007,92988;2008,166558;2009,186457;2010,164872;2011,186871','AUGET',18),(234,'2000,1463728;2001,1250100;2002,980962;2003,2194963;2004,2124150;2005,2024386;2006,1314679;2007,613102;2008,1932637;2009,2132348;2010,1828777;2011,2655438','AUGET',23),(235,'2000,0;2001,0;2002,0;2003,386973;2004,1866491;2005,1706004;2006,3470666;2007,4433031;2008,4167085;2009,5315521;2010,5890591;2011,5261289','AUGET',24),(236,'2000,0;2001,0;2002,0;2003,0;2004,0;2005,0;2006,0;2007,0;2008,0;2009,0;2010,7286;2011,13419','AUGET',26),(237,'2000,21903;2001,13813;2002,16932;2003,5410;2004,11015;2005,16314;2006,32959;2007,20750;2008,0;2009,0;2010,0;2011,22118','AUGET',25),(238,'2000,6751;2001,6993;2002,10619;2003,12139;2004,13315;2005,9237;2006,10291;2007,9190;2008,15302;2009,16951;2010,2009;2011,1361','AUGET',28),(239,'2000,0;2001,0;2002,19725;2003,0;2004,0;2005,6531;2006,0;2007,0;2008,0;2009,0;2010,0;2011,0','AUGET',29),(240,'2000,569803;2001,771836;2002,848359;2003,866584;2004,907042;2005,836262;2006,1004759;2007,973781;2008,464964;2009,437959;2010,604486;2011,810135','AUGET',30),(241,'2000,29124;2001,0;2002,0;2003,0;2004,0;2005,0;2006,0;2007,0;2008,0;2009,0;2010,0;2011,0','AUGET',32),(242,'2000,0;2001,0;2002,0;2003,0;2004,0;2005,0;2006,0;2007,5338;2008,0;2009,0;2010,0;2011,0','AUGET',33),(243,'2000,203613;2001,170553;2002,133875;2003,130753;2004,134300;2005,195531;2006,296975;2007,291925;2008,349624;2009,234964;2010,185817;2011,154193','AUGET',41);
/*!40000 ALTER TABLE `bitre_data` ENABLE KEYS */;
UNLOCK TABLES;

--
-- Table structure for table `bitre_variable`
--

DROP TABLE IF EXISTS `bitre_variable`;
/*!40101 SET @saved_cs_client     = @@character_set_client */;
/*!40101 SET character_set_client = utf8 */;
CREATE TABLE `bitre_variable` (
  `id` int(11) NOT NULL AUTO_INCREMENT,
  `description` varchar(255) DEFAULT NULL,
  `name` varchar(255) DEFAULT NULL,
  `short_name` varchar(255) DEFAULT NULL,
  `uom` varchar(255) DEFAULT NULL,
  `uom_variation` varchar(255) DEFAULT NULL,
  `bitre_variable_category_id` int(11) DEFAULT NULL,
  PRIMARY KEY (`id`),
  KEY `FK30DF07DB9A85EA27` (`bitre_variable_category_id`),
  CONSTRAINT `FK30DF07DB9A85EA27` FOREIGN KEY (`bitre_variable_category_id`) REFERENCES `bitre_variable_category` (`id`)
) ENGINE=InnoDB AUTO_INCREMENT=44 DEFAULT CHARSET=latin1;
/*!40101 SET character_set_client = @saved_cs_client */;

--
-- Dumping data for table `bitre_variable`
--

LOCK TABLES `bitre_variable` WRITE;
/*!40000 ALTER TABLE `bitre_variable` DISABLE KEYS */;
INSERT INTO `bitre_variable` VALUES (1,'Bulk export','Bulk - Export','Bulk exp.','Mass tonnes','%',1),(2,'Bulk import','Bulk - Import','Bulk imp.','Mass tonnes','%',1),(3,'Containerized export','Containerized - Export','Cont. exp.','Mass tonnes','%',1),(4,'Containerized import','Containerized - Import','Cont. imp.','Mass tonnes','%',1),(5,'General export','General - Export','Gen. exp.','Mass tonnes','%',1),(6,'General import','General - Import','Gen. imp.','Mass tonnes','%',1),(7,'Bulk liquids inc. LNG, Chemicals, etc.','Bulk Liquids','Bulk liq.','Number of calls','%',2),(8,'Car carriers','Car Carriers','Car carriers','Number of calls','%',2),(9,'Containers','Containers','Cont.','Number of calls','%',2),(10,'Dry bulk','Dry Bulk','Dry Bulk','Number of calls','%',2),(11,'Gas','Gas','Gas','Number of calls','%',2),(12,'General cargo + others','General cargo','Gen. cargo','Number of calls','%',2),(13,'Livestock carriers','Livestock Carriers','Liv. carriers','Number of calls','%',2),(14,'Alumina commodities','Alumina','Al.','Mass tonnes','%',3),(15,'Aluminium commodities','Aluminium','Al.','Mass tonnes','%',3),(16,'Bauxite commodities','Bauxite','Baux.','Mass tonnes','%',3),(17,'Coal commodities','Coal','Coal','Mass tonnes','%',3),(18,'Copper concentrate commodities','Copper Concentrate','Cop. conc.','Mass tonnes','%',3),(19,'Copper ore commodities','Copper Ore','Cop. ore','Mass tonnes','%',3),(20,'Refined copper commodities','Refined Copper','Ref. cop.','Mass tonnes','%',3),(21,'Cotton','Cotton','Cotton','Mass tonnes','%',3),(22,'Gas commodities','Gas','Gas','Mass tonnes','%',3),(23,'Grain commodities','Grain','Grain','Mass tonnes','%',3),(24,'Iron ore commodities','Iron Ore','Iron ore','Mass tonnes','%',3),(25,'Lead concentrate commodities','Lead Concentrate','Lead conc.','Mass tonnes','%',3),(26,'Lead ore commodities','Lead Ore','Lead ore','Mass tonnes','%',3),(27,'Refined lead commodities','Refined Lead','Ref. lead','Mass tonnes','%',3),(28,'Livestock commodities','Livestock','Livestock','Mass tonnes','%',3),(29,'Manganese commodities','Manganese','Manganese','Mass tonnes','%',3),(30,'Mineral sand commodities','Mineral Sand','Min. sand','Mass tonnes','%',3),(31,'Motor vehicle commodities','Motor Vehicle','Mot. Veh.','Mass tonnes','%',3),(32,'Nickel commodities','Nickel','Nickel','Mass tonnes','%',3),(33,'Oil and petroleum commodities','Oil and Petroleum','Oil & Petrol.','Mass tonnes','%',3),(34,'Silica sand commodities','Silica sand','Silica sand','Mass tonnes','%',3),(35,'Steel  commodities','Steel','Steel','Mass tonnes','%',3),(36,'Sugar commodities','Sugar','Sugar','Mass tonnes','%',3),(37,'Timber logs commodities','Timber - Logs','Timber logs','Mass tonnes','%',3),(38,'Timber products commodities','Timber - Products','Timber prod.','Mass tonnes','%',3),(39,'Timber wood chips commodities','Timber - Wood Chips','Timber wood chips','Mass tonnes','%',3),(40,'Wool commodities','Wool','Wool','Mass tonnes','%',3),(41,'Zinc concentrate commodities','Zinc Concentrate','Zc conc.','Mass tonnes','%',3),(42,'Zinc ore commodities','Zinc Ore','Zc ore','Mass tonnes','%',3),(43,'Refined Zinc commodities','Refined Zinc','Ref. Zc','Mass tonnes','%',3);
/*!40000 ALTER TABLE `bitre_variable` ENABLE KEYS */;
UNLOCK TABLES;

--
-- Table structure for table `bitre_variable_category`
--

DROP TABLE IF EXISTS `bitre_variable_category`;
/*!40101 SET @saved_cs_client     = @@character_set_client */;
/*!40101 SET character_set_client = utf8 */;
CREATE TABLE `bitre_variable_category` (
  `id` int(11) NOT NULL AUTO_INCREMENT,
  `name` varchar(255) DEFAULT NULL,
  PRIMARY KEY (`id`)
) ENGINE=InnoDB AUTO_INCREMENT=4 DEFAULT CHARSET=latin1;
/*!40101 SET character_set_client = @saved_cs_client */;

--
-- Dumping data for table `bitre_variable_category`
--

LOCK TABLES `bitre_variable_category` WRITE;
/*!40000 ALTER TABLE `bitre_variable_category` DISABLE KEYS */;
INSERT INTO `bitre_variable_category` VALUES (1,'Freight throughput by cargo type'),(2,'Commercial vessel calls by type'),(3,'Export Commodities by type');
/*!40000 ALTER TABLE `bitre_variable_category` ENABLE KEYS */;
UNLOCK TABLES;

--
-- Table structure for table `climate_emission_scenario`
--

DROP TABLE IF EXISTS `climate_emission_scenario`;
/*!40101 SET @saved_cs_client     = @@character_set_client */;
/*!40101 SET character_set_client = utf8 */;
CREATE TABLE `climate_emission_scenario` (
  `id` int(11) NOT NULL AUTO_INCREMENT,
  `description` varchar(255) DEFAULT NULL,
  `name` varchar(255) DEFAULT NULL,
  PRIMARY KEY (`id`)
) ENGINE=InnoDB AUTO_INCREMENT=4 DEFAULT CHARSET=latin1;
/*!40101 SET character_set_client = @saved_cs_client */;

--
-- Dumping data for table `climate_emission_scenario`
--

LOCK TABLES `climate_emission_scenario` WRITE;
/*!40000 ALTER TABLE `climate_emission_scenario` DISABLE KEYS */;
INSERT INTO `climate_emission_scenario` VALUES (1,'medium','A1B'),(2,'high','A1FI'),(3,'No CO2 emissions increase','Base');
/*!40000 ALTER TABLE `climate_emission_scenario` ENABLE KEYS */;
UNLOCK TABLES;

--
-- Table structure for table `climate_model`
--

DROP TABLE IF EXISTS `climate_model`;
/*!40101 SET @saved_cs_client     = @@character_set_client */;
/*!40101 SET character_set_client = utf8 */;
CREATE TABLE `climate_model` (
  `id` int(11) NOT NULL AUTO_INCREMENT,
  `code` varchar(255) DEFAULT NULL,
  `description` varchar(255) DEFAULT NULL,
  `name` varchar(255) DEFAULT NULL,
  PRIMARY KEY (`id`)
) ENGINE=InnoDB AUTO_INCREMENT=7 DEFAULT CHARSET=latin1;
/*!40101 SET character_set_client = @saved_cs_client */;

--
-- Dumping data for table `climate_model`
--

LOCK TABLES `climate_model` WRITE;
/*!40000 ALTER TABLE `climate_model` DISABLE KEYS */;
INSERT INTO `climate_model` VALUES (1,'csiro_mk3_5','The CSIRO Mk3.5 climate model','CSIRO Mk3.5'),(2,'mri_cgcm2_3_2','The MRI-CGCM 2.3.2 climate model','MRI-CGCM2.3.2'),(3,'ipsl_cm4','The IPSL-CM4 climate model','IPSL-CM4'),(4,'miroc_3_2_medres','The Miroc 3.2 MedRes climate model','MIROC 3.2 (medres)'),(5,'cccma_cgcm3_1_t63','The CCCMA CGCM 3.1 T63 climate model','CCCMA CGCM 3.1 T63'),(6,'reference','Reference climate model: considering there is no change','(Reference)');
/*!40000 ALTER TABLE `climate_model` ENABLE KEYS */;
UNLOCK TABLES;

--
-- Table structure for table `climate_params`
--

DROP TABLE IF EXISTS `climate_params`;
/*!40101 SET @saved_cs_client     = @@character_set_client */;
/*!40101 SET character_set_client = utf8 */;
CREATE TABLE `climate_params` (
  `id` int(11) NOT NULL AUTO_INCREMENT,
  `model_name` varchar(255) DEFAULT NULL,
  `climate_emission_scenario_id` int(11) DEFAULT NULL,
  `climate_model_id` int(11) DEFAULT NULL,
  `region_id` int(11) DEFAULT NULL,
  PRIMARY KEY (`id`),
  KEY `FKA6107AE0F00AAA5A` (`climate_model_id`),
  KEY `FKA6107AE01E25895D` (`climate_emission_scenario_id`),
  KEY `FKA6107AE03365D05` (`region_id`),
  CONSTRAINT `FKA6107AE03365D05` FOREIGN KEY (`region_id`) REFERENCES `region` (`id`),
  CONSTRAINT `FKA6107AE01E25895D` FOREIGN KEY (`climate_emission_scenario_id`) REFERENCES `climate_emission_scenario` (`id`),
  CONSTRAINT `FKA6107AE0F00AAA5A` FOREIGN KEY (`climate_model_id`) REFERENCES `climate_model` (`id`)
) ENGINE=InnoDB AUTO_INCREMENT=21 DEFAULT CHARSET=latin1;
/*!40101 SET character_set_client = @saved_cs_client */;

--
-- Dumping data for table `climate_params`
--

LOCK TABLES `climate_params` WRITE;
/*!40000 ALTER TABLE `climate_params` DISABLE KEYS */;
INSERT INTO `climate_params` VALUES (1,'Hotter & Drier',1,1,1),(2,'Hotter & Drier',2,1,1),(3,'Most Likely',1,3,1),(4,'Most Likely',2,3,1),(5,'Cooler & Wetter',1,4,1),(6,'Cooler & Wetter',2,4,1),(7,'Hotter & Drier',1,1,2),(8,'Hotter & Drier',2,1,2),(9,'Most Likely',1,3,2),(10,'Most Likely',2,3,2),(11,'Cooler & Wetter',1,4,2),(12,'Cooler & Wetter',2,4,2),(13,'Hotter & Drier',1,1,3),(14,'Hotter & Drier',2,1,3),(15,'Most Likely',1,4,3),(16,'Most Likely',2,4,3),(17,'Cooler & Wetter',1,5,3),(18,'Cooler & Wetter',2,5,3),(19,'Baseline',3,6,1),(20,'Baseline',3,6,2);
/*!40000 ALTER TABLE `climate_params` ENABLE KEYS */;
UNLOCK TABLES;

--
-- Table structure for table `cmar_data`
--

DROP TABLE IF EXISTS `cmar_data`;
/*!40101 SET @saved_cs_client     = @@character_set_client */;
/*!40101 SET character_set_client = utf8 */;
CREATE TABLE `cmar_data` (
  `id` int(11) NOT NULL AUTO_INCREMENT,
  `creation_date` datetime DEFAULT NULL,
  `picture` varchar(255) DEFAULT NULL,
  `value` longtext,
  `year` int(11) DEFAULT NULL,
  `climate_params_id` int(11) DEFAULT NULL,
  `climate_variable_id` int(11) DEFAULT NULL,
  PRIMARY KEY (`id`),
  KEY `FK64859B4E201EEBA` (`climate_params_id`),
  KEY `FK64859B4EB7D2D10B` (`climate_variable_id`),
  CONSTRAINT `FK64859B4EB7D2D10B` FOREIGN KEY (`climate_variable_id`) REFERENCES `csiro_variable` (`id`),
  CONSTRAINT `FK64859B4E201EEBA` FOREIGN KEY (`climate_params_id`) REFERENCES `climate_params` (`id`)
) ENGINE=InnoDB AUTO_INCREMENT=7 DEFAULT CHARSET=latin1;
/*!40101 SET character_set_client = @saved_cs_client */;

--
-- Dumping data for table `cmar_data`
--

LOCK TABLES `cmar_data` WRITE;
/*!40000 ALTER TABLE `cmar_data` DISABLE KEYS */;
INSERT INTO `cmar_data` VALUES (1,'2008-07-28 00:00:00','sealevelrise-ecs-2030.png','-34.5,151.5,167;-33.5,152.5,176;-32.5,152.5,168;-31.5,153.5,166;-30.5,153.5,164;-29.5,153.5,163;-28.5,153.5,159',2030,3,5),(2,'2008-07-28 00:00:00','sealevelrise-ecs-2070.png','-34.5,151.5,437;-33.5,152.5,447;-32.5,152.5,445;-31.5,153.5,439;-30.5,153.5,436;-29.5,153.5,434;-28.5,153.5,429',2070,3,5),(3,'2008-07-28 00:00:00','sealevelrise-ssve-2030.png','-39.5,146.5,128;-39.5,147.5,132;-38.5,148.5,156;-38.5,149.5,163;-37.5,150.5,180;-36.5,150.5,176;-35.5,151.5,172;-34.5,151.5,167',2030,9,5),(4,'2008-07-28 00:00:00','sealevelrise-ssve-2070.png','-39.5,146.5,369;-39.5,147.5,375;-38.5,148.5,416;-38.5,149.5,426;-37.5,150.5,444;-36.5,150.5,440;-35.5,151.5,440;-34.5,151.5,437',2070,9,5),(5,'2008-07-28 00:00:00','sealevelrise-sswfw-2030.png','-27.5,113.5,125;-28.5,113.5,124;-29.5,114.5,121;-30.5,114.5,120;-31.5,115.5,119;-32.5,115.5,118;-33.5,114.5,118;-34.5,114.5,117;-34.5,115.5,117;-35.5,116.5,119;-35.5,117.5,119;-35.5,118.5,121;-34.5,119.5,118;-34.5,120.5,118;-34.5,121.5,123;-34.5,122.5,123;-34.5,123.5,124;-33.5,124.5,120',2030,15,5),(6,'2008-07-28 00:00:00','sealevelrise-sswfw-2070.png','-27.5,113.5,370;-28.5,113.5,369;-29.5,114.5,365;-30.5,114.5,363;-31.5,115.5,361;-32.5,115.5,360;-33.5,114.5,360;-34.5,114.5,360;-34.5,115.5,361;-35.5,116.5,363;-35.5,117.5,363;-35.5,118.5,364;-34.5,119.5,354;-34.5,120.5,354;-34.5,121.5,361;-34.5,122.5,360;-34.5,123.5,360;-33.5,124.5,354',2070,15,5);
/*!40000 ALTER TABLE `cmar_data` ENABLE KEYS */;
UNLOCK TABLES;

--
-- Table structure for table `csiro_data`
--

DROP TABLE IF EXISTS `csiro_data`;
/*!40101 SET @saved_cs_client     = @@character_set_client */;
/*!40101 SET character_set_client = utf8 */;
CREATE TABLE `csiro_data` (
  `id` int(11) NOT NULL AUTO_INCREMENT,
  `creation_date` datetime DEFAULT NULL,
  `value` double DEFAULT NULL,
  `year` int(11) DEFAULT NULL,
  `climate_params_id` int(11) DEFAULT NULL,
  `csiro_variable_id` int(11) DEFAULT NULL,
  PRIMARY KEY (`id`),
  KEY `FKFFD9FC53201EEBA` (`climate_params_id`),
  KEY `FKFFD9FC533119D5C` (`csiro_variable_id`),
  CONSTRAINT `FKFFD9FC533119D5C` FOREIGN KEY (`csiro_variable_id`) REFERENCES `csiro_variable` (`id`),
  CONSTRAINT `FKFFD9FC53201EEBA` FOREIGN KEY (`climate_params_id`) REFERENCES `climate_params` (`id`)
) ENGINE=InnoDB AUTO_INCREMENT=217 DEFAULT CHARSET=latin1;
/*!40101 SET character_set_client = @saved_cs_client */;

--
-- Dumping data for table `csiro_data`
--

LOCK TABLES `csiro_data` WRITE;
/*!40000 ALTER TABLE `csiro_data` DISABLE KEYS */;
INSERT INTO `csiro_data` VALUES (1,'2008-07-28 00:00:00',1.3,2030,1,1),(2,'2008-07-28 00:00:00',-4.7,2030,1,3),(3,'2008-07-28 00:00:00',0,2030,1,2),(4,'2008-07-28 00:00:00',-1.3,2030,1,4),(5,'2008-07-28 00:00:00',2.4,2055,1,1),(6,'2008-07-28 00:00:00',-8.8,2055,1,3),(7,'2008-07-28 00:00:00',0,2055,1,2),(8,'2008-07-28 00:00:00',-5.6,2055,1,4),(9,'2008-07-28 00:00:00',3,2070,1,1),(10,'2008-07-28 00:00:00',-11.1,2070,1,3),(11,'2008-07-28 00:00:00',0.1,2070,1,2),(12,'2008-07-28 00:00:00',-7.1,2070,1,4),(13,'2008-07-28 00:00:00',1.2,2030,2,1),(14,'2008-07-28 00:00:00',-4.5,2030,2,3),(15,'2008-07-28 00:00:00',0,2030,2,2),(16,'2008-07-28 00:00:00',-2.9,2030,2,4),(17,'2008-07-28 00:00:00',3,2055,2,1),(18,'2008-07-28 00:00:00',-10.9,2055,2,3),(19,'2008-07-28 00:00:00',0.1,2055,2,2),(20,'2008-07-28 00:00:00',-7,2055,2,4),(21,'2008-07-28 00:00:00',4.1,2070,2,1),(22,'2008-07-28 00:00:00',-15.1,2070,2,3),(23,'2008-07-28 00:00:00',0.1,2070,2,2),(24,'2008-07-28 00:00:00',-9.7,2070,2,4),(25,'2008-07-28 00:00:00',1,2030,3,1),(26,'2008-07-28 00:00:00',-4.5,2030,3,3),(27,'2008-07-28 00:00:00',-2.1,2030,3,2),(28,'2008-07-28 00:00:00',-0.2,2030,3,4),(29,'2008-07-28 00:00:00',2,2055,3,1),(30,'2008-07-28 00:00:00',-8.4,2055,3,3),(31,'2008-07-28 00:00:00',-4,2055,3,2),(32,'2008-07-28 00:00:00',-0.4,2055,3,4),(33,'2008-07-28 00:00:00',2.5,2070,3,1),(34,'2008-07-28 00:00:00',-10.6,2070,3,3),(35,'2008-07-28 00:00:00',-5,2070,3,2),(36,'2008-07-28 00:00:00',-0.5,2070,3,4),(37,'2008-07-28 00:00:00',1,2030,4,1),(38,'2008-07-28 00:00:00',-4.3,2030,4,3),(39,'2008-07-28 00:00:00',-2,2030,4,2),(40,'2008-07-28 00:00:00',-0.2,2030,4,4),(41,'2008-07-28 00:00:00',2.4,2055,4,1),(42,'2008-07-28 00:00:00',-10.4,2055,4,3),(43,'2008-07-28 00:00:00',-4.9,2055,4,2),(44,'2008-07-28 00:00:00',-0.5,2055,4,4),(45,'2008-07-28 00:00:00',3.4,2070,4,1),(46,'2008-07-28 00:00:00',-14.4,2070,4,3),(47,'2008-07-28 00:00:00',-6.8,2070,4,2),(48,'2008-07-28 00:00:00',-0.7,2070,4,4),(49,'2008-07-28 00:00:00',0.7,2030,5,1),(50,'2008-07-28 00:00:00',4.1,2030,5,3),(51,'2008-07-28 00:00:00',-1.3,2030,5,2),(52,'2008-07-28 00:00:00',1.2,2030,5,4),(53,'2008-07-28 00:00:00',1.3,2055,5,1),(54,'2008-07-28 00:00:00',7.7,2055,5,3),(55,'2008-07-28 00:00:00',-2.4,2055,5,2),(56,'2008-07-28 00:00:00',2.3,2055,5,4),(57,'2008-07-28 00:00:00',1.7,2070,5,1),(58,'2008-07-28 00:00:00',9.7,2070,5,3),(59,'2008-07-28 00:00:00',-3,2070,5,2),(60,'2008-07-28 00:00:00',2.9,2070,5,4),(61,'2008-07-28 00:00:00',0.7,2030,6,1),(62,'2008-07-28 00:00:00',4,2030,6,3),(63,'2008-07-28 00:00:00',-1.2,2030,6,2),(64,'2008-07-28 00:00:00',1.2,2030,6,4),(65,'2008-07-28 00:00:00',1.7,2055,6,1),(66,'2008-07-28 00:00:00',9.5,2055,6,3),(67,'2008-07-28 00:00:00',-2.9,2055,6,2),(68,'2008-07-28 00:00:00',2.9,2055,6,4),(69,'2008-07-28 00:00:00',2.3,2070,6,1),(70,'2008-07-28 00:00:00',13.2,2070,6,3),(71,'2008-07-28 00:00:00',-4.1,2070,6,2),(72,'2008-07-28 00:00:00',4,2070,6,4),(73,'2008-07-28 00:00:00',1.1,2030,7,1),(74,'2008-07-28 00:00:00',-4.5,2030,7,3),(75,'2008-07-28 00:00:00',-1.6,2030,7,2),(76,'2008-07-28 00:00:00',-2.2,2030,7,4),(77,'2008-07-28 00:00:00',2,2055,7,1),(78,'2008-07-28 00:00:00',-8.5,2055,7,3),(79,'2008-07-28 00:00:00',-3.1,2055,7,2),(80,'2008-07-28 00:00:00',-4.2,2055,7,4),(81,'2008-07-28 00:00:00',2.6,2070,7,1),(82,'2008-07-28 00:00:00',-10.8,2070,7,3),(83,'2008-07-28 00:00:00',-3.9,2070,7,2),(84,'2008-07-28 00:00:00',-5.3,2070,7,4),(85,'2008-07-28 00:00:00',1,2030,8,1),(86,'2008-07-28 00:00:00',-4.4,2030,8,3),(87,'2008-07-28 00:00:00',-1.6,2030,8,2),(88,'2008-07-28 00:00:00',-2.1,2030,8,4),(89,'2008-07-28 00:00:00',2.5,2055,8,1),(90,'2008-07-28 00:00:00',-10.6,2055,8,3),(91,'2008-07-28 00:00:00',-3.8,2055,8,2),(92,'2008-07-28 00:00:00',-5.2,2055,8,4),(93,'2008-07-28 00:00:00',3.5,2070,8,1),(94,'2008-07-28 00:00:00',-14.7,2070,8,3),(95,'2008-07-28 00:00:00',-5.3,2070,8,2),(96,'2008-07-28 00:00:00',-7.2,2070,8,4),(97,'2008-07-28 00:00:00',1,2030,9,1),(98,'2008-07-28 00:00:00',-4.1,2030,9,3),(99,'2008-07-28 00:00:00',-2.7,2030,9,2),(100,'2008-07-28 00:00:00',-0.8,2030,9,4),(101,'2008-07-28 00:00:00',1.9,2055,9,1),(102,'2008-07-28 00:00:00',-7.7,2055,9,3),(103,'2008-07-28 00:00:00',-5,2055,9,2),(104,'2008-07-28 00:00:00',-1.6,2055,9,4),(105,'2008-07-28 00:00:00',2.4,2070,9,1),(106,'2008-07-28 00:00:00',-9.8,2070,9,3),(107,'2008-07-28 00:00:00',-6.4,2070,9,2),(108,'2008-07-28 00:00:00',-2,2070,9,4),(109,'2008-07-28 00:00:00',1,2030,10,1),(110,'2008-07-28 00:00:00',-4,2030,10,3),(111,'2008-07-28 00:00:00',-2.6,2030,10,2),(112,'2008-07-28 00:00:00',-0.8,2030,10,4),(113,'2008-07-28 00:00:00',2.4,2055,10,1),(114,'2008-07-28 00:00:00',-9.6,2055,10,3),(115,'2008-07-28 00:00:00',-6.3,2055,10,2),(116,'2008-07-28 00:00:00',-2,2055,10,4),(117,'2008-07-28 00:00:00',3.3,2070,10,1),(118,'2008-07-28 00:00:00',-13.3,2070,10,3),(119,'2008-07-28 00:00:00',-8.7,2070,10,2),(120,'2008-07-28 00:00:00',-2.7,2070,10,4),(121,'2008-07-28 00:00:00',0.6,2030,11,1),(122,'2008-07-28 00:00:00',2,2030,11,3),(123,'2008-07-28 00:00:00',0.1,2030,11,2),(124,'2008-07-28 00:00:00',0.2,2030,11,4),(125,'2008-07-28 00:00:00',1.2,2055,11,1),(126,'2008-07-28 00:00:00',3.7,2055,11,3),(127,'2008-07-28 00:00:00',0.2,2055,11,2),(128,'2008-07-28 00:00:00',0.3,2055,11,4),(129,'2008-07-28 00:00:00',1.5,2070,11,1),(130,'2008-07-28 00:00:00',4.6,2070,11,3),(131,'2008-07-28 00:00:00',0.2,2070,11,2),(132,'2008-07-28 00:00:00',0.4,2070,11,4),(133,'2008-07-28 00:00:00',0.6,2030,12,1),(134,'2008-07-28 00:00:00',1.9,2030,12,3),(135,'2008-07-28 00:00:00',0.1,2030,12,2),(136,'2008-07-28 00:00:00',0.2,2030,12,4),(137,'2008-07-28 00:00:00',1.5,2055,12,1),(138,'2008-07-28 00:00:00',4.6,2055,12,3),(139,'2008-07-28 00:00:00',0.2,2055,12,2),(140,'2008-07-28 00:00:00',0.4,2055,12,4),(141,'2008-07-28 00:00:00',2,2070,12,1),(142,'2008-07-28 00:00:00',6.3,2070,12,3),(143,'2008-07-28 00:00:00',0.3,2070,12,2),(144,'2008-07-28 00:00:00',0.6,2070,12,4),(145,'2008-07-28 00:00:00',1.1,2030,13,1),(146,'2008-07-28 00:00:00',-6.2,2030,13,3),(147,'2008-07-28 00:00:00',-1.5,2030,13,2),(148,'2008-07-28 00:00:00',-1.5,2030,13,4),(149,'2008-07-28 00:00:00',2.1,2055,13,1),(150,'2008-07-28 00:00:00',-11.6,2055,13,3),(151,'2008-07-28 00:00:00',-2.8,2055,13,2),(152,'2008-07-28 00:00:00',-2.9,2055,13,4),(153,'2008-07-28 00:00:00',2.6,2070,13,1),(154,'2008-07-28 00:00:00',-14.7,2070,13,3),(155,'2008-07-28 00:00:00',-3.6,2070,13,2),(156,'2008-07-28 00:00:00',-3.7,2070,13,4),(157,'2008-07-28 00:00:00',1.1,2030,14,1),(158,'2008-07-28 00:00:00',-6,2030,14,3),(159,'2008-07-28 00:00:00',-1.5,2030,14,2),(160,'2008-07-28 00:00:00',-1.5,2030,14,4),(161,'2008-07-28 00:00:00',2.6,2055,14,1),(162,'2008-07-28 00:00:00',-14.5,2055,14,3),(163,'2008-07-28 00:00:00',-3.5,2055,14,2),(164,'2008-07-28 00:00:00',-3.6,2055,14,4),(165,'2008-07-28 00:00:00',3.6,2070,14,1),(166,'2008-07-28 00:00:00',-20.1,2070,14,3),(167,'2008-07-28 00:00:00',-4.9,2070,14,2),(168,'2008-07-28 00:00:00',-5,2070,14,4),(169,'2008-07-28 00:00:00',0.7,2030,15,1),(170,'2008-07-28 00:00:00',-6.7,2030,15,3),(171,'2008-07-28 00:00:00',1.1,2030,15,2),(172,'2008-07-28 00:00:00',-0.9,2030,15,4),(173,'2008-07-28 00:00:00',1.2,2055,15,1),(174,'2008-07-28 00:00:00',-12.6,2055,15,3),(175,'2008-07-28 00:00:00',2.1,2055,15,2),(176,'2008-07-28 00:00:00',-1.8,2055,15,4),(177,'2008-07-28 00:00:00',2.6,2070,15,1),(178,'2008-07-28 00:00:00',-16,2070,15,3),(179,'2008-07-28 00:00:00',2.6,2070,15,2),(180,'2008-07-28 00:00:00',-2.3,2070,15,4),(181,'2008-07-28 00:00:00',0.6,2030,16,1),(182,'2008-07-28 00:00:00',-6.5,2030,16,3),(183,'2008-07-28 00:00:00',1.1,2030,16,2),(184,'2008-07-28 00:00:00',-0.9,2030,16,4),(185,'2008-07-28 00:00:00',1.5,2055,16,1),(186,'2008-07-28 00:00:00',-15.7,2055,16,3),(187,'2008-07-28 00:00:00',2.6,2055,16,2),(188,'2008-07-28 00:00:00',-2.2,2055,16,4),(189,'2008-07-28 00:00:00',2.1,2070,16,1),(190,'2008-07-28 00:00:00',-21.7,2070,16,3),(191,'2008-07-28 00:00:00',3.6,2070,16,2),(192,'2008-07-28 00:00:00',-3.1,2070,16,4),(193,'2008-07-28 00:00:00',0.9,2030,17,1),(194,'2008-07-28 00:00:00',0.8,2030,17,3),(195,'2008-07-28 00:00:00',0.3,2030,17,2),(196,'2008-07-28 00:00:00',-0.2,2030,17,4),(197,'2008-07-28 00:00:00',1.7,2055,17,1),(198,'2008-07-28 00:00:00',1.4,2055,17,3),(199,'2008-07-28 00:00:00',0.5,2055,17,2),(200,'2008-07-28 00:00:00',-0.3,2055,17,4),(201,'2008-07-28 00:00:00',2.1,2070,17,1),(202,'2008-07-28 00:00:00',1.8,2070,17,3),(203,'2008-07-28 00:00:00',0.6,2070,17,2),(204,'2008-07-28 00:00:00',-0.4,2070,17,4),(205,'2008-07-28 00:00:00',0.9,2030,18,1),(206,'2008-07-28 00:00:00',0.7,2030,18,3),(207,'2008-07-28 00:00:00',0.3,2030,18,2),(208,'2008-07-28 00:00:00',-0.2,2030,18,4),(209,'2008-07-28 00:00:00',2.1,2055,18,1),(210,'2008-07-28 00:00:00',1.8,2055,18,3),(211,'2008-07-28 00:00:00',0.6,2055,18,2),(212,'2008-07-28 00:00:00',-0.4,2055,18,4),(213,'2008-07-28 00:00:00',2.9,2070,18,1),(214,'2008-07-28 00:00:00',2.5,2070,18,3),(215,'2008-07-28 00:00:00',0.9,2070,18,2),(216,'2008-07-28 00:00:00',-0.6,2070,18,4);
/*!40000 ALTER TABLE `csiro_data` ENABLE KEYS */;
UNLOCK TABLES;

--
-- Table structure for table `csiro_data_baseline`
--

DROP TABLE IF EXISTS `csiro_data_baseline`;
/*!40101 SET @saved_cs_client     = @@character_set_client */;
/*!40101 SET character_set_client = utf8 */;
CREATE TABLE `csiro_data_baseline` (
  `id` int(11) NOT NULL AUTO_INCREMENT,
  `creation_date` datetime DEFAULT NULL,
  `value` double DEFAULT NULL,
  `region_id` int(11) DEFAULT NULL,
  `climate_variable_id` int(11) DEFAULT NULL,
  PRIMARY KEY (`id`),
  KEY `FKE24548B1B7D2D10B` (`climate_variable_id`),
  KEY `FKE24548B13365D05` (`region_id`),
  CONSTRAINT `FKE24548B13365D05` FOREIGN KEY (`region_id`) REFERENCES `region` (`id`),
  CONSTRAINT `FKE24548B1B7D2D10B` FOREIGN KEY (`climate_variable_id`) REFERENCES `csiro_variable` (`id`)
) ENGINE=InnoDB AUTO_INCREMENT=13 DEFAULT CHARSET=latin1;
/*!40101 SET character_set_client = @saved_cs_client */;

--
-- Dumping data for table `csiro_data_baseline`
--

LOCK TABLES `csiro_data_baseline` WRITE;
/*!40000 ALTER TABLE `csiro_data_baseline` DISABLE KEYS */;
INSERT INTO `csiro_data_baseline` VALUES (1,'2008-07-28 00:00:00',16.1,1,1),(2,'2008-07-28 00:00:00',4.6,1,2),(3,'2008-07-28 00:00:00',1029.8,1,3),(4,'2008-07-28 00:00:00',74.8,1,4),(5,'2008-07-28 00:00:00',12.8,2,1),(6,'2008-07-28 00:00:00',5.3,2,2),(7,'2008-07-28 00:00:00',870,2,3),(8,'2008-07-28 00:00:00',71.3,2,4),(9,'2008-07-28 00:00:00',17.6,3,1),(10,'2008-07-28 00:00:00',5.4,3,2),(11,'2008-07-28 00:00:00',441.4,3,3),(12,'2008-07-28 00:00:00',59.2,3,4);
/*!40000 ALTER TABLE `csiro_data_baseline` ENABLE KEYS */;
UNLOCK TABLES;

--
-- Table structure for table `csiro_variable`
--

DROP TABLE IF EXISTS `csiro_variable`;
/*!40101 SET @saved_cs_client     = @@character_set_client */;
/*!40101 SET character_set_client = utf8 */;
CREATE TABLE `csiro_variable` (
  `id` int(11) NOT NULL AUTO_INCREMENT,
  `description` varchar(255) DEFAULT NULL,
  `name` varchar(255) DEFAULT NULL,
  `short_name` varchar(255) DEFAULT NULL,
  `uom` varchar(255) DEFAULT NULL,
  `uom_variation` varchar(255) DEFAULT NULL,
  PRIMARY KEY (`id`)
) ENGINE=InnoDB AUTO_INCREMENT=6 DEFAULT CHARSET=latin1;
/*!40101 SET character_set_client = @saved_cs_client */;

--
-- Dumping data for table `csiro_variable`
--

LOCK TABLES `csiro_variable` WRITE;
/*!40000 ALTER TABLE `csiro_variable` DISABLE KEYS */;
INSERT INTO `csiro_variable` VALUES (1,'Forecasted hange of temperature from now','Temperature','T','&#8451;','&#8451;'),(2,'Forecasted wind speed','Wind speed','WS','km/h','%'),(3,'Forecasted rain fall','Rainfall','RF','mm/y','%'),(4,'Forecasted relative humidity','Relative humidity','RH','%','%'),(5,'Forecasted sea level rise','Sea Level Rise','SLR','mm','%');
/*!40000 ALTER TABLE `csiro_variable` ENABLE KEYS */;
UNLOCK TABLES;

--
-- Table structure for table `data_element`
--

DROP TABLE IF EXISTS `data_element`;
/*!40101 SET @saved_cs_client     = @@character_set_client */;
/*!40101 SET character_set_client = utf8 */;
CREATE TABLE `data_element` (
  `type` varchar(31) NOT NULL,
  `id` int(11) NOT NULL AUTO_INCREMENT,
  `creation_date` datetime DEFAULT NULL,
  `display_type` varchar(255) DEFAULT NULL,
  `included` bit(1) DEFAULT NULL,
  `name` varchar(255) DEFAULT NULL,
  `position` int(11) DEFAULT NULL,
  `content` longblob,
  `filetype` varchar(255) DEFAULT NULL,
  `pictures_included` bit(1) DEFAULT NULL,
  `text` longtext,
  `user_story_id` int(11) DEFAULT NULL,
  `weather_event` int(11) DEFAULT NULL,
  PRIMARY KEY (`id`),
  KEY `FK74B46B672F7FE520` (`weather_event`),
  KEY `FK74B46B67994A1ED8` (`user_story_id`),
  CONSTRAINT `FK74B46B67994A1ED8` FOREIGN KEY (`user_story_id`) REFERENCES `user_story` (`id`),
  CONSTRAINT `FK74B46B672F7FE520` FOREIGN KEY (`weather_event`) REFERENCES `weather_event` (`id`)
) ENGINE=InnoDB DEFAULT CHARSET=latin1;
/*!40101 SET character_set_client = @saved_cs_client */;

--
-- Dumping data for table `data_element`
--

LOCK TABLES `data_element` WRITE;
/*!40000 ALTER TABLE `data_element` DISABLE KEYS */;
/*!40000 ALTER TABLE `data_element` ENABLE KEYS */;
UNLOCK TABLES;

--
-- Table structure for table `data_element_abs_data`
--

DROP TABLE IF EXISTS `data_element_abs_data`;
/*!40101 SET @saved_cs_client     = @@character_set_client */;
/*!40101 SET character_set_client = utf8 */;
CREATE TABLE `data_element_abs_data` (
  `data_element_id` int(11) NOT NULL,
  `abs_data_id` int(11) NOT NULL,
  KEY `FKFD21512F12C92CDE` (`data_element_id`),
  KEY `FKFD21512FBE7C83D4` (`abs_data_id`),
  CONSTRAINT `FKFD21512FBE7C83D4` FOREIGN KEY (`abs_data_id`) REFERENCES `abs_data` (`id`),
  CONSTRAINT `FKFD21512F12C92CDE` FOREIGN KEY (`data_element_id`) REFERENCES `data_element` (`id`)
) ENGINE=InnoDB DEFAULT CHARSET=latin1;
/*!40101 SET character_set_client = @saved_cs_client */;

--
-- Dumping data for table `data_element_abs_data`
--

LOCK TABLES `data_element_abs_data` WRITE;
/*!40000 ALTER TABLE `data_element_abs_data` DISABLE KEYS */;
/*!40000 ALTER TABLE `data_element_abs_data` ENABLE KEYS */;
UNLOCK TABLES;

--
-- Table structure for table `data_element_acorn_sat_data`
--

DROP TABLE IF EXISTS `data_element_acorn_sat_data`;
/*!40101 SET @saved_cs_client     = @@character_set_client */;
/*!40101 SET character_set_client = utf8 */;
CREATE TABLE `data_element_acorn_sat_data` (
  `data_element_id` int(11) NOT NULL,
  `acorn_sat_data_id` int(11) NOT NULL,
  KEY `FK11EB58316ACE14B7` (`data_element_id`),
  KEY `FK11EB5831EC94D333` (`acorn_sat_data_id`),
  CONSTRAINT `FK11EB5831EC94D333` FOREIGN KEY (`acorn_sat_data_id`) REFERENCES `acorn_sat_data` (`id`),
  CONSTRAINT `FK11EB58316ACE14B7` FOREIGN KEY (`data_element_id`) REFERENCES `data_element` (`id`)
) ENGINE=InnoDB DEFAULT CHARSET=latin1;
/*!40101 SET character_set_client = @saved_cs_client */;

--
-- Dumping data for table `data_element_acorn_sat_data`
--

LOCK TABLES `data_element_acorn_sat_data` WRITE;
/*!40000 ALTER TABLE `data_element_acorn_sat_data` DISABLE KEYS */;
/*!40000 ALTER TABLE `data_element_acorn_sat_data` ENABLE KEYS */;
UNLOCK TABLES;

--
-- Table structure for table `data_element_bitre_data`
--

DROP TABLE IF EXISTS `data_element_bitre_data`;
/*!40101 SET @saved_cs_client     = @@character_set_client */;
/*!40101 SET character_set_client = utf8 */;
CREATE TABLE `data_element_bitre_data` (
  `data_element_id` int(11) NOT NULL,
  `bitre_data_id` int(11) NOT NULL,
  KEY `FK92C34061525894B0` (`bitre_data_id`),
  KEY `FK92C34061ED5D362C` (`data_element_id`),
  CONSTRAINT `FK92C34061ED5D362C` FOREIGN KEY (`data_element_id`) REFERENCES `data_element` (`id`),
  CONSTRAINT `FK92C34061525894B0` FOREIGN KEY (`bitre_data_id`) REFERENCES `bitre_data` (`id`)
) ENGINE=InnoDB DEFAULT CHARSET=latin1;
/*!40101 SET character_set_client = @saved_cs_client */;

--
-- Dumping data for table `data_element_bitre_data`
--

LOCK TABLES `data_element_bitre_data` WRITE;
/*!40000 ALTER TABLE `data_element_bitre_data` DISABLE KEYS */;
/*!40000 ALTER TABLE `data_element_bitre_data` ENABLE KEYS */;
UNLOCK TABLES;

--
-- Table structure for table `data_element_cmar_data`
--

DROP TABLE IF EXISTS `data_element_cmar_data`;
/*!40101 SET @saved_cs_client     = @@character_set_client */;
/*!40101 SET character_set_client = utf8 */;
CREATE TABLE `data_element_cmar_data` (
  `data_element_id` int(11) NOT NULL,
  `cmar_data_id` int(11) NOT NULL,
  KEY `FKAE352C76719E52B5` (`data_element_id`),
  KEY `FKAE352C76CB8CE91C` (`cmar_data_id`),
  CONSTRAINT `FKAE352C76CB8CE91C` FOREIGN KEY (`cmar_data_id`) REFERENCES `cmar_data` (`id`),
  CONSTRAINT `FKAE352C76719E52B5` FOREIGN KEY (`data_element_id`) REFERENCES `data_element` (`id`)
) ENGINE=InnoDB DEFAULT CHARSET=latin1;
/*!40101 SET character_set_client = @saved_cs_client */;

--
-- Dumping data for table `data_element_cmar_data`
--

LOCK TABLES `data_element_cmar_data` WRITE;
/*!40000 ALTER TABLE `data_element_cmar_data` DISABLE KEYS */;
/*!40000 ALTER TABLE `data_element_cmar_data` ENABLE KEYS */;
UNLOCK TABLES;

--
-- Table structure for table `data_element_csiro_data`
--

DROP TABLE IF EXISTS `data_element_csiro_data`;
/*!40101 SET @saved_cs_client     = @@character_set_client */;
/*!40101 SET character_set_client = utf8 */;
CREATE TABLE `data_element_csiro_data` (
  `data_element_id` int(11) NOT NULL,
  `csiro_data_id` int(11) NOT NULL,
  KEY `FKEC1C902BED6FB022` (`data_element_id`),
  KEY `FKEC1C902B505D479C` (`csiro_data_id`),
  CONSTRAINT `FKEC1C902B505D479C` FOREIGN KEY (`csiro_data_id`) REFERENCES `csiro_data` (`id`),
  CONSTRAINT `FKEC1C902BED6FB022` FOREIGN KEY (`data_element_id`) REFERENCES `data_element` (`id`)
) ENGINE=InnoDB DEFAULT CHARSET=latin1;
/*!40101 SET character_set_client = @saved_cs_client */;

--
-- Dumping data for table `data_element_csiro_data`
--

LOCK TABLES `data_element_csiro_data` WRITE;
/*!40000 ALTER TABLE `data_element_csiro_data` DISABLE KEYS */;
/*!40000 ALTER TABLE `data_element_csiro_data` ENABLE KEYS */;
UNLOCK TABLES;

--
-- Table structure for table `data_element_engineering_model_data`
--

DROP TABLE IF EXISTS `data_element_engineering_model_data`;
/*!40101 SET @saved_cs_client     = @@character_set_client */;
/*!40101 SET character_set_client = utf8 */;
CREATE TABLE `data_element_engineering_model_data` (
  `data_element_id` int(11) NOT NULL,
  `engineering_model_data_id` int(11) NOT NULL,
  KEY `FK610A3B8437160FB9` (`engineering_model_data_id`),
  KEY `FK610A3B84354219F0` (`data_element_id`),
  CONSTRAINT `FK610A3B84354219F0` FOREIGN KEY (`data_element_id`) REFERENCES `data_element` (`id`),
  CONSTRAINT `FK610A3B8437160FB9` FOREIGN KEY (`engineering_model_data_id`) REFERENCES `engineering_model_data` (`id`)
) ENGINE=InnoDB DEFAULT CHARSET=latin1;
/*!40101 SET character_set_client = @saved_cs_client */;

--
-- Dumping data for table `data_element_engineering_model_data`
--

LOCK TABLES `data_element_engineering_model_data` WRITE;
/*!40000 ALTER TABLE `data_element_engineering_model_data` DISABLE KEYS */;
/*!40000 ALTER TABLE `data_element_engineering_model_data` ENABLE KEYS */;
UNLOCK TABLES;

--
-- Table structure for table `data_element_past_data`
--

DROP TABLE IF EXISTS `data_element_past_data`;
/*!40101 SET @saved_cs_client     = @@character_set_client */;
/*!40101 SET character_set_client = utf8 */;
CREATE TABLE `data_element_past_data` (
  `data_element_id` int(11) NOT NULL,
  `past_data_id` int(11) NOT NULL,
  KEY `FK12BA90DF71A410AC` (`data_element_id`),
  KEY `FK12BA90DF7504AA8A` (`past_data_id`),
  CONSTRAINT `FK12BA90DF7504AA8A` FOREIGN KEY (`past_data_id`) REFERENCES `past_data` (`id`),
  CONSTRAINT `FK12BA90DF71A410AC` FOREIGN KEY (`data_element_id`) REFERENCES `data_element` (`id`)
) ENGINE=InnoDB DEFAULT CHARSET=latin1;
/*!40101 SET character_set_client = @saved_cs_client */;

--
-- Dumping data for table `data_element_past_data`
--

LOCK TABLES `data_element_past_data` WRITE;
/*!40000 ALTER TABLE `data_element_past_data` DISABLE KEYS */;
/*!40000 ALTER TABLE `data_element_past_data` ENABLE KEYS */;
UNLOCK TABLES;

--
-- Table structure for table `engineering_model_asset`
--

DROP TABLE IF EXISTS `engineering_model_asset`;
/*!40101 SET @saved_cs_client     = @@character_set_client */;
/*!40101 SET character_set_client = utf8 */;
CREATE TABLE `engineering_model_asset` (
  `id` int(11) NOT NULL AUTO_INCREMENT,
  `asset_code` varchar(255) DEFAULT NULL,
  `carbonation_class` varchar(255) DEFAULT NULL,
  `ce` double DEFAULT NULL,
  `chloride_class` varchar(255) DEFAULT NULL,
  `cover` double DEFAULT NULL,
  `dbar` double DEFAULT NULL,
  `description` varchar(255) DEFAULT NULL,
  `distance_from_coast` double DEFAULT NULL,
  `dmember` double DEFAULT NULL,
  `exposure_class` varchar(255) DEFAULT NULL,
  `fprimec` double DEFAULT NULL,
  `wc` double DEFAULT NULL,
  `year_built` int(11) NOT NULL,
  `zone` varchar(255) DEFAULT NULL,
  PRIMARY KEY (`id`)
) ENGINE=InnoDB DEFAULT CHARSET=latin1;
/*!40101 SET character_set_client = @saved_cs_client */;

--
-- Dumping data for table `engineering_model_asset`
--

LOCK TABLES `engineering_model_asset` WRITE;
/*!40000 ALTER TABLE `engineering_model_asset` DISABLE KEYS */;
/*!40000 ALTER TABLE `engineering_model_asset` ENABLE KEYS */;
UNLOCK TABLES;

--
-- Table structure for table `engineering_model_data`
--

DROP TABLE IF EXISTS `engineering_model_data`;
/*!40101 SET @saved_cs_client     = @@character_set_client */;
/*!40101 SET character_set_client = utf8 */;
CREATE TABLE `engineering_model_data` (
  `id` int(11) NOT NULL AUTO_INCREMENT,
  `data` text,
  `engineering_model_asset_id` int(11) DEFAULT NULL,
  `climate_params_id` int(11) DEFAULT NULL,
  `engineering_model_variable_id` int(11) DEFAULT NULL,
  PRIMARY KEY (`id`),
  KEY `FK4C7EABAC201EEBA` (`climate_params_id`),
  KEY `FK4C7EABACD1BF0EF9` (`engineering_model_variable_id`),
  KEY `FK4C7EABAC2AA35D5B` (`engineering_model_asset_id`),
  CONSTRAINT `FK4C7EABAC2AA35D5B` FOREIGN KEY (`engineering_model_asset_id`) REFERENCES `engineering_model_asset` (`id`),
  CONSTRAINT `FK4C7EABAC201EEBA` FOREIGN KEY (`climate_params_id`) REFERENCES `climate_params` (`id`),
  CONSTRAINT `FK4C7EABACD1BF0EF9` FOREIGN KEY (`engineering_model_variable_id`) REFERENCES `engineering_model_variable` (`id`)
) ENGINE=InnoDB DEFAULT CHARSET=latin1;
/*!40101 SET character_set_client = @saved_cs_client */;

--
-- Dumping data for table `engineering_model_data`
--

LOCK TABLES `engineering_model_data` WRITE;
/*!40000 ALTER TABLE `engineering_model_data` DISABLE KEYS */;
/*!40000 ALTER TABLE `engineering_model_data` ENABLE KEYS */;
UNLOCK TABLES;

--
-- Table structure for table `engineering_model_variable`
--

DROP TABLE IF EXISTS `engineering_model_variable`;
/*!40101 SET @saved_cs_client     = @@character_set_client */;
/*!40101 SET character_set_client = utf8 */;
CREATE TABLE `engineering_model_variable` (
  `id` int(11) NOT NULL AUTO_INCREMENT,
  `description` varchar(255) DEFAULT NULL,
  `name` varchar(255) DEFAULT NULL,
  `short_name` varchar(255) DEFAULT NULL,
  `uom` varchar(255) DEFAULT NULL,
  `uom_variation` varchar(255) DEFAULT NULL,
  `category` varchar(255) DEFAULT NULL,
  PRIMARY KEY (`id`)
) ENGINE=InnoDB AUTO_INCREMENT=17 DEFAULT CHARSET=latin1;
/*!40101 SET character_set_client = @saved_cs_client */;

--
-- Dumping data for table `engineering_model_variable`
--

LOCK TABLES `engineering_model_variable` WRITE;
/*!40000 ALTER TABLE `engineering_model_variable` DISABLE KEYS */;
INSERT INTO `engineering_model_variable` VALUES (1,'Corrosion initiation of reinforcing bar probability','Corrosion initiation of reinforcing bar probability','Pint','','%','Chloride'),(2,'Change in chloride concentration at concrete cover depth','Change in chloride concentration at concrete cover depth','C(h,t)','kg/m','%','Chloride'),(3,'Change in corrosion rate of reinforcing bar','Change in corrosion rate of reinforcing bar','icorr (t)','A/cm','%','Chloride'),(4,'Corrosion initiation time','Corrosion initiation time','ti','yr','%','Chloride'),(5,'Crack propagation time','Crack propagation time','tp','yr','%','Chloride'),(6,'Time to severe cracking (1mm crack width)','Time to severe cracking (1mm crack width)','tcr','yr','%','Chloride'),(7,'Chloride induced corrosion probability to severe cracking','Chloride induced corrosion probability to severe cracking','Pinit x Pcrack','','%','Chloride'),(8,'Reduction or loss in reinforcing bar','Reduction or loss in reinforcing bar','Rebar loss','mm','%','Chloride'),(9,'Corrosion initiation of reinforcing bar probability ','Corrosion initiation of reinforcing bar probability','Pint','','%','Carbonation'),(10,'Change in carbonation depth','Change in carbonation depth','Delta xc(t\')','mm','%','Carbonation'),(11,'Change in corrosion rate of reinforcing bar','Change in corrosion rate of reinforcing bar','icorr(t\')','A/cm','%','Carbonation'),(12,'Corrosion initiation time','Corrosion initiation time','ti','yr','%','Carbonation'),(13,'Crack propagation time','Crack propagation time','tp','yr','%','Carbonation'),(14,'Time to severe cracking (1mm crack width)','Time to severe cracking (1mm crack width)','tcr','yr','%','Carbonation'),(15,'Carbonation induced corrosion probability to severe cracking','Carbonation induced corrosion probability to severe cracking','Pinit x Pcrack','','%','Carbonation'),(16,'Reduction or loss in reinforcing bar','Reduction or loss in reinforcing bar','Rebar loss','mm','%','Carbonation');
/*!40000 ALTER TABLE `engineering_model_variable` ENABLE KEYS */;
UNLOCK TABLES;

--
-- Table structure for table `past_data`
--

DROP TABLE IF EXISTS `past_data`;
/*!40101 SET @saved_cs_client     = @@character_set_client */;
/*!40101 SET character_set_client = utf8 */;
CREATE TABLE `past_data` (
  `id` int(11) NOT NULL AUTO_INCREMENT,
  `creation_date` datetime DEFAULT NULL,
  `period_end` datetime DEFAULT NULL,
  `period_start` datetime DEFAULT NULL,
  `picture` varchar(255) DEFAULT NULL,
  `source_url` varchar(255) DEFAULT NULL,
  `title` varchar(255) DEFAULT NULL,
  PRIMARY KEY (`id`)
) ENGINE=InnoDB AUTO_INCREMENT=6 DEFAULT CHARSET=latin1;
/*!40101 SET character_set_client = @saved_cs_client */;

--
-- Dumping data for table `past_data`
--

LOCK TABLES `past_data` WRITE;
/*!40000 ALTER TABLE `past_data` DISABLE KEYS */;
INSERT INTO `past_data` VALUES (1,'2013-06-20 09:55:59','2012-01-01 00:00:00','1970-01-01 00:00:00','trend-mean-temp','http://www.bom.gov.au/cgi-bin/climate/change/trendmaps.cgi?map=tmean&area=aus&season=0112&period=1970','Trend in mean temperatures'),(2,'2013-06-20 09:55:59','2012-01-01 00:00:00','1970-01-01 00:00:00','trend-max-temp','http://www.bom.gov.au/cgi-bin/climate/change/trendmaps.cgi?map=tmax&area=aus&season=0112&period=1970','Trend in maximum temperatures'),(3,'2013-06-20 09:55:59','2012-01-01 00:00:00','1970-01-01 00:00:00','trend-rainfall','http://www.bom.gov.au/cgi-bin/climate/change/trendmaps.cgi?map=rain&area=aus&season=0112&period=1970','Trend in total annual rainfall'),(4,'2013-06-20 09:55:59','2012-01-01 00:00:00','1880-01-01 00:00:00','long-term-slr','http://www.cmar.csiro.au/sealevel/sl_hist_few_hundred.html','Long-term sea level rise measurements'),(5,'2013-06-20 09:55:59','2011-01-01 00:00:00','1970-01-01 00:00:00','short-term-slr','http://www.csiro.au/Outcomes/Climate/Understanding/State-of-the-Climate-2012.aspx','Shorter-term changes in sea level');
/*!40000 ALTER TABLE `past_data` ENABLE KEYS */;
UNLOCK TABLES;

--
-- Table structure for table `region`
--

DROP TABLE IF EXISTS `region`;
/*!40101 SET @saved_cs_client     = @@character_set_client */;
/*!40101 SET character_set_client = utf8 */;
CREATE TABLE `region` (
  `id` int(11) NOT NULL AUTO_INCREMENT,
  `coordinates` varchar(255) DEFAULT NULL,
  `name` varchar(255) DEFAULT NULL,
  PRIMARY KEY (`id`)
) ENGINE=InnoDB AUTO_INCREMENT=9 DEFAULT CHARSET=latin1;
/*!40101 SET character_set_client = @saved_cs_client */;

--
-- Dumping data for table `region`
--

LOCK TABLES `region` WRITE;
/*!40000 ALTER TABLE `region` DISABLE KEYS */;
INSERT INTO `region` VALUES (1,'149.0547914184899,-28.24548513942176 148.9609907444339,-35.25426489702431 155.2660617233398,-35.19627668034501 154.8867619045885,-27.90208550082615 149.0547914184899,-28.24548513942176','East Coast South'),(2,'145.3189141977523,-33.8991314327851 145.0790050622273,-39.34717405549549 153.0808752795217,-39.39167277749677 152.564341927145,-34.0115196362042 145.3189141977523,-33.8991314327851','Southern Slopes Vic East'),(3,'112.7632954156051,-26.52537830109324 112.2397686001995,-35.9640923319097 125.4390964302563,-36.01229549528745 124.759915381913,-26.54545205884348 112.7632954156051,-26.52537830109324','Southern and Southwestern Flatlands West'),(4,'','Monsoonal North'),(5,'','Wet Tropics'),(6,'','Rangelands'),(7,'','Central Slopes'),(8,'','Murray Basin');
/*!40000 ALTER TABLE `region` ENABLE KEYS */;
UNLOCK TABLES;

--
-- Table structure for table `seaport`
--

DROP TABLE IF EXISTS `seaport`;
/*!40101 SET @saved_cs_client     = @@character_set_client */;
/*!40101 SET character_set_client = utf8 */;
CREATE TABLE `seaport` (
  `code` varchar(255) NOT NULL,
  `name` varchar(255) DEFAULT NULL,
  `urban_center` varchar(255) DEFAULT NULL,
  `region_id` int(11) DEFAULT NULL,
  PRIMARY KEY (`code`),
  KEY `FK755195503365D05` (`region_id`),
  CONSTRAINT `FK755195503365D05` FOREIGN KEY (`region_id`) REFERENCES `region` (`id`)
) ENGINE=InnoDB DEFAULT CHARSET=latin1;
/*!40101 SET character_set_client = @saved_cs_client */;

--
-- Dumping data for table `seaport`
--

LOCK TABLES `seaport` WRITE;
/*!40000 ALTER TABLE `seaport` DISABLE KEYS */;
INSERT INTO `seaport` VALUES ('AUALH','Albany Port','Albany',3),('AUBSJ','Lakes Entrance','Bairnsdale',2),('AUBUY','Bunbury Port','Bunbury',3),('AUEPR','Esperance Ports',NULL,3),('AUFRE','Fremantle Ports','Perth',3),('AUGET','Geraldton Port','Geraldton',3),('AUNTL','Port of Newcastle','Newcastle',1),('AUPKL','Port Kembla','Wollongong',2),('AUQDN','Port of Eden',NULL,2),('AUSYD','Sydney Ports','Sydney',1),('AUWHL','Port Welshpool',NULL,2),('AUXMC','Port of Mallacoota',NULL,2),('AUYBA','Port of Yamba',NULL,1);
/*!40000 ALTER TABLE `seaport` ENABLE KEYS */;
UNLOCK TABLES;

--
-- Table structure for table `user`
--

DROP TABLE IF EXISTS `user`;
/*!40101 SET @saved_cs_client     = @@character_set_client */;
/*!40101 SET character_set_client = utf8 */;
CREATE TABLE `user` (
  `username` varchar(255) NOT NULL,
  `email` varchar(255) DEFAULT NULL,
  `enabled` bit(1) DEFAULT NULL,
  `firstname` varchar(255) DEFAULT NULL,
  `lastname` varchar(255) DEFAULT NULL,
  `nla_number` varchar(255) DEFAULT NULL,
  `non_locked` bit(1) DEFAULT NULL,
  `password` varchar(255) DEFAULT NULL,
  `roles` varchar(255) DEFAULT NULL,
  PRIMARY KEY (`username`)
) ENGINE=InnoDB DEFAULT CHARSET=latin1;
/*!40101 SET character_set_client = @saved_cs_client */;

--
-- Dumping data for table `user`
--

LOCK TABLES `user` WRITE;
/*!40000 ALTER TABLE `user` DISABLE KEYS */;
INSERT INTO `user` VALUES ('admin','email@company.com','','Admin','Admin',NULL,'','5e884898da28047151d0e56f8dc6292773603d0d6aabbdd62a11ef721d1542d8','ROLE_ADMIN'),('user','email@company.com','','User','User',NULL,'','5e884898da28047151d0e56f8dc6292773603d0d6aabbdd62a11ef721d1542d8','ROLE_USER');
/*!40000 ALTER TABLE `user` ENABLE KEYS */;
UNLOCK TABLES;

--
-- Table structure for table `user_story`
--

DROP TABLE IF EXISTS `user_story`;
/*!40101 SET @saved_cs_client     = @@character_set_client */;
/*!40101 SET character_set_client = utf8 */;
CREATE TABLE `user_story` (
  `id` int(11) NOT NULL AUTO_INCREMENT,
  `access` varchar(255) DEFAULT NULL,
  `creation_date` datetime DEFAULT NULL,
  `mode` varchar(255) DEFAULT NULL,
  `name` varchar(255) DEFAULT NULL,
  `publish_date` datetime DEFAULT NULL,
  `purpose` varchar(255) DEFAULT NULL,
  `owner_login` varchar(255) DEFAULT NULL,
  `seaport_id` varchar(255) DEFAULT NULL,
  PRIMARY KEY (`id`),
  KEY `FK735303818FB9E94F` (`seaport_id`),
  KEY `FK73530381BFE5533` (`owner_login`),
  CONSTRAINT `FK73530381BFE5533` FOREIGN KEY (`owner_login`) REFERENCES `user` (`username`),
  CONSTRAINT `FK735303818FB9E94F` FOREIGN KEY (`seaport_id`) REFERENCES `seaport` (`code`)
) ENGINE=InnoDB DEFAULT CHARSET=latin1;
/*!40101 SET character_set_client = @saved_cs_client */;

--
-- Dumping data for table `user_story`
--

LOCK TABLES `user_story` WRITE;
/*!40000 ALTER TABLE `user_story` DISABLE KEYS */;
/*!40000 ALTER TABLE `user_story` ENABLE KEYS */;
UNLOCK TABLES;

--
-- Table structure for table `weather_event`
--

DROP TABLE IF EXISTS `weather_event`;
/*!40101 SET @saved_cs_client     = @@character_set_client */;
/*!40101 SET character_set_client = utf8 */;
CREATE TABLE `weather_event` (
  `id` int(11) NOT NULL AUTO_INCREMENT,
  `changes` varchar(255) DEFAULT NULL,
  `consequences_other` varchar(255) DEFAULT NULL,
  `consequences_rating` varchar(255) DEFAULT NULL,
  `direct` bit(1) DEFAULT NULL,
  `impact` varchar(255) DEFAULT NULL,
  `response_adequate` bit(1) DEFAULT NULL,
  `type` varchar(255) DEFAULT NULL,
  `year` int(11) DEFAULT NULL,
  PRIMARY KEY (`id`)
) ENGINE=InnoDB DEFAULT CHARSET=latin1;
/*!40101 SET character_set_client = @saved_cs_client */;

--
-- Dumping data for table `weather_event`
--

LOCK TABLES `weather_event` WRITE;
/*!40000 ALTER TABLE `weather_event` DISABLE KEYS */;
/*!40000 ALTER TABLE `weather_event` ENABLE KEYS */;
UNLOCK TABLES;
/*!40103 SET TIME_ZONE=@OLD_TIME_ZONE */;

/*!40101 SET SQL_MODE=@OLD_SQL_MODE */;
/*!40014 SET FOREIGN_KEY_CHECKS=@OLD_FOREIGN_KEY_CHECKS */;
/*!40014 SET UNIQUE_CHECKS=@OLD_UNIQUE_CHECKS */;
/*!40101 SET CHARACTER_SET_CLIENT=@OLD_CHARACTER_SET_CLIENT */;
/*!40101 SET CHARACTER_SET_RESULTS=@OLD_CHARACTER_SET_RESULTS */;
/*!40101 SET COLLATION_CONNECTION=@OLD_COLLATION_CONNECTION */;
/*!40111 SET SQL_NOTES=@OLD_SQL_NOTES */;

-- Dump completed on 2013-06-20  9:59:23
